日期	招商银行	美的集团
2013-01-04	5.41	
2013-01-07	5.47	
2013-01-08	5.46	
2013-01-09	5.39	
2013-01-10	5.42	
2013-01-11	5.2	
2013-01-14	5.68	
2013-01-15	5.63	
2013-01-16	5.4	
2013-01-17	5.15	
2013-01-18	5.28	
2013-01-21	5.45	
2013-01-22	5.81	
2013-01-23	5.81	
2013-01-24	5.53	
2013-01-25	5.36	
2013-01-28	5.97	
2013-01-29	6.32	
2013-01-30	6.14	
2013-01-31	6.07	
2013-02-01	6.48	
2013-02-04	6.3	
2013-02-05	6.15	
2013-02-06	6.13	
2013-02-07	5.93	
2013-02-08	5.85	
2013-02-18	5.77	
2013-02-19	5.67	
2013-02-20	5.68	
2013-02-21	5.28	
2013-02-22	5.02	
2013-02-25	4.99	
2013-02-26	4.71	
2013-02-27	4.82	
2013-02-28	5.22	
2013-03-01	5.02	
2013-03-04	4.34	
2013-03-05	5.27	
2013-03-06	5.34	
2013-03-07	5.05	
2013-03-08	5.24	
2013-03-11	5.06	
2013-03-12	4.88	
2013-03-13	4.68	
2013-03-14	4.68	
2013-03-15	4.59	
2013-03-18	4.52	
2013-03-19	4.62	
2013-03-20	5.08	
2013-03-21	5.07	
2013-03-22	5.07	
2013-03-25	4.94	
2013-03-26	4.7	
2013-03-27	4.76	
2013-03-28	4.22	
2013-03-29	4.65	
2013-04-01	4.45	
2013-04-02	4.59	
2013-04-03	4.78	
2013-04-08	4.63	
2013-04-09	4.61	
2013-04-10	4.48	
2013-04-11	4.44	
2013-04-12	4.35	
2013-04-15	4.32	
2013-04-16	4.41	
2013-04-17	4.25	
2013-04-18	4.25	
2013-04-19	4.64	
2013-04-22	4.61	
2013-04-23	4.23	
2013-04-24	4.36	
2013-04-25	4.3	
2013-04-26	4.24	
2013-05-02	4.19	
2013-05-03	4.41	
2013-05-06	4.56	
2013-05-07	4.53	
2013-05-08	4.53	
2013-05-09	4.39	
2013-05-10	4.75	
2013-05-13	5.12	
2013-05-14	5.24	
2013-05-15	5.46	
2013-05-16	5.7	
2013-05-17	5.69	
2013-05-20	5.69	
2013-05-21	5.45	
2013-05-22	5.8	
2013-05-23	5.4	
2013-05-24	5.39	
2013-05-27	5.29	
2013-05-28	5.61	
2013-05-29	5.48	
2013-05-30	5.45	
2013-05-31	5.45	
2013-06-03	5.62	
2013-06-04	5.6	
2013-06-05	5.27	
2013-06-06	5.11	
2013-06-07	5.11	
2013-06-13	4.92	
2013-06-14	4.82	
2013-06-17	4.73	
2013-06-18	4.82	
2013-06-19	4.63	
2013-06-20	4.19	
2013-06-21	4.4	
2013-06-24	3.73	
2013-06-25	3.73	
2013-06-26	3.5	
2013-06-27	3.73	
2013-06-28	4.3	
2013-07-01	4.12	
2013-07-02	3.97	
2013-07-03	4.09	
2013-07-04	4.0	
2013-07-05	4.02	
2013-07-08	3.82	
2013-07-09	3.93	
2013-07-10	4.07	
2013-07-11	4.77	
2013-07-12	4.32	
2013-07-15	4.35	
2013-07-16	4.33	
2013-07-17	4.13	
2013-07-18	3.95	
2013-07-19	3.73	
2013-07-22	3.67	
2013-07-23	3.84	
2013-07-24	3.71	
2013-07-25	3.65	
2013-07-26	3.57	
2013-07-29	3.36	
2013-07-30	3.52	
2013-07-31	3.45	
2013-08-01	3.68	
2013-08-02	3.63	
2013-08-05	3.67	
2013-08-06	3.59	
2013-08-07	3.56	
2013-08-08	3.58	
2013-08-09	3.53	
2013-08-12	3.84	
2013-08-13	3.92	
2013-08-14	3.92	
2013-08-15	3.83	
2013-08-16	3.79	
2013-08-19	3.9	
2013-08-20	3.82	
2013-08-21	3.73	
2013-08-22	3.72	
2013-08-23	3.42	
2013-08-26	3.54	
2013-08-27	3.5	
2013-09-05	3.71	
2013-09-06	3.94	
2013-09-09	4.63	
2013-09-10	4.68	
2013-09-11	4.67	
2013-09-12	4.96	
2013-09-13	4.87	
2013-09-16	4.7	
2013-09-17	4.24	
2013-09-18	4.2	2.56
2013-09-23	4.24	3.62
2013-09-24	3.93	3.19
2013-09-25	3.89	3.31
2013-09-26	3.81	2.76
2013-09-27	3.85	2.76
2013-09-30	3.97	2.83
2013-10-08	3.96	3.29
2013-10-09	4.01	3.21
2013-10-10	3.83	3.48
2013-10-11	3.99	3.44
2013-10-14	3.85	3.56
2013-10-15	3.78	3.34
2013-10-16	3.78	3.21
2013-10-17	3.65	3.19
2013-10-18	3.68	3.56
2013-10-21	3.81	4.06
2013-10-22	3.68	3.94
2013-10-23	3.73	3.59
2013-10-24	3.68	3.96
2013-10-25	3.66	4.02
2013-10-28	3.67	4.49
2013-10-29	3.9	4.34
2013-10-30	3.96	4.67
2013-10-31	3.79	4.2
2013-11-01	3.96	4.03
2013-11-04	3.85	4.09
2013-11-05	3.8	4.15
2013-11-06	3.67	3.76
2013-11-07	3.75	3.62
2013-11-08	3.63	3.47
2013-11-11	3.58	3.5
2013-11-12	3.73	3.66
2013-11-13	3.38	3.43
2013-11-14	3.31	3.56
2013-11-15	3.4	3.62
2013-11-18	4.39	3.8
2013-11-19	4.07	3.82
2013-11-20	4.0	3.74
2013-11-21	4.02	3.48
2013-11-22	4.03	3.72
2013-11-25	3.87	3.55
2013-11-26	3.88	3.88
2013-11-27	3.91	3.72
2013-11-28	3.98	4.01
2013-11-29	3.96	4.07
2013-12-02	4.19	3.6
2013-12-03	4.15	3.83
2013-12-04	4.18	4.08
2013-12-05	4.09	4.24
2013-12-06	4.03	4.2
2013-12-09	3.95	4.23
2013-12-10	4.14	4.54
2013-12-11	4.07	4.2
2013-12-12	3.97	4.44
2013-12-13	3.75	4.67
2013-12-16	3.67	4.6
2013-12-17	3.68	4.36
2013-12-18	3.84	4.76
2013-12-19	3.75	4.6
2013-12-20	3.38	5.1
2013-12-23	3.32	4.72
2013-12-24	3.22	4.84
2013-12-25	3.36	4.74
2013-12-26	3.2	4.22
2013-12-27	3.36	4.57
2013-12-30	3.65	4.5
2013-12-31	3.94	4.63
2014-01-02	3.78	4.34
2014-01-03	3.56	4.11
2014-01-06	3.51	3.72
2014-01-07	3.57	3.68
2014-01-08	3.68	
2014-01-09	3.75	
2014-01-10	3.85	
2014-01-13	3.93	3.7
2014-01-14	3.8	4.1
2014-01-15	3.64	4.2
2014-01-16	3.6	4.18
2014-01-17	3.62	3.8
2014-01-20	3.52	3.96
2014-01-21	3.58	3.83
2014-01-22	3.75	4.03
2014-01-23	3.57	4.2
2014-01-24	3.48	4.26
2014-01-27	3.38	3.92
2014-01-28	3.49	4.07
2014-01-29	3.56	4.04
2014-01-30	3.41	3.79
2014-02-07	3.38	3.48
2014-02-10	3.48	3.71
2014-02-11	3.62	3.55
2014-02-12	3.56	3.76
2014-02-13	3.58	3.6
2014-02-14	3.57	3.64
2014-02-17	3.56	3.7
2014-02-18	3.37	3.56
2014-02-19	3.56	3.58
2014-02-20	3.4	3.27
2014-02-21	3.37	3.22
2014-02-24	3.13	2.47
2014-02-25	2.99	2.05
2014-02-26	3.07	1.76
2014-02-27	3.07	1.47
2014-02-28	2.98	1.68
2014-03-03	2.87	1.94
2014-03-04	2.8	1.66
2014-03-05	2.68	1.64
2014-03-06	2.78	2.14
2014-03-07	2.73	2.09
2014-03-10	2.52	2.13
2014-03-11	2.54	2.43
2014-03-12	2.66	2.51
2014-03-13	2.72	2.44
2014-03-14	2.61	2.44
2014-03-17	2.64	2.76
2014-03-18	2.64	2.52
2014-03-19	2.6	2.24
2014-03-20	2.51	1.91
2014-03-21	2.89	2.19
2014-03-24	2.89	2.27
2014-03-25	2.84	2.35
2014-03-26	2.85	2.57
2014-03-27	2.84	2.53
2014-03-28	2.91	2.72
2014-03-31	2.87	3.32
2014-04-01	2.93	3.83
2014-04-02	3.02	3.64
2014-04-03	2.93	3.59
2014-04-04	3.0	3.56
2014-04-08	3.29	3.76
2014-04-09	3.23	3.79
2014-04-10	3.46	3.72
2014-04-11	3.44	4.07
2014-04-14	3.36	3.92
2014-04-15	3.11	3.54
2014-04-16	3.16	3.6
2014-04-17	3.14	3.65
2014-04-18	3.06	3.75
2014-04-21	2.89	3.56
2014-04-22	2.99	3.34
2014-04-23	2.98	3.59
2014-04-24	3.04	3.87
2014-04-25	3.12	3.83
2014-04-28	3.11	3.68
2014-04-29	3.16	3.83
2014-04-30	3.08	3.34
2014-05-05	2.99	3.53
2014-05-06	2.92	3.26
2014-05-07	2.91	2.96
2014-05-08	2.94	3.06
2014-05-09	2.96	3.25
2014-05-12	3.08	
2014-05-13	3.04	3.3
2014-05-14	3.04	3.35
2014-05-15	3.03	3.17
2014-05-16	3.08	3.23
2014-05-19	2.91	2.9
2014-05-20	2.93	2.89
2014-05-21	3.0	2.88
2014-05-22	3.01	3.0
2014-05-23	3.12	3.1
2014-05-26	3.13	3.16
2014-05-27	3.16	3.12
2014-05-28	3.25	3.38
2014-05-29	3.2	3.38
2014-05-30	3.2	3.44
2014-06-03	3.23	3.58
2014-06-04	3.15	3.38
2014-06-05	3.21	3.49
2014-06-06	3.05	3.5
2014-06-09	3.05	3.54
2014-06-10	3.2	4.0
2014-06-11	3.17	4.06
2014-06-12	3.12	4.12
2014-06-13	3.27	4.54
2014-06-16	3.44	4.56
2014-06-17	3.37	4.18
2014-06-18	3.3	4.05
2014-06-19	3.24	4.15
2014-06-20	3.26	4.08
2014-06-23	3.15	3.83
2014-06-24	3.23	4.01
2014-06-25	3.19	4.02
2014-06-26	3.29	4.28
2014-06-27	3.23	4.63
2014-06-30	3.29	4.71
2014-07-01	3.28	4.42
2014-07-02	3.31	4.7
2014-07-03	3.39	4.87
2014-07-04	3.39	4.87
2014-07-07	3.37	4.64
2014-07-08	3.42	4.74
2014-07-09	3.29	4.49
2014-07-10	3.31	4.4
2014-07-11	3.36	4.5
2014-07-14	3.42	4.57
2014-07-15	3.45	4.7
2014-07-16	3.46	4.51
2014-07-17	3.41	4.5
2014-07-18	3.46	4.67
2014-07-21	3.48	4.64
2014-07-22	3.65	4.7
2014-07-23	3.74	4.74
2014-07-24	4.01	5.23
2014-07-25	4.16	5.3
2014-07-28	4.64	5.85
2014-07-29	4.7	5.77
2014-07-30	4.66	5.67
2014-07-31	4.74	6.08
2014-08-01	4.69	6.14
2014-08-04	4.92	6.45
2014-08-05	4.85	6.33
2014-08-06	4.65	6.03
2014-08-07	4.41	5.78
2014-08-08	4.5	5.97
2014-08-11	4.75	6.03
2014-08-12	4.58	5.83
2014-08-13	4.5	5.88
2014-08-14	4.41	5.86
2014-08-15	4.46	5.93
2014-08-18	4.47	6.18
2014-08-19	4.45	6.43
2014-08-20	4.39	6.44
2014-08-21	4.27	6.4
2014-08-22	4.38	6.94
2014-08-25	4.25	6.75
2014-08-26	4.27	6.43
2014-08-27	4.24	6.57
2014-08-28	4.14	6.36
2014-08-29	4.23	6.5
2014-09-01	4.21	6.64
2014-09-02	4.36	6.74
2014-09-03	4.45	6.7
2014-09-04	4.5	6.52
2014-09-05	4.6	6.66
2014-09-09	4.47	6.48
2014-09-10	4.38	6.22
2014-09-11	4.3	6.13
2014-09-12	4.36	6.22
2014-09-15	4.29	5.86
2014-09-16	4.25	5.66
2014-09-17	4.25	5.76
2014-09-18	4.24	5.82
2014-09-19	4.29	5.7
2014-09-22	4.03	5.33
2014-09-23	4.06	5.43
2014-09-24	4.24	5.63
2014-09-25	4.17	5.68
2014-09-26	4.12	5.52
2014-09-29	4.07	5.04
2014-09-30	4.06	5.09
2014-10-08	4.12	5.36
2014-10-09	4.12	5.32
2014-10-10	4.14	5.2
2014-10-13	4.09	5.11
2014-10-14	4.03	5.08
2014-10-15	4.09	5.24
2014-10-16	4.06	5.32
2014-10-17	4.04	5.44
2014-10-20	4.06	5.46
2014-10-21	4.04	5.27
2014-10-22	4.03	5.44
2014-10-23	4.06	5.36
2014-10-24	4.03	5.17
2014-10-27	3.83	4.87
2014-10-28	3.95	5.06
2014-10-29	4.05	5.46
2014-10-30	4.14	5.26
2014-10-31	4.47	5.76
2014-11-03	4.36	5.71
2014-11-04	4.27	5.6
2014-11-05	4.18	5.56
2014-11-06	4.22	5.32
2014-11-07	4.24	5.64
2014-11-10	4.43	6.3
2014-11-11	4.69	6.4
2014-11-12	4.66	6.64
2014-11-13	4.64	6.68
2014-11-14	4.59	6.6
2014-11-17	4.47	6.49
2014-11-18	4.3	6.1
2014-11-19	4.31	6.1
2014-11-20	4.26	6.06
2014-11-21	4.47	6.36
2014-11-24	4.53	6.58
2014-11-25	4.78	6.68
2014-11-26	5.0	6.76
2014-11-27	5.07	6.66
2014-11-28	5.82	6.57
2014-12-01	5.78	7.4
2014-12-02	6.37	8.18
2014-12-03	6.32	8.63
2014-12-04	7.31	8.93
2014-12-05	7.62	8.3
2014-12-08	7.63	
2014-12-09	6.71	
2014-12-10	7.79	
2014-12-11	7.91	
2014-12-12	7.58	
2014-12-15	7.29	9.28
2014-12-16	7.87	9.07
2014-12-17	8.77	8.81
2014-12-18	8.4	10.43
2014-12-19	8.59	10.25
2014-12-22	9.04	10.4
2014-12-23	8.7	10.73
2014-12-24	7.97	10.27
2014-12-25	8.43	10.28
2014-12-26	9.01	10.72
2014-12-29	8.96	10.26
2014-12-30	9.35	9.72
2014-12-31	10.26	10.12
2015-01-05	10.35	11.75
2015-01-06	10.09	12.97
2015-01-07	9.83	12.93
2015-01-08	9.24	13.23
2015-01-09	9.38	12.57
2015-01-12	9.27	13.18
2015-01-13	9.1	13.96
2015-01-14	9.38	13.08
2015-01-15	9.85	13.2
2015-01-16	9.91	12.82
2015-01-19	8.3	11.48
2015-01-20	8.31	12.16
2015-01-21	8.97	12.62
2015-01-22	8.8	12.4
2015-01-23	8.84	12.16
2015-01-26	8.7	12.36
2015-01-27	8.38	12.4
2015-01-28	8.2	12.08
2015-01-29	8.04	11.76
2015-01-30	8.01	11.85
2015-02-02	7.76	11.09
2015-02-03	8.24	11.41
2015-02-04	7.97	11.37
2015-02-05	7.99	11.16
2015-02-06	7.92	11.24
2015-02-09	8.08	11.54
2015-02-10	8.33	12.13
2015-02-11	8.31	12.08
2015-02-12	8.24	12.09
2015-02-13	8.3	12.05
2015-02-16	8.13	11.95
2015-02-17	8.19	12.89
2015-02-25	7.97	13.02
2015-02-26	8.34	13.0
2015-02-27	8.37	12.8
2015-03-02	8.24	12.8
2015-03-03	7.84	12.06
2015-03-04	7.88	12.36
2015-03-05	7.58	11.63
2015-03-06	7.72	11.44
2015-03-09	8.35	11.82
2015-03-10	7.96	11.7
2015-03-11	8.12	12.48
2015-03-12	8.8	12.28
2015-03-13	8.77	12.5
2015-03-16	9.03	12.83
2015-03-17	9.08	12.81
2015-03-18	9.41	13.16
2015-03-19	9.35	13.16
2015-03-20	9.36	12.84
2015-03-23	9.46	13.3
2015-03-24	9.23	13.22
2015-03-25	8.83	12.86
2015-03-26	8.89	
2015-03-27	8.93	
2015-03-30	9.41	
2015-03-31	9.24	13.8
2015-04-01	9.4	14.62
2015-04-02	9.33	14.66
2015-04-13	10.9	13.83
2015-04-14	11.15	13.97
2015-04-15	11.54	13.18
2015-04-16	12.48	14.1
2015-04-17	11.99	15.68
2015-04-20	11.48	15.23
2015-04-21	11.84	16.5
2015-04-22	12.08	16.5
2015-04-23	11.84	16.18
2015-04-24	11.37	15.96
2015-04-27	12.11	16.22
2015-04-28	12.03	16.74
2015-04-29	12.15	16.8
2015-04-30	11.89	17.14
2015-05-04	11.83	16.55
2015-05-05	11.12	15.22
2015-05-06	11.21	15.25
2015-05-07	11.36	15.75
2015-05-08	11.37	15.96
2015-05-11	11.58	16.26
2015-05-12	11.44	16.14
2015-05-13	11.21	16.43
2015-05-14	11.16	16.1
2015-05-15	10.83	15.3
2015-05-18	10.52	14.64
2015-05-19	11.3	15.72
2015-05-20	11.71	16.39
2015-05-21	11.83	17.9
2015-05-22	12.37	17.91
2015-05-25	12.89	18.22
2015-05-26	12.87	19.55
2015-05-27	12.74	18.92
2015-05-28	11.59	17.06
2015-05-29	11.74	17.16
2015-06-01	12.5	18.1
2015-06-02	12.62	18.12
2015-06-03	13.12	18.56
2015-06-04	14.11	17.85
2015-06-05	13.66	17.62
2015-06-08	14.8	18.74
2015-06-09	14.5	18.24
2015-06-10	14.14	18.34
2015-06-11	14.03	17.88
2015-06-12	13.98	17.74
2015-06-15	13.17	16.84
2015-06-16	12.96	16.8
2015-06-17	13.1	17.15
2015-06-18	12.46	16.44
2015-06-19	11.67	15.84
2015-06-23	12.54	17.83
2015-06-24	12.6	18.39
2015-06-25	12.11	16.97
2015-06-26	11.07	15.44
2015-06-29	11.1	15.36
2015-06-30	12.39	17.35
2015-07-01	11.88	16.23
2015-07-02	12.32	16.49
2015-07-03	11.95	14.7
2015-07-06	13.16	15.83
2015-07-07	14.55	15.32
2015-07-08	12.75	13.04
2015-07-09	13.34	15.09
2015-07-10	13.33	17.33
2015-07-13	12.65	17.89
2015-07-14	12.21	16.52
2015-07-15	12.82	16.5
2015-07-16	12.49	16.23
2015-07-17	12.7	16.78
2015-07-20	12.78	16.25
2015-07-21	12.42	15.85
2015-07-22	12.19	15.41
2015-07-23	12.28	15.73
2015-07-24	12.24	15.4
2015-07-27	11.04	13.5
2015-07-28	11.38	14.42
2015-07-29	11.5	14.78
2015-07-30	11.32	14.0
2015-07-31	11.64	14.6
2015-08-03	12.43	15.16
2015-08-04	12.49	15.2
2015-08-05	12.25	15.44
2015-08-06	12.46	15.04
2015-08-07	12.63	15.31
2015-08-10	12.96	15.8
2015-08-11	12.54	15.56
2015-08-12	12.24	14.84
2015-08-13	12.19	14.92
2015-08-14	12.08	14.7
2015-08-17	11.67	14.28
2015-08-18	11.14	13.12
2015-08-19	11.47	13.34
2015-08-20	11.15	12.5
2015-08-21	10.88	11.22
2015-08-24	9.32	9.35
2015-08-25	9.05	8.34
2015-08-26	10.43	9.32
2015-08-27	11.97	10.19
2015-08-28	11.64	10.73
2015-08-31	11.39	11.69
2015-09-01	11.18	11.72
2015-09-02	11.11	11.66
2015-09-07	10.5	10.4
2015-09-08	10.99	10.76
2015-09-09	11.09	11.1
2015-09-10	11.63	10.74
2015-09-11	11.46	10.66
2015-09-14	12.69	9.84
2015-09-15	12.35	9.16
2015-09-16	12.22	10.26
2015-09-17	11.9	9.5
2015-09-18	12.05	9.75
2015-09-21	11.91	10.18
2015-09-22	12.3	10.26
2015-09-23	12.07	9.72
2015-09-24	11.86	9.92
2015-09-25	12.06	9.23
2015-09-28	11.85	9.23
2015-09-29	11.78	8.88
2015-09-30	12.11	9.32
2015-10-08	12.07	10.57
2015-10-09	12.3	10.56
2015-10-12	12.53	11.36
2015-10-13	12.4	11.11
2015-10-14	12.19	10.48
2015-10-15	12.68	10.84
2015-10-16	12.92	10.94
2015-10-19	12.59	10.78
2015-10-20	12.56	10.83
2015-10-21	13.03	10.28
2015-10-22	12.63	10.46
2015-10-23	12.53	10.88
2015-10-26	12.41	11.03
2015-10-27	12.38	10.75
2015-10-28	12.2	10.36
2015-10-29	12.15	11.0
2015-10-30	12.27	11.17
2015-11-02	12.17	11.42
2015-11-03	12.24	11.28
2015-11-04	12.7	12.06
2015-11-05	12.91	12.53
2015-11-06	13.02	12.58
2015-11-09	13.42	12.7
2015-11-10	12.98	12.25
2015-11-11	12.78	12.12
2015-11-12	12.61	12.32
2015-11-13	12.48	11.82
2015-11-16	12.44	11.7
2015-11-17	12.48	11.84
2015-11-18	12.5	11.4
2015-11-19	12.54	11.48
2015-11-20	12.49	11.28
2015-11-23	12.53	11.23
2015-11-24	12.22	11.5
2015-11-25	12.07	11.36
2015-11-26	11.87	11.58
2015-11-27	11.38	10.57
2015-11-30	11.54	10.38
2015-12-01	11.45	11.05
2015-12-02	12.25	12.03
2015-12-03	12.12	11.9
2015-12-04	11.59	11.89
2015-12-07	11.73	12.04
2015-12-08	11.76	11.28
2015-12-09	11.73	11.5
2015-12-10	11.6	11.75
2015-12-11	11.26	12.08
2015-12-14	11.4	12.53
2015-12-15	11.37	12.53
2015-12-16	11.3	12.35
2015-12-17	11.44	12.62
2015-12-18	11.86	12.31
2015-12-21	12.57	13.74
2015-12-22	12.61	14.13
2015-12-23	12.53	14.13
2015-12-24	12.48	13.63
2015-12-25	12.67	13.93
2015-12-28	12.18	13.16
2015-12-29	12.28	14.56
2015-12-30	12.6	14.78
2015-12-31	12.33	14.38
2016-01-04	11.62	12.31
2016-01-05	11.57	13.38
2016-01-06	11.65	13.56
2016-01-07	11.01	11.86
2016-01-08	11.15	12.37
2016-01-11	10.38	11.43
2016-01-12	10.32	11.7
2016-01-13	10.21	11.82
2016-01-14	10.23	12.23
2016-01-15	9.82	11.42
2016-01-18	9.76	11.03
2016-01-19	10.05	11.71
2016-01-20	9.86	11.18
2016-01-21	9.64	10.52
2016-01-22	9.62	10.55
2016-01-25	9.82	10.63
2016-01-26	9.2	9.73
2016-01-27	9.34	9.98
2016-01-28	9.06	10.17
2016-01-29	9.33	10.7
2016-02-01	9.06	10.73
2016-02-02	9.19	10.9
2016-02-03	9.01	10.61
2016-02-04	9.22	10.69
2016-02-05	9.2	10.78
2016-02-15	9.0	10.47
2016-02-16	9.28	10.99
2016-02-17	9.37	11.13
2016-02-18	9.24	11.07
2016-02-19	9.09	10.9
2016-02-22	9.35	11.19
2016-02-23	9.17	11.08
2016-02-24	9.15	11.06
2016-02-25	8.59	10.14
2016-02-26	8.79	10.39
2016-02-29	8.9	9.88
2016-03-01	8.99	10.47
2016-03-02	9.3	11.95
2016-03-03	9.49	11.56
2016-03-04	10.31	11.91
2016-03-07	10.12	11.98
2016-03-08	10.3	11.73
2016-03-09	10.39	11.68
2016-03-10	10.0	11.85
2016-03-11	10.1	11.83
2016-03-14	10.06	12.2
2016-03-15	10.2	12.26
2016-03-16	10.76	12.0
2016-03-17	10.57	12.4
2016-03-18	10.51	12.52
2016-03-21	10.56	12.75
2016-03-22	10.53	12.86
2016-03-23	10.52	12.68
2016-03-24	10.45	13.08
2016-03-25	10.47	13.43
2016-03-28	10.19	12.9
2016-03-29	10.13	12.49
2016-03-30	10.58	12.85
2016-03-31	10.43	13.06
2016-04-01	10.61	12.89
2016-04-05	10.68	13.02
2016-04-06	10.6	13.0
2016-04-07	10.44	12.56
2016-04-08	10.5	12.51
2016-04-11	10.65	12.76
2016-04-12	10.63	12.8
2016-04-13	10.82	12.95
2016-04-14	10.8	13.11
2016-04-15	11.27	13.14
2016-04-18	11.4	12.91
2016-04-19	11.45	13.02
2016-04-20	11.67	12.42
2016-04-21	12.03	12.32
2016-04-22	12.21	13.03
2016-04-25	12.24	13.3
2016-04-26	12.25	13.42
2016-04-27	12.22	13.15
2016-04-28	12.22	13.02
2016-04-29	12.09	13.9
2016-05-03	12.04	15.06
2016-05-04	11.99	14.47
2016-05-05	11.96	14.49
2016-05-06	11.66	13.65
2016-05-09	11.64	13.65
2016-05-10	11.38	14.38
2016-05-11	11.49	15.26
2016-05-12	11.8	15.2
2016-05-13	11.91	14.81
2016-05-16	11.84	15.1
2016-05-17	11.82	14.65
2016-05-18	12.16	
2016-05-19	12.15	
2016-05-20	12.22	
2016-05-23	11.86	
2016-05-24	11.67	
2016-05-25	11.89	
2016-05-26	12.03	
2016-05-27	12.0	
2016-05-30	12.18	
2016-05-31	12.34	
2016-06-01	12.17	16.16
2016-06-02	12.07	15.86
2016-06-03	12.12	16.38
2016-06-06	11.98	17.03
2016-06-07	12.14	16.43
2016-06-08	12.11	15.98
2016-06-13	11.66	15.6
2016-06-14	11.72	15.88
2016-06-15	11.73	16.08
2016-06-16	11.74	15.66
2016-06-17	11.84	15.73
2016-06-20	11.85	16.26
2016-06-21	11.88	16.02
2016-06-22	11.84	16.26
2016-06-23	11.6	16.0
2016-06-24	11.59	16.13
2016-06-27	11.62	16.94
2016-06-28	11.63	16.65
2016-06-29	11.79	16.67
2016-06-30	11.84	17.02
2016-07-01	11.97	17.38
2016-07-04	12.06	17.75
2016-07-05	11.9	17.4
2016-07-06	11.76	17.68
2016-07-07	11.85	17.74
2016-07-08	11.73	17.45
2016-07-11	11.82	18.26
2016-07-12	12.05	20.76
2016-07-13	12.08	20.65
2016-07-14	12.12	20.34
2016-07-15	12.17	21.95
2016-07-18	12.29	21.76
2016-07-19	12.15	20.75
2016-07-20	12.1	20.6
2016-07-21	12.27	21.37
2016-07-22	12.11	20.58
2016-07-25	12.15	19.96
2016-07-26	12.2	20.84
2016-07-27	12.4	20.26
2016-07-28	12.17	21.08
2016-07-29	12.19	21.5
2016-08-01	12.21	21.06
2016-08-02	12.18	20.9
2016-08-03	12.1	21.31
2016-08-04	12.09	20.99
2016-08-05	12.13	21.27
2016-08-08	12.16	20.99
2016-08-09	12.2	21.13
2016-08-10	12.31	20.53
2016-08-11	12.48	20.54
2016-08-12	13.02	20.34
2016-08-15	13.45	21.22
2016-08-16	13.34	21.65
2016-08-17	13.43	21.73
2016-08-18	13.26	21.37
2016-08-19	13.65	21.16
2016-08-22	13.72	20.72
2016-08-23	13.69	20.93
2016-08-24	13.65	20.6
2016-08-25	13.54	20.8
2016-08-26	13.58	20.52
2016-08-29	13.3	20.35
2016-08-30	13.47	20.17
2016-08-31	13.66	20.7
2016-09-01	13.65	20.77
2016-09-02	13.71	20.42
2016-09-05	13.78	20.73
2016-09-06	13.54	20.61
2016-09-07	13.59	20.53
2016-09-08	13.56	20.51
2016-09-09	13.36	20.32
2016-09-12	12.93	19.59
2016-09-13	12.94	19.64
2016-09-14	12.57	18.7
2016-09-19	12.84	19.3
2016-09-20	12.77	19.21
2016-09-21	12.91	19.27
2016-09-22	13.0	19.45
2016-09-23	13.01	19.56
2016-09-26	13.03	19.32
2016-09-27	13.1	19.46
2016-09-28	12.92	19.49
2016-09-29	13.03	19.8
2016-09-30	13.03	20.31
2016-10-10	13.33	20.25
2016-10-11	13.36	20.3
2016-10-12	13.18	20.11
2016-10-13	13.12	19.6
2016-10-14	13.13	19.67
2016-10-17	12.89	19.57
2016-10-18	12.96	19.65
2016-10-19	12.91	19.44
2016-10-20	12.92	19.55
2016-10-21	12.94	19.68
2016-10-24	13.34	19.96
2016-10-25	13.16	20.1
2016-10-26	13.0	19.97
2016-10-27	12.84	19.98
2016-10-28	12.93	20.06
2016-10-31	12.89	20.45
2016-11-01	13.01	21.07
2016-11-02	12.87	20.78
2016-11-03	12.96	20.7
2016-11-04	12.94	20.29
2016-11-07	12.92	20.25
2016-11-08	13.02	20.7
2016-11-09	12.92	20.48
2016-11-10	13.03	20.87
2016-11-11	13.05	20.73
2016-11-14	13.07	20.4
2016-11-15	13.21	20.3
2016-11-16	13.15	20.24
2016-11-17	13.15	20.3
2016-11-18	13.13	20.43
2016-11-21	13.37	20.88
2016-11-22	13.4	20.74
2016-11-23	13.87	21.35
2016-11-24	13.77	22.28
2016-11-25	14.02	22.3
2016-11-28	13.68	23.42
2016-11-29	13.78	24.77
2016-11-30	13.58	23.58
2016-12-01	13.52	24.15
2016-12-02	13.52	23.17
2016-12-05	13.69	21.92
2016-12-06	13.63	22.17
2016-12-07	13.65	22.19
2016-12-08	13.79	22.41
2016-12-09	14.23	23.48
2016-12-12	14.28	22.59
2016-12-13	13.91	22.1
2016-12-14	13.85	21.7
2016-12-15	13.27	21.13
2016-12-16	13.21	22.5
2016-12-19	13.04	22.15
2016-12-20	12.82	21.53
2016-12-21	12.84	21.68
2016-12-22	12.75	21.68
2016-12-23	12.63	21.43
2016-12-26	12.78	21.61
2016-12-27	12.74	21.6
2016-12-28	12.65	21.37
2016-12-29	12.52	21.32
2016-12-30	12.63	21.47
2017-01-03	12.99	22.42
2017-01-04	13.05	23.13
2017-01-05	13.13	22.99
2017-01-06	12.99	22.69
2017-01-09	12.97	22.55
2017-01-10	12.97	22.48
2017-01-11	12.99	21.9
2017-01-12	13.03	21.5
2017-01-13	13.25	21.52
2017-01-16	13.61	21.55
2017-01-17	13.48	22.21
2017-01-18	13.62	22.44
2017-01-19	13.55	22.07
2017-01-20	13.62	22.52
2017-01-23	13.53	22.26
2017-01-24	13.9	22.4
2017-01-25	13.91	22.7
2017-01-26	14.03	23.2
2017-02-03	13.73	23.2
2017-02-06	13.65	23.29
2017-02-07	13.6	22.95
2017-02-08	13.63	23.18
2017-02-09	13.76	23.32
2017-02-10	13.93	23.42
2017-02-13	14.0	24.21
2017-02-14	13.9	23.99
2017-02-15	14.16	24.36
2017-02-16	14.17	25.33
2017-02-17	14.05	25.55
2017-02-20	14.43	25.88
2017-02-21	14.44	25.75
2017-02-22	14.43	26.35
2017-02-23	14.41	26.4
2017-02-24	14.46	25.67
2017-02-27	14.44	24.91
2017-02-28	14.47	25.16
2017-03-01	14.37	25.33
2017-03-02	14.13	24.79
2017-03-03	14.04	25.02
2017-03-06	14.09	26.19
2017-03-07	14.27	26.31
2017-03-08	14.32	26.58
2017-03-09	14.08	26.22
2017-03-10	13.94	27.52
2017-03-13	14.06	27.2
2017-03-14	14.13	27.32
2017-03-15	14.04	27.72
2017-03-16	14.09	27.28
2017-03-17	13.84	26.71
2017-03-20	13.79	26.78
2017-03-21	13.79	27.61
2017-03-22	13.55	27.66
2017-03-23	13.67	28.05
2017-03-24	13.81	28.22
2017-03-27	14.13	27.45
2017-03-28	14.0	27.25
2017-03-29	14.12	27.1
2017-03-30	14.05	26.43
2017-03-31	14.2	26.6
2017-04-05	14.1	26.49
2017-04-06	14.07	27.19
2017-04-07	13.92	26.95
2017-04-10	13.94	26.2
2017-04-11	14.05	25.7
2017-04-12	14.08	25.7
2017-04-13	13.95	26.26
2017-04-14	13.85	25.94
2017-04-17	13.91	26.48
2017-04-18	13.63	27.38
2017-04-19	13.49	27.53
2017-04-20	13.42	27.8
2017-04-21	13.83	27.53
2017-04-24	13.94	26.42
2017-04-25	13.99	27.54
2017-04-26	14.14	27.6
2017-04-27	14.01	27.34
2017-04-28	14.16	26.96
2017-05-02	14.04	28.22
2017-05-03	13.96	28.49
2017-05-04	13.78	28.6
2017-05-05	13.83	29.45
2017-05-08	13.82	28.98
2017-05-09	13.82	28.6
2017-05-10	14.05	29.45
2017-05-11	14.29	30.12
2017-05-12	15.37	30.05
2017-05-15	15.7	29.61
2017-05-16	15.52	29.62
2017-05-17	15.22	28.67
2017-05-18	15.28	28.78
2017-05-19	15.56	29.84
2017-05-22	15.92	30.51
2017-05-23	16.86	30.62
2017-05-24	16.94	30.41
2017-05-25	17.98	29.63
2017-05-26	17.67	29.97
2017-05-31	17.45	30.42
2017-06-01	17.62	30.8
2017-06-02	17.19	30.69
2017-06-05	17.01	30.69
2017-06-06	16.96	32.3
2017-06-07	17.55	33.0
2017-06-08	17.77	34.55
2017-06-09	17.94	34.6
2017-06-12	17.87	34.76
2017-06-13	17.52	34.46
2017-06-14	17.07	33.4
2017-06-15	16.7	34.0
2017-06-16	16.58	33.36
2017-06-19	16.93	34.64
2017-06-20	16.85	35.18
2017-06-21	17.08	37.09
2017-06-22	18.5	36.8
2017-06-23	18.8	38.78
2017-06-26	18.81	38.55
2017-06-27	20.13	38.3
2017-06-28	19.57	37.08
2017-06-29	19.92	37.46
2017-06-30	19.68	37.34
2017-07-03	19.29	36.1
2017-07-04	18.77	35.8
2017-07-05	19.67	37.24
2017-07-06	19.73	36.9
2017-07-07	19.03	35.93
2017-07-10	19.03	35.67
2017-07-11	19.85	37.25
2017-07-12	20.11	36.0
2017-07-13	20.67	36.29
2017-07-14	20.95	36.47
2017-07-17	20.88	35.96
2017-07-18	20.29	35.3
2017-07-19	20.99	35.52
2017-07-20	20.97	36.55
2017-07-21	20.51	36.2
2017-07-24	21.48	37.72
2017-07-25	21.3	37.72
2017-07-26	21.23	36.64
2017-07-27	21.67	35.5
2017-07-28	21.55	35.7
2017-07-31	21.34	35.5
2017-08-01	21.91	35.49
2017-08-02	22.39	35.1
2017-08-03	21.66	34.38
2017-08-04	21.29	33.75
2017-08-07	21.75	34.59
2017-08-08	21.62	34.28
2017-08-09	21.31	35.1
2017-08-10	20.91	35.15
2017-08-11	20.26	33.94
2017-08-14	20.57	34.42
2017-08-15	21.3	34.07
2017-08-16	20.94	33.35
2017-08-17	20.83	33.62
2017-08-18	21.19	33.43
2017-08-21	21.07	34.01
2017-08-22	21.66	34.75
2017-08-23	22.29	35.11
2017-08-24	22.46	35.82
2017-08-25	23.3	36.2
2017-08-28	23.01	36.57
2017-08-29	22.91	36.0
2017-08-30	22.93	36.28
2017-08-31	22.52	35.3
2017-09-01	22.53	35.14
2017-09-04	22.73	35.66
2017-09-05	23.11	35.71
2017-09-06	22.65	35.27
2017-09-07	22.12	35.27
2017-09-08	22.15	35.29
2017-09-11	21.95	34.61
2017-09-12	22.21	34.52
2017-09-13	21.94	35.49
2017-09-14	21.63	35.2
2017-09-15	21.74	36.33
2017-09-18	21.53	36.33
2017-09-19	21.94	36.3
2017-09-20	21.66	37.59
2017-09-21	21.83	37.4
2017-09-22	21.72	38.4
2017-09-25	21.58	37.39
2017-09-26	21.48	36.98
2017-09-27	21.17	38.11
2017-09-28	20.97	37.73
2017-09-29	21.32	38.49
2017-10-09	21.85	40.77
2017-10-10	21.89	40.96
2017-10-11	21.81	41.4
2017-10-12	22.14	41.98
2017-10-13	21.97	41.98
2017-10-16	22.64	41.14
2017-10-17	22.8	42.45
2017-10-18	22.88	43.03
2017-10-19	22.87	42.93
2017-10-20	22.54	41.94
2017-10-23	22.27	41.93
2017-10-24	22.39	42.89
2017-10-25	22.57	44.7
2017-10-26	22.32	44.26
2017-10-27	23.87	45.02
2017-10-30	23.56	46.06
2017-10-31	22.87	45.3
2017-11-01	22.67	44.91
2017-11-02	22.78	45.54
2017-11-03	22.83	44.95
2017-11-06	22.38	46.99
2017-11-07	22.8	47.05
2017-11-08	22.86	45.78
2017-11-09	22.84	46.9
2017-11-10	22.84	47.7
2017-11-13	23.44	48.01
2017-11-14	23.79	46.61
2017-11-15	23.65	46.58
2017-11-16	23.87	47.18
2017-11-17	25.15	47.95
2017-11-20	26.3	48.92
2017-11-21	26.13	51.96
2017-11-22	26.67	50.73
2017-11-23	25.77	47.74
2017-11-24	25.86	48.4
2017-11-27	25.65	46.94
2017-11-28	24.96	46.89
2017-11-29	25.33	45.4
2017-11-30	24.76	45.48
2017-12-01	24.38	44.88
2017-12-04	24.49	45.8
2017-12-05	25.26	46.48
2017-12-06	24.7	45.25
2017-12-07	24.02	43.43
2017-12-08	24.29	44.73
2017-12-11	24.7	47.92
2017-12-12	24.12	47.6
2017-12-13	24.37	49.2
2017-12-14	24.4	48.8
2017-12-15	23.83	48.0
2017-12-18	24.1	49.62
2017-12-19	25.13	49.74
2017-12-20	25.24	49.37
2017-12-21	25.41	50.24
2017-12-22	25.06	50.88
2017-12-25	25.06	52.17
2017-12-26	25.48	50.6
2017-12-27	24.53	48.69
2017-12-28	24.4	49.85
2017-12-29	24.79	49.73
2018-01-02	25.39	50.68
2018-01-03	25.74	50.1
2018-01-04	25.42	51.59
2018-01-05	25.87	52.26
2018-01-08	25.24	51.96
2018-01-09	25.54	53.78
2018-01-10	26.3	54.86
2018-01-11	26.69	53.92
2018-01-12	27.28	55.1
2018-01-15	27.71	55.46
2018-01-16	27.66	55.39
2018-01-17	27.46	53.05
2018-01-18	28.09	53.25
2018-01-19	28.23	52.47
2018-01-22	28.85	55.73
2018-01-23	29.82	56.42
2018-01-24	29.62	54.71
2018-01-25	29.18	55.6
2018-01-26	29.24	56.3
2018-01-29	28.75	54.17
2018-01-30	28.34	53.06
2018-01-31	29.71	54.12
2018-02-01	30.22	53.64
2018-02-02	30.27	54.2
2018-02-05	30.66	51.62
2018-02-06	30.39	49.8
2018-02-07	28.16	47.09
2018-02-08	27.05	48.07
2018-02-09	26.48	46.28
2018-02-12	25.82	48.72
2018-02-13	26.68	49.61
2018-02-14	27.14	51.22
2018-02-22	27.27	52.44
2018-02-23	27.55	51.85
2018-02-26	27.28	52.0
2018-02-27	26.64	48.9
2018-02-28	26.07	49.25
2018-03-01	26.17	49.9
2018-03-02	25.8	50.52
2018-03-05	25.92	50.32
2018-03-06	25.81	50.5
2018-03-07	26.54	50.56
2018-03-08	26.69	53.47
2018-03-09	26.92	54.21
2018-03-12	26.61	55.03
2018-03-13	26.5	55.36
2018-03-14	26.16	54.7
2018-03-15	26.29	55.71
2018-03-16	25.9	53.99
2018-03-19	26.48	53.87
2018-03-20	26.76	53.64
2018-03-21	27.03	52.58
2018-03-22	27.0	51.2
2018-03-23	26.08	50.54
2018-03-26	24.88	49.57
2018-03-27	24.49	48.91
2018-03-28	24.47	47.42
2018-03-29	25.08	49.6
2018-03-30	24.86	48.83
2018-04-02	24.78	47.14
2018-04-03	24.58	46.82
2018-04-04	24.53	47.31
2018-04-09	24.61	45.6
2018-04-10	26.06	47.07
2018-04-11	26.26	47.28
2018-04-12	25.7	46.17
2018-04-13	25.31	45.62
2018-04-16	23.88	44.09
2018-04-17	23.46	44.19
2018-04-18	23.91	43.03
2018-04-19	24.01	45.87
2018-04-20	23.98	45.7
2018-04-23	24.06	46.35
2018-04-24	24.63	47.85
2018-04-25	24.59	46.92
2018-04-26	24.57	45.7
2018-04-27	25.1	45.98
2018-05-02	25.33	45.65
2018-05-03	25.07	47.5
2018-05-04	24.51	46.6
2018-05-07	24.7	47.9
2018-05-08	25.45	49.4
2018-05-09	25.52	49.45
2018-05-10	25.61	49.88
2018-05-11	25.85	49.25
2018-05-14	26.59	50.74
2018-05-15	26.33	50.72
2018-05-16	25.74	49.9
2018-05-17	25.57	48.62
2018-05-18	26.23	49.39
2018-05-21	26.04	49.45
2018-05-22	25.59	48.13
2018-05-23	25.38	47.3
2018-05-24	24.87	46.4
2018-05-25	24.98	46.09
2018-05-28	24.57	47.44
2018-05-29	24.71	46.99
2018-05-30	24.07	46.21
2018-05-31	24.55	48.41
2018-06-01	24.37	47.65
2018-06-04	25.02	49.49
2018-06-05	25.03	50.47
2018-06-06	24.57	50.24
2018-06-07	24.67	49.8
2018-06-08	23.97	50.16
2018-06-11	24.4	51.82
2018-06-12	24.51	52.69
2018-06-13	24.48	52.49
2018-06-14	24.34	51.28
2018-06-15	24.71	51.78
2018-06-19	24.76	50.12
2018-06-20	24.28	50.66
2018-06-21	24.42	49.72
2018-06-22	24.39	49.15
2018-06-25	23.44	48.4
2018-06-26	22.67	47.83
2018-06-27	22.1	45.98
2018-06-28	21.62	45.6
2018-06-29	22.21	47.72
2018-07-02	21.21	44.18
2018-07-03	20.99	43.26
2018-07-04	20.82	40.61
2018-07-05	21.21	41.55
2018-07-06	21.61	42.9
2018-07-09	22.72	44.55
2018-07-10	22.57	44.0
2018-07-11	22.37	42.7
2018-07-12	22.65	43.33
2018-07-13	22.84	43.34
2018-07-16	22.28	42.88
2018-07-17	21.98	41.97
2018-07-18	21.9	41.4
2018-07-19	22.23	41.85
2018-07-20	23.99	42.07
2018-07-23	24.47	42.08
2018-07-24	24.36	43.88
2018-07-25	24.83	43.18
2018-07-26	24.73	43.34
2018-07-27	24.7	42.69
2018-07-30	25.22	42.96
2018-07-31	25.0	43.11
2018-08-01	24.48	41.78
2018-08-02	23.79	39.58
2018-08-03	23.85	37.38
2018-08-06	24.2	37.8
2018-08-07	25.09	40.16
2018-08-08	24.72	39.65
2018-08-09	25.38	40.64
2018-08-10	25.05	40.48
2018-08-13	24.32	40.09
2018-08-14	24.12	39.15
2018-08-15	23.31	37.52
2018-08-16	23.35	37.82
2018-08-17	23.13	36.62
2018-08-20	23.57	37.2
2018-08-21	23.71	38.06
2018-08-22	23.65	37.21
2018-08-23	23.91	36.72
2018-08-24	24.31	36.88
2018-08-27	25.15	38.41
2018-08-28	25.23	38.81
2018-08-29	25.37	38.01
2018-08-30	24.75	37.3
2018-08-31	24.9	37.1
2018-09-03	24.75	37.23
2018-09-04	25.25	37.78
2018-09-05	24.3	36.5
2018-09-06	24.11	35.84
2018-09-07	24.78	35.8
2018-09-10	24.51	
2018-09-11	24.01	
2018-09-12	24.01	
2018-09-13	24.37	
2018-09-14	24.49	
2018-09-17	24.06	
2018-09-18	24.79	
2018-09-19	25.01	
2018-09-20	25.12	
2018-09-21	26.91	
2018-09-25	26.23	
2018-09-26	27.06	
2018-09-27	27.04	
2018-09-28	27.3	
2018-10-08	26.04	
2018-10-09	26.01	
2018-10-10	26.21	
2018-10-11	25.06	
2018-10-12	25.77	
2018-10-15	25.35	
2018-10-16	25.71	
2018-10-17	25.61	
2018-10-18	24.51	
2018-10-19	25.82	
2018-10-22	26.61	
2018-10-23	25.63	
2018-10-24	26.0	
2018-10-25	26.27	
2018-10-26	26.21	
2018-10-29	24.46	31.77
2018-10-30	24.96	31.83
2018-10-31	25.52	32.54
2018-11-01	25.66	34.12
2018-11-02	26.94	36.48
2018-11-05	26.61	36.78
2018-11-06	26.48	35.68
2018-11-07	26.18	36.28
2018-11-08	26.62	36.13
2018-11-09	25.21	35.27
2018-11-12	25.17	35.64
2018-11-13	25.19	36.8
2018-11-14	24.77	36.35
2018-11-15	24.99	36.61
2018-11-16	25.09	37.5
2018-11-19	25.56	37.8
2018-11-20	25.03	36.3
2018-11-21	25.01	35.82
2018-11-22	24.91	36.13
2018-11-23	24.49	35.38
2018-11-26	24.88	35.52
2018-11-27	24.6	35.16
2018-11-28	24.89	35.52
2018-11-29	24.91	34.3
2018-11-30	25.16	34.19
2018-12-03	26.07	36.33
2018-12-04	26.18	36.04
2018-12-05	25.98	35.5
2018-12-06	25.51	34.46
2018-12-07	25.19	33.98
2018-12-10	24.95	32.56
2018-12-11	25.12	32.54
2018-12-12	25.07	33.24
2018-12-13	25.36	35.62
2018-12-14	24.94	35.25
2018-12-17	24.9	34.96
2018-12-18	24.52	34.31
2018-12-19	23.38	33.75
2018-12-20	22.52	33.83
2018-12-21	22.0	33.42
2018-12-24	22.06	33.24
2018-12-25	21.9	32.88
2018-12-26	21.46	32.63
2018-12-27	21.46	32.3
2018-12-28	21.81	32.36
2019-01-02	21.18	31.94
2019-01-03	21.49	31.7
2019-01-04	22.12	32.49
2019-01-07	22.13	32.49
2019-01-08	21.83	32.36
2019-01-09	22.31	34.5
2019-01-10	22.46	34.79
2019-01-11	23.07	35.34
2019-01-14	22.92	34.95
2019-01-15	23.41	36.5
2019-01-16	23.46	36.7
2019-01-17	23.08	36.41
2019-01-18	23.71	37.58
2019-01-21	23.94	37.59
2019-01-22	23.59	36.8
2019-01-23	23.77	36.96
2019-01-24	24.48	37.09
2019-01-25	25.13	37.4
2019-01-28	25.27	37.34
2019-01-29	25.25	38.5
2019-01-30	25.03	37.6
2019-01-31	25.82	39.03
2019-02-01	25.91	39.76
2019-02-11	26.0	41.58
2019-02-12	25.93	41.99
2019-02-13	26.45	42.3
2019-02-14	26.47	42.65
2019-02-15	25.76	40.77
2019-02-18	26.48	41.9
2019-02-19	26.49	41.58
2019-02-20	26.76	
2019-02-21	26.69	41.36
2019-02-22	27.24	41.11
2019-02-25	29.13	44.67
2019-02-26	28.1	42.86
2019-02-27	28.32	43.14
2019-02-28	28.35	43.28
2019-03-01	29.51	44.07
2019-03-04	29.3	44.46
2019-03-05	28.96	44.5
2019-03-06	28.83	44.6
2019-03-07	27.91	43.06
2019-03-08	27.39	41.3
2019-03-11	27.14	42.08
2019-03-12	27.27	41.66
2019-03-13	27.65	41.73
2019-03-14	28.06	41.91
2019-03-15	28.28	43.43
2019-03-18	28.97	44.82
2019-03-19	28.64	44.75
2019-03-20	28.88	44.4
2019-03-21	28.59	43.74
2019-03-22	28.96	44.1
2019-03-25	27.78	42.19
2019-03-26	28.1	42.07
2019-03-27	29.01	43.07
2019-03-28	29.13	42.64
2019-03-29	30.53	44.23
2019-04-01	30.69	48.43
2019-04-02	31.1	47.4
2019-04-03	31.47	47.7
2019-04-04	32.2	49.15
2019-04-08	32.54	49.68
2019-04-09	31.84	50.51
2019-04-10	31.68	50.22
2019-04-11	31.57	47.94
2019-04-12	31.41	46.79
2019-04-15	31.43	47.0
2019-04-16	32.61	48.38
2019-04-17	32.44	48.5
2019-04-18	32.11	48.92
2019-04-19	32.61	50.58
2019-04-22	31.41	48.29
2019-04-23	31.84	47.77
2019-04-24	32.41	48.1
2019-04-25	32.04	46.91
2019-04-26	30.97	44.87
2019-04-29	31.94	46.81
2019-04-30	31.06	47.9
2019-05-06	30.52	44.57
2019-05-07	30.32	46.25
2019-05-08	29.74	
2019-05-09	29.03	
2019-05-10	30.22	
2019-05-13	29.41	
2019-05-14	29.17	
2019-05-15	30.24	
2019-05-16	30.28	
2019-05-17	29.92	
2019-05-20	29.89	
2019-05-21	30.24	
2019-05-22	30.14	46.91
2019-05-23	29.96	45.01
2019-05-24	30.21	45.32
2019-05-27	30.39	45.25
2019-05-28	30.99	46.01
2019-05-29	30.86	45.88
2019-05-30	30.91	46.25
2019-05-31	30.82	46.4
2019-06-03	31.01	46.92
2019-06-04	30.64	46.5
2019-06-05	30.56	46.31
2019-06-06	30.51	45.92
2019-06-10	31.35	46.56
2019-06-11	32.03	48.27
2019-06-12	31.94	48.31
2019-06-13	31.86	47.83
2019-06-14	31.96	47.37
2019-06-17	32.21	47.59
2019-06-18	32.63	47.71
2019-06-19	33.41	48.81
2019-06-20	34.99	50.09
2019-06-21	34.3	48.91
2019-06-24	34.57	48.98
2019-06-25	32.74	48.24
2019-06-26	32.08	48.31
2019-06-27	33.06	48.57
2019-06-28	32.59	48.66
2019-07-01	33.51	50.89
2019-07-02	33.13	51.61
2019-07-03	32.76	50.89
2019-07-04	32.69	51.2
2019-07-05	33.08	52.07
2019-07-08	32.17	51.19
2019-07-09	31.9	50.64
2019-07-10	31.73	50.7
2019-07-11	32.51	51.19
2019-07-12	32.95	51.58
2019-07-15	32.85	51.47
2019-07-16	32.86	50.32
2019-07-17	32.76	49.52
2019-07-18	32.87	49.49
2019-07-19	33.92	49.39
2019-07-22	33.92	49.6
2019-07-23	33.76	50.0
2019-07-24	33.98	50.18
2019-07-25	34.81	50.25
2019-07-26	34.77	50.23
2019-07-29	34.38	50.81
2019-07-30	34.32	52.0
2019-07-31	34.11	51.5
2019-08-01	33.75	50.4
2019-08-02	33.3	49.55
2019-08-05	32.76	48.4
2019-08-06	32.43	48.31
2019-08-07	32.08	47.83
2019-08-08	32.91	48.6
2019-08-09	32.54	48.02
2019-08-12	32.96	48.05
2019-08-13	32.4	47.12
2019-08-14	32.41	46.97
2019-08-15	32.42	46.76
2019-08-16	32.71	47.12
2019-08-19	32.85	48.37
2019-08-20	32.88	48.26
2019-08-21	33.0	48.49
2019-08-22	32.89	48.63
2019-08-23	33.82	49.05
2019-08-26	32.55	47.84
2019-08-27	32.3	48.85
2019-08-28	32.05	49.02
2019-08-29	31.48	48.73
2019-08-30	31.83	49.58
2019-09-02	31.89	51.03
2019-09-03	31.7	51.11
2019-09-04	32.44	51.25
2019-09-05	33.07	50.7
2019-09-06	33.44	51.01
2019-09-09	33.05	50.91
2019-09-10	32.55	50.64
2019-09-11	32.6	50.2
2019-09-12	32.84	50.9
2019-09-16	32.55	50.27
2019-09-17	32.34	49.8
2019-09-18	32.35	49.51
2019-09-19	32.06	49.64
2019-09-20	32.06	49.5
2019-09-23	31.59	48.88
2019-09-24	31.63	48.87
2019-09-25	31.9	47.88
2019-09-26	32.77	47.8
2019-09-27	32.75	48.12
2019-09-30	32.3	47.9
2019-10-08	32.36	49.45
2019-10-09	32.73	49.3
2019-10-10	32.66	48.98
2019-10-11	33.84	49.72
2019-10-14	34.38	50.25
2019-10-15	34.19	50.27
2019-10-16	34.36	50.46
2019-10-17	34.55	50.02
2019-10-18	33.73	49.45
2019-10-21	33.77	50.28
2019-10-22	33.68	50.74
2019-10-23	33.55	50.53
2019-10-24	34.05	50.55
2019-10-25	33.95	50.6
2019-10-28	33.75	50.39
2019-10-29	33.7	50.8
2019-10-30	32.96	50.27
2019-10-31	33.05	52.3
2019-11-01	34.15	55.69
2019-11-04	34.73	55.94
2019-11-05	35.21	56.19
2019-11-06	35.7	56.64
2019-11-07	35.71	56.3
2019-11-08	35.3	56.42
2019-11-11	34.86	54.0
2019-11-12	34.75	52.89
2019-11-13	34.55	53.35
2019-11-14	34.29	53.39
2019-11-15	34.38	53.35
2019-11-18	35.05	53.49
2019-11-19	35.07	54.63
2019-11-20	34.13	53.95
2019-11-21	33.99	53.0
2019-11-22	33.78	52.53
2019-11-25	34.13	53.33
2019-11-26	33.55	53.36
2019-11-27	34.2	51.93
2019-11-28	34.18	51.97
2019-11-29	33.58	51.1
2019-12-02	33.66	51.55
2019-12-03	34.01	51.33
2019-12-04	33.83	52.16
2019-12-05	33.93	52.33
2019-12-06	33.96	53.0
2019-12-09	33.82	53.61
2019-12-10	33.67	54.45
2019-12-11	33.95	53.86
2019-12-12	33.95	53.72
2019-12-13	35.05	55.2
2019-12-16	34.83	54.91
2019-12-17	35.05	55.3
2019-12-18	35.54	55.0
2019-12-19	35.32	54.88
2019-12-20	35.09	54.6
2019-12-23	34.95	54.07
2019-12-24	35.56	53.88
2019-12-25	35.34	54.0
2019-12-26	35.65	54.4
2019-12-27	35.41	54.0
2019-12-30	35.38	55.03
2019-12-31	35.13	55.05
2020-01-02	36.43	56.55
2020-01-03	36.95	55.06
2020-01-06	36.79	54.0
2020-01-07	36.7	54.85
2020-01-08	35.96	55.08
2020-01-09	36.45	56.25
2020-01-10	36.59	56.79
2020-01-13	36.65	56.91
2020-01-14	36.36	56.68
2020-01-15	35.67	56.3
2020-01-16	35.51	56.46
2020-01-17	35.48	57.11
2020-01-20	35.86	57.0
2020-01-21	35.34	54.9
2020-01-22	35.37	54.28
2020-01-23	34.36	51.9
2020-02-03	32.58	46.99
2020-02-04	32.9	49.59
2020-02-05	32.91	49.67
2020-02-06	33.3	50.59
2020-02-07	32.97	49.63
2020-02-10	32.65	49.1
2020-02-11	33.12	51.48
2020-02-12	33.15	51.69
2020-02-13	32.82	50.6
2020-02-14	33.19	50.54
2020-02-17	33.72	51.2
2020-02-18	33.25	50.33
2020-02-19	33.08	50.34
2020-02-20	33.53	51.66
2020-02-21	33.19	51.08
2020-02-24	32.6	51.71
2020-02-25	32.18	51.23
2020-02-26	32.38	51.1
2020-02-27	32.77	51.71
2020-02-28	31.75	49.85
2020-03-02	32.3	51.14
2020-03-03	32.17	51.3
2020-03-04	32.33	51.05
2020-03-05	33.78	53.34
2020-03-06	32.96	52.6
2020-03-09	31.73	50.69
2020-03-10	32.23	52.12
2020-03-11	32.0	51.27
2020-03-12	31.71	49.97
2020-03-13	30.96	48.7
2020-03-16	29.22	46.9
2020-03-17	29.28	45.8
2020-03-18	28.37	46.5
2020-03-19	26.86	45.4
2020-03-20	28.59	45.85
2020-03-23	27.71	43.3
2020-03-24	29.06	44.79
2020-03-25	30.04	46.29
2020-03-26	30.27	45.8
2020-03-27	30.27	46.25
2020-03-30	30.2	44.89
2020-03-31	29.83	45.22
2020-04-01	29.68	45.38
2020-04-02	29.89	45.76
2020-04-03	29.7	45.18
2020-04-07	30.07	45.77
2020-04-08	29.77	45.04
2020-04-09	29.85	45.1
2020-04-10	29.65	46.08
2020-04-13	29.48	46.69
2020-04-14	30.26	47.28
2020-04-15	29.97	47.0
2020-04-16	29.65	46.29
2020-04-17	30.41	46.89
2020-04-20	30.45	47.53
2020-04-21	30.2	47.05
2020-04-22	30.28	48.2
2020-04-23	30.24	48.79
2020-04-24	30.06	48.81
2020-04-27	31.13	48.3
2020-04-28	31.41	48.59
2020-04-29	32.57	49.05
2020-04-30	32.64	50.55
2020-05-06	32.18	51.0
2020-05-07	32.0	50.8
2020-05-08	32.52	53.13
2020-05-11	32.51	53.71
2020-05-12	32.14	54.8
2020-05-13	32.09	54.55
2020-05-14	31.48	54.8
2020-05-15	31.4	53.75
2020-05-18	31.35	54.29
2020-05-19	31.82	55.56
2020-05-20	32.23	55.83
2020-05-21	32.28	55.52
2020-05-22	31.18	53.92
2020-05-25	30.64	53.64
2020-05-26	30.98	54.8
2020-05-27	30.98	55.05
2020-05-28	31.77	54.95
2020-05-29	31.37	55.82
2020-06-01	32.37	57.22
2020-06-02	32.59	57.1
2020-06-03	32.77	56.73
2020-06-04	32.7	57.25
2020-06-05	32.79	57.35
2020-06-08	33.22	58.56
2020-06-09	33.08	59.06
2020-06-10	32.89	58.72
2020-06-11	32.02	58.06
2020-06-12	32.05	58.38
2020-06-15	31.12	56.4
2020-06-16	31.69	57.4
2020-06-17	31.75	56.3
2020-06-18	31.44	56.25
2020-06-19	31.41	58.17
2020-06-22	31.05	57.49
2020-06-23	30.9	57.4
2020-06-24	31.45	58.1
2020-06-29	31.19	58.35
2020-06-30	31.27	58.19
2020-07-01	32.34	60.84
2020-07-02	32.85	61.35
2020-07-03	34.29	60.79
2020-07-06	37.96	62.43
2020-07-07	38.61	62.78
2020-07-08	38.05	62.38
2020-07-09	37.46	63.38
2020-07-10	36.0	61.8
2020-07-13	36.05	61.65
2020-07-14	35.26	60.24
2020-07-15	34.61	61.38
2020-07-16	34.35	59.54
2020-07-17	34.83	62.3
2020-07-20	36.02	65.78
2020-07-21	35.59	65.75
2020-07-22	35.19	65.75
2020-07-23	34.35	68.59
2020-07-24	33.35	64.9
2020-07-27	33.0	65.58
2020-07-28	33.33	65.51
2020-07-29	33.82	70.03
2020-07-30	33.31	69.37
2020-07-31	33.55	70.15
2020-08-03	33.75	70.89
2020-08-04	35.43	70.45
2020-08-05	35.05	69.8
2020-08-06	35.77	69.0
2020-08-07	35.36	68.95
2020-08-10	35.75	70.4
2020-08-11	36.29	69.7
2020-08-12	36.54	68.06
2020-08-13	36.08	68.41
2020-08-14	36.75	70.44
2020-08-17	37.8	70.53
2020-08-18	37.6	70.2
2020-08-19	37.1	68.52
2020-08-20	36.27	67.44
2020-08-21	36.52	67.78
2020-08-24	36.25	68.77
2020-08-25	36.33	68.38
2020-08-26	35.98	67.69
2020-08-27	35.65	66.39
2020-08-28	37.2	68.68
2020-08-31	36.44	68.94
2020-09-01	36.17	70.1
2020-09-02	35.95	69.33
2020-09-03	35.73	69.33
2020-09-04	35.55	67.19
2020-09-07	35.54	65.1
2020-09-08	36.34	65.28
2020-09-09	36.35	63.26
2020-09-10	36.45	64.3
2020-09-11	35.99	64.58
2020-09-14	36.1	66.4
2020-09-15	36.65	68.82
2020-09-16	36.81	68.06
2020-09-17	36.62	69.0
2020-09-18	37.74	68.68
2020-09-21	37.35	68.43
2020-09-22	36.63	68.29
2020-09-23	36.25	69.47
2020-09-24	35.81	68.86
2020-09-25	35.93	68.7
2020-09-28	36.0	69.3
2020-09-29	35.06	70.85
2020-09-30	34.75	71.0
2020-10-09	34.93	71.79
2020-10-12	36.31	72.38
2020-10-13	36.54	74.29
2020-10-14	36.8	73.65
2020-10-15	37.76	74.5
2020-10-16	38.53	73.2
2020-10-19	38.74	73.4
2020-10-20	38.72	74.7
2020-10-21	39.55	75.9
2020-10-22	39.94	76.8
2020-10-23	39.97	73.51
2020-10-26	39.37	75.06
2020-10-27	39.2	74.11
2020-10-28	38.85	75.11
2020-10-29	38.94	79.58
2020-10-30	38.56	76.27
2020-11-02	39.0	81.8
2020-11-03	39.99	80.95
2020-11-04	41.68	84.06
2020-11-05	41.54	84.51
2020-11-06	41.23	88.54
2020-11-09	41.78	89.12
2020-11-10	42.47	88.06
2020-11-11	43.1	86.5
2020-11-12	42.33	89.0
2020-11-13	41.33	88.92
2020-11-16	41.75	87.76
2020-11-17	42.59	88.32
2020-11-18	43.5	87.69
2020-11-19	43.62	92.4
2020-11-20	43.8	89.99
2020-11-23	44.15	91.87
2020-11-24	43.62	89.05
2020-11-25	43.18	87.96
2020-11-26	43.84	85.42
2020-11-27	44.6	86.2
2020-11-30	42.95	85.25
2020-12-01	44.95	86.32
2020-12-02	45.55	88.31
2020-12-03	45.24	88.0
2020-12-04	44.53	86.76
2020-12-07	43.17	86.46
2020-12-08	43.01	85.1
2020-12-09	42.99	81.96
2020-12-10	43.03	83.5
2020-12-11	41.43	82.4
2020-12-14	43.12	82.84
2020-12-15	43.1	84.13
2020-12-16	42.81	86.5
2020-12-17	42.8	88.07
2020-12-18	41.85	87.7
2020-12-21	41.64	87.21
2020-12-22	40.66	88.15
2020-12-23	41.07	90.4
2020-12-24	41.32	91.29
2020-12-25	41.47	91.98
2020-12-28	41.79	94.2
2020-12-29	41.58	93.59
2020-12-30	41.8	94.38
2020-12-31	42.7	96.84
2021-01-04	41.92	97.41
2021-01-05	40.93	99.94
2021-01-06	42.9	99.36
2021-01-07	44.65	103.22
2021-01-08	45.35	101.41
2021-01-11	47.17	99.4
2021-01-12	48.45	102.5
2021-01-13	48.15	101.74
2021-01-14	47.8	98.0
2021-01-15	49.89	98.09
2021-01-18	50.67	97.52
2021-01-19	50.6	93.25
2021-01-20	50.47	94.68
2021-01-21	51.39	98.5
2021-01-22	50.39	98.97
2021-01-25	50.86	100.38
2021-01-26	50.15	96.34
2021-01-27	50.75	96.35
2021-01-28	50.36	93.56
2021-01-29	49.85	94.73
2021-02-01	51.15	96.6
2021-02-02	50.72	96.98
2021-02-03	51.8	96.04
2021-02-04	52.25	94.8
2021-02-05	53.49	95.65
2021-02-08	54.01	95.06
2021-02-09	54.01	100.3
2021-02-10	53.3	105.51
2021-02-18	54.44	96.7
2021-02-19	53.95	96.39
2021-02-22	52.95	88.84
2021-02-23	54.3	89.34
2021-02-24	52.35	93.42
2021-02-25	53.2	92.34
2021-02-26	49.85	91.48
2021-03-01	49.14	91.73
2021-03-02	48.3	91.92
2021-03-03	51.52	91.89
2021-03-04	51.15	88.3
2021-03-05	50.15	87.9
2021-03-08	48.68	83.9
2021-03-09	47.25	80.39
2021-03-10	48.0	82.06
2021-03-11	50.72	84.35
2021-03-12	52.07	84.36
2021-03-15	51.86	80.7
2021-03-16	53.07	80.98
2021-03-17	52.15	82.47
2021-03-18	52.99	85.11
2021-03-19	50.51	83.71
2021-03-22	52.53	81.78
2021-03-23	52.23	79.87
2021-03-24	50.95	80.08
2021-03-25	49.76	79.08
2021-03-26	50.35	80.41
2021-03-29	49.69	79.87
2021-03-30	50.31	80.87
2021-03-31	49.85	80.63
2021-04-01	49.8	83.83
2021-04-02	49.7	85.51
2021-04-06	49.74	82.78
2021-04-07	49.18	81.12
2021-04-08	49.25	81.08
2021-04-09	49.0	78.85
2021-04-12	49.21	77.7
2021-04-13	49.07	77.09
2021-04-14	48.45	78.53
2021-04-15	48.19	78.68
2021-04-16	48.49	78.3
2021-04-19	50.52	80.07
2021-04-20	50.74	79.38
2021-04-21	51.64	78.0
2021-04-22	51.36	78.65
2021-04-23	52.05	82.26
2021-04-26	50.82	78.43
2021-04-27	50.82	79.12
2021-04-28	50.51	79.95
2021-04-29	52.03	81.83
2021-04-30	51.45	78.57
2021-05-06	52.42	75.96
2021-05-07	52.93	73.48
2021-05-10	52.65	76.4
2021-05-11	52.59	76.74
2021-05-12	52.44	75.67
2021-05-13	51.95	73.55
2021-05-14	53.73	74.84
2021-05-17	54.4	76.8
2021-05-18	54.7	76.24
2021-05-19	53.55	75.73
2021-05-20	54.22	79.1
2021-05-21	52.86	79.95
2021-05-24	52.83	80.6
2021-05-25	56.3	81.68
2021-05-26	57.25	82.73
2021-05-27	56.7	82.3
2021-05-28	57.25	80.93
2021-05-31	56.94	79.4
2021-06-01	56.11	78.57
2021-06-02	56.33	79.5
2021-06-03	55.03	77.93
2021-06-04	56.28	77.73
2021-06-07	55.75	76.78
2021-06-08	55.45	76.02
2021-06-09	55.22	75.59
2021-06-10	55.1	75.4
2021-06-11	55.08	74.0
2021-06-15	53.55	73.24
2021-06-16	54.35	75.0
2021-06-17	53.87	73.46
2021-06-18	53.44	73.8
2021-06-21	52.44	72.0
2021-06-22	54.21	71.28
2021-06-23	53.57	73.17
2021-06-24	53.75	73.2
2021-06-25	55.15	73.17
2021-06-28	53.45	73.21
2021-06-29	52.55	71.46
2021-06-30	52.94	71.37
2021-07-01	54.75	73.24
2021-07-02	51.8	71.1
2021-07-05	51.69	68.2
2021-07-06	52.29	68.61
2021-07-07	52.18	70.39
2021-07-08	49.1	70.0
2021-07-09	48.65	69.2
2021-07-12	49.15	70.7
2021-07-13	49.97	72.8
2021-07-14	48.95	72.0
2021-07-15	51.05	71.17
2021-07-16	51.0	69.7
2021-07-19	50.83	70.14
2021-07-20	49.91	69.61
2021-07-21	49.7	67.99
2021-07-22	50.25	68.3
2021-07-23	50.05	66.96
2021-07-26	47.7	64.68
2021-07-27	46.17	61.4
2021-07-28	47.47	63.28
2021-07-29	47.95	63.3
2021-07-30	46.5	63.51
2021-08-02	47.71	66.08
2021-08-03	47.59	70.92
2021-08-04	47.0	69.99
2021-08-05	46.75	69.9
2021-08-06	47.59	70.35
2021-08-09	49.06	72.47
2021-08-10	50.21	72.85
2021-08-11	50.9	71.93
2021-08-12	50.68	70.92
2021-08-13	51.18	71.61
