,国泰纳斯达克100ETF,华安创业板50ETF,组合1
2016-06-30,1.0,1.0,1.0
2016-07-01,1.007078507078507,1.0,1.0035392535392536
2016-07-08,1.0328185328185329,1.0001,1.0164592664092664
2016-07-15,1.0456885456885456,1.0003,1.0229942728442727
2016-07-21,1.0598455598455598,0.9934,1.0266227799227798
2016-07-22,1.0604890604890604,0.9858,1.0231445302445303
2016-07-25,1.0637065637065637,0.9818,1.0227532818532818
2016-07-26,1.0637065637065637,0.9971,1.0304032818532818
2016-07-27,1.0688545688545688,0.9389,1.0038772844272843
2016-07-28,1.072072072072072,0.9329,1.002486036036036
2016-07-29,1.0727155727155726,0.9241,0.9984077863577863
2016-08-01,1.0746460746460746,0.9129,0.9937730373230373
2016-08-02,1.0688545688545688,0.9199,0.9943772844272845
2016-08-03,1.0682110682110681,0.9167,0.9924555341055341
2016-08-04,1.0746460746460746,0.9281,1.0013730373230374
2016-08-05,1.0849420849420848,0.9167,1.0008210424710424
2016-08-08,1.0868725868725868,0.9252,1.0060362934362934
2016-08-09,1.0881595881595882,0.9351,1.011629794079794
2016-08-10,1.0849420849420848,0.9269,1.0059210424710423
2016-08-11,1.0849420849420848,0.9125,0.9987210424710424
2016-08-12,1.09009009009009,0.9213,1.005695045045045
2016-08-15,1.0926640926640927,0.9554,1.0240320463320463
2016-08-16,1.0842985842985844,0.9597,1.0219992921492922
2016-08-17,1.0823680823680824,0.9617,1.0220340411840412
2016-08-18,1.0868725868725868,0.9596,1.0232362934362933
2016-08-19,1.0849420849420848,0.9577,1.0213210424710424
2016-08-22,1.0926640926640927,0.9394,1.0160320463320462
2016-08-23,1.0933075933075933,0.9428,1.0180537966537966
2016-08-24,1.083011583011583,0.95,1.0165057915057916
2016-08-25,1.0842985842985844,0.9415,1.0128992921492923
2016-08-26,1.0842985842985844,0.9467,1.0154992921492922
2016-08-29,1.092020592020592,0.9481,1.020060296010296
2016-08-30,1.0881595881595882,0.9495,1.0188297940797941
2016-08-31,1.0881595881595882,0.9503,1.019229794079794
2016-09-01,1.0888030888030886,0.9441,1.0164515444015443
2016-09-02,1.0913770913770913,0.9398,1.0155885456885456
2016-09-06,1.0978120978120978,0.9604,1.0291060489060488
2016-09-07,1.0965250965250966,0.9555,1.0260125482625484
2016-09-08,1.0907335907335907,0.9622,1.0264667953667954
2016-09-09,1.0643500643500643,0.9499,1.0071250321750322
2016-09-12,1.0862290862290862,0.9242,1.0052145431145432
2016-09-13,1.074002574002574,0.9196,0.996801287001287
2016-09-14,1.0817245817245817,0.9176,0.9996622908622909
2016-09-19,1.0913770913770913,0.9274,1.0093885456885456
2016-09-20,1.09009009009009,0.9252,1.0076450450450452
2016-09-21,1.1036036036036037,0.9258,1.014701801801802
2016-09-22,1.1081081081081081,0.9279,1.018004054054054
2016-09-23,1.1036036036036037,0.9194,1.0115018018018018
2016-09-26,1.0952380952380951,0.9042,0.9997190476190476
2016-09-27,1.1048906048906049,0.9131,1.0089953024453024
2016-09-28,1.1068211068211067,0.9101,1.0084605534105533
2016-09-29,1.099099099099099,0.9113,1.0051995495495496
2016-09-30,1.1087516087516087,0.9142,1.0114758043758043
2016-10-10,1.1164736164736164,0.938,1.0272368082368082
2016-10-11,1.1016731016731016,0.938,1.0198365508365508
2016-10-12,1.1036036036036037,0.9374,1.0205018018018017
2016-10-13,1.1003861003861004,0.937,1.0186930501930502
2016-10-14,1.099099099099099,0.9294,1.0142495495495494
2016-10-17,1.0997425997425998,0.9193,1.0095212998713
2016-10-18,1.1081081081081081,0.9331,1.0206040540540542
2016-10-19,1.1074646074646075,0.9282,1.0178323037323038
2016-10-20,1.1068211068211067,0.9299,1.0183605534105533
2016-10-21,1.1151866151866152,0.9258,1.0204933075933076
2016-10-24,1.1306306306306306,0.9349,1.0327653153153153
2016-10-25,1.1267696267696266,0.9366,1.0316848133848133
2016-10-26,1.119047619047619,0.9313,1.0251738095238094
2016-10-27,1.113899613899614,0.9319,1.022899806949807
2016-10-28,1.1087516087516087,0.9252,1.0169758043758044
2016-10-31,1.1042471042471043,0.9221,1.013173552123552
2016-11-01,1.0984555984555984,0.9283,1.0133777992277992
2016-11-02,1.0862290862290862,0.9135,0.9998645431145431
2016-11-03,1.0752895752895753,0.9167,0.9959947876447877
2016-11-04,1.0714285714285714,0.9133,0.9923642857142857
2016-11-07,1.1003861003861004,0.9045,1.0024430501930501
2016-11-08,1.1087516087516087,0.9123,1.0105258043758043
2016-11-09,1.113899613899614,0.899,1.006449806949807
2016-11-10,1.0971685971685972,0.9076,1.0023842985842986
2016-11-11,1.101029601029601,0.9119,1.0064648005148005
2016-11-14,1.092020592020592,0.9197,1.005860296010296
2016-11-15,1.1106821106821105,0.9291,1.0198910553410552
2016-11-16,1.1184041184041185,0.9278,1.0231020592020592
2016-11-17,1.128056628056628,0.9172,1.0226283140283141
2016-11-18,1.1254826254826256,0.9151,1.0202913127413127
2016-11-21,1.1402831402831402,0.9121,1.02619157014157
2016-11-22,1.1402831402831402,0.9259,1.0330915701415702
2016-11-23,1.1377091377091377,0.9218,1.0297545688545688
2016-11-25,1.1454311454311454,0.9247,1.0350655727155726
2016-11-28,1.1409266409266408,0.9232,1.0320633204633203
2016-11-29,1.1422136422136422,0.924,1.033106821106821
2016-11-30,1.1274131274131274,0.9357,1.0315565637065638
2016-12-01,1.1106821106821105,0.9335,1.0220910553410554
2016-12-02,1.1093951093951093,0.9159,1.0126475546975546
2016-12-05,1.119047619047619,0.913,1.0160238095238094
2016-12-06,1.117117117117117,0.8971,1.0071085585585586
2016-12-07,1.135135135135135,0.903,1.0190675675675676
2016-12-08,1.1357786357786357,0.8927,1.0142393178893179
2016-12-09,1.148005148005148,0.8862,1.017102574002574
2016-12-12,1.1454311454311454,0.835,0.9902155727155727
2016-12-13,1.1576576576576576,0.835,0.9963288288288288
2016-12-14,1.1557271557271558,0.8267,0.9912135778635779
2016-12-15,1.162162162162162,0.8339,0.9980310810810811
2016-12-16,1.1615186615186615,0.8446,1.0030593307593307
2016-12-19,1.1628056628056627,0.8362,0.9995028314028314
2016-12-20,1.1692406692406692,0.8388,1.0040203346203347
2016-12-21,1.1685971685971686,0.8411,1.0048485842985841
2016-12-22,1.164092664092664,0.8379,1.000996332046332
2016-12-23,1.166023166023166,0.8279,0.996961583011583
2016-12-27,1.1711711711711712,0.8254,0.9982855855855857
2016-12-28,1.1628056628056627,0.8199,0.9913528314028313
2016-12-29,1.1608751608751608,0.8204,0.9906375804375804
2016-12-30,1.1467181467181466,0.8211,0.9839090733590734
2016-12-31,1.1467181467181466,0.8209,0.9838090733590733
2017-01-03,1.1595881595881596,0.8238,0.9916940797940799
2017-01-04,1.166023166023166,0.8386,1.002311583011583
2017-01-05,1.1685971685971686,0.8349,1.0017485842985843
2017-01-06,1.167953667953668,0.8245,0.996226833976834
2017-01-09,1.1814671814671815,0.826,1.0037335907335907
2017-01-10,1.1833976833976834,0.8207,1.0020488416988416
2017-01-11,1.1866151866151866,0.8145,1.0005575933075934
2017-01-12,1.1833976833976834,0.8092,0.9962988416988416
2017-01-13,1.1833976833976834,0.7954,0.9893988416988417
2017-01-17,1.1814671814671815,0.7786,0.9800335907335908
2017-01-18,1.1756756756756757,0.7671,0.9713878378378378
2017-01-19,1.1756756756756757,0.7678,0.9717378378378378
2017-01-20,1.1801801801801801,0.7845,0.98234009009009
2017-01-23,1.178893178893179,0.7868,0.9828465894465894
2017-01-24,1.1827541827541828,0.7733,0.9780270913770914
2017-01-25,1.1981981981981982,0.7764,0.9872990990990991
2017-01-26,1.1994851994851996,0.7827,0.9910925997425998
2017-02-03,1.2001287001287,0.7791,0.98961435006435
2017-02-06,1.202059202059202,0.7894,0.9957296010296011
2017-02-07,1.2065637065637065,0.783,0.9947818532818533
2017-02-08,1.212998712998713,0.7903,1.0016493564993565
2017-02-09,1.2142857142857142,0.7958,1.0050428571428571
2017-02-10,1.2194337194337195,0.7915,1.0054668597168597
2017-02-13,1.2277992277992278,0.7964,1.012099613899614
2017-02-14,1.2303732303732302,0.7964,1.013386615186615
2017-02-15,1.234234234234234,0.7861,1.010167117117117
2017-02-16,1.2335907335907337,0.7882,1.0108953667953668
2017-02-17,1.236164736164736,0.7811,1.0086323680823681
2017-02-21,1.247104247104247,0.7986,1.0228521235521235
2017-02-22,1.2483912483912483,0.7999,1.0241456241956242
2017-02-23,1.2419562419562418,0.8001,1.021028120978121
2017-02-24,1.2432432432432432,0.8061,1.0246716216216216
2017-02-27,1.247104247104247,0.8003,1.0237021235521235
2017-02-28,1.2419562419562418,0.8002,1.021078120978121
2017-03-01,1.256113256113256,0.8013,1.028706628056628
2017-03-02,1.2503217503217503,0.7935,1.0219108751608752
2017-03-03,1.2541827541827542,0.7946,1.024391377091377
2017-03-06,1.249034749034749,0.8108,1.0299173745173746
2017-03-07,1.2496782496782497,0.8175,1.033589124839125
2017-03-08,1.252895752895753,0.81,1.0314478764478765
2017-03-09,1.2554697554697554,0.8079,1.0316848777348777
2017-03-10,1.2606177606177607,0.8058,1.0332088803088804
2017-03-13,1.2599742599742598,0.8148,1.0373871299871298
2017-03-14,1.2593307593307594,0.8065,1.0329153796653796
2017-03-15,1.2670527670527671,0.8084,1.0377263835263837
2017-03-16,1.2619047619047619,0.8117,1.036802380952381
2017-03-17,1.2612612612612613,0.8044,1.0328306306306305
2017-03-20,1.2644787644787645,0.8057,1.0350893822393823
2017-03-21,1.247104247104247,0.8079,1.0275021235521236
2017-03-22,1.2516087516087515,0.7982,1.0249043758043759
2017-03-23,1.2483912483912483,0.796,1.022195624195624
2017-03-24,1.2503217503217503,0.8023,1.0263108751608752
2017-03-27,1.2496782496782497,0.7959,1.0227891248391248
2017-03-28,1.2586872586872586,0.7936,1.0261436293436292
2017-03-29,1.2664092664092663,0.7862,1.0263046332046333
2017-03-30,1.2683397683397684,0.7682,1.018269884169884
2017-03-31,1.268983268983269,0.7757,1.0223416344916345
2017-04-05,1.2638352638352637,0.7917,1.0277676319176319
2017-04-06,1.2644787644787645,0.7917,1.0280893822393822
2017-04-07,1.2644787644787645,0.7921,1.0282893822393824
2017-04-10,1.2664092664092663,0.7748,1.0206046332046332
2017-04-11,1.2599742599742598,0.776,1.01798712998713
2017-04-12,1.2541827541827542,0.7672,1.010691377091377
2017-04-13,1.2438867438867438,0.7733,1.008593371943372
2017-04-17,1.2567567567567568,0.7557,1.0062283783783785
2017-04-18,1.256113256113256,0.7433,0.999706628056628
2017-04-19,1.2541827541827542,0.7453,0.999741377091377
2017-04-20,1.2664092664092663,0.7454,1.005904633204633
2017-04-21,1.2670527670527671,0.7391,1.0030763835263836
2017-04-24,1.2792792792792793,0.724,1.0016396396396396
2017-04-25,1.2915057915057915,0.7284,1.0099528957528958
2017-04-26,1.29021879021879,0.7265,1.008359395109395
2017-04-27,1.2979407979407978,0.7365,1.017220398970399
2017-04-28,1.301158301158301,0.7394,1.0202791505791504
2017-05-02,1.3159588159588158,0.7396,1.0277794079794078
2017-05-03,1.3101673101673101,0.738,1.024083655083655
2017-05-04,1.3120978120978122,0.7375,1.0247989060489062
2017-05-05,1.3153153153153152,0.7287,1.0220076576576576
2017-05-08,1.319176319176319,0.7212,1.0201881595881594
2017-05-09,1.3256113256113256,0.7301,1.0278556628056628
2017-05-10,1.3268983268983268,0.7185,1.0226991634491633
2017-05-11,1.3256113256113256,0.7186,1.0221056628056628
2017-05-12,1.3262548262548262,0.7177,1.021977413127413
2017-05-15,1.3288288288288288,0.7175,1.0231644144144143
2017-05-16,1.3326898326898327,0.7313,1.0319949163449162
2017-05-17,1.2966537966537968,0.7376,1.0171268983268984
2017-05-18,1.306306306306306,0.7337,1.020003153153153
2017-05-19,1.3159588159588158,0.7289,1.0224294079794078
2017-05-22,1.3243243243243241,0.7212,1.022762162162162
2017-05-23,1.324967824967825,0.7076,1.0162839124839125
2017-05-24,1.3333333333333333,0.7137,1.0235166666666666
2017-05-25,1.342985842985843,0.7164,1.0296929214929216
2017-05-26,1.3455598455598456,0.7097,1.0276299227799228
2017-05-31,1.3436293436293436,0.7099,1.026764671814672
2017-06-01,1.3397683397683395,0.6946,1.0171841698841697
2017-06-02,1.3545688545688546,0.7067,1.0306344272844272
2017-06-05,1.3507078507078507,0.7133,1.0320039253539255
2017-06-06,1.3455598455598456,0.7155,1.0305299227799227
2017-06-07,1.348777348777349,0.7299,1.0393386743886746
2017-06-08,1.351994851994852,0.7272,1.0395974259974259
2017-06-09,1.3204633204633205,0.7285,1.0244816602316602
2017-06-12,1.3127413127413128,0.7175,1.0151206563706565
2017-06-13,1.3223938223938225,0.7282,1.0252969111969112
2017-06-14,1.3166023166023164,0.7267,1.0216511583011583
2017-06-15,1.3088803088803087,0.7408,1.0248401544401544
2017-06-16,1.306306306306306,0.739,1.022653153153153
2017-06-19,1.3268983268983268,0.7409,1.0338991634491634
2017-06-20,1.3185328185328185,0.7424,1.0304664092664093
2017-06-21,1.3333333333333333,0.7435,1.0384166666666665
2017-06-22,1.3326898326898327,0.7308,1.0317449163449164
2017-06-23,1.3391248391248392,0.7337,1.0364124195624196
2017-06-26,1.3333333333333333,0.7389,1.0361166666666666
2017-06-27,1.3101673101673101,0.7379,1.024033655083655
2017-06-28,1.324967824967825,0.7317,1.0283339124839124
2017-06-29,1.2998712998712998,0.7345,1.01718564993565
2017-06-30,1.2953667953667953,0.7348,1.0150833976833977
2017-07-03,1.2844272844272844,0.7436,1.014013642213642
2017-07-05,1.2992277992277992,0.7452,1.0222138996138996
2017-07-06,1.2876447876447876,0.7453,1.0164723938223938
2017-07-07,1.3005148005148004,0.7452,1.0228574002574002
2017-07-10,1.3101673101673101,0.7302,1.0201836550836552
2017-07-11,1.3140283140283138,0.7217,1.017864157014157
2017-07-12,1.3281853281853282,0.7235,1.0258426640926641
2017-07-13,1.3301158301158302,0.7178,1.023957915057915
2017-07-14,1.3397683397683395,0.7054,1.0225841698841698
2017-07-17,1.335907335907336,0.6669,1.001403667953668
2017-07-18,1.3455598455598456,0.6734,1.009479922779923
2017-07-19,1.3507078507078507,0.6793,1.0150039253539254
2017-07-20,1.351994851994852,0.6819,1.0169474259974258
2017-07-21,1.3507078507078507,0.6835,1.0171039253539254
2017-07-24,1.3552123552123552,0.6823,1.0187561776061775
2017-07-25,1.3545688545688546,0.684,1.0192844272844273
2017-07-26,1.3597168597168596,0.6827,1.0212084298584299
2017-07-27,1.3474903474903475,0.7091,1.0282951737451738
2017-07-28,1.3468468468468469,0.7052,1.0260234234234233
2017-07-31,1.3391248391248392,0.7065,1.0228124195624195
2017-08-01,1.3397683397683395,0.7096,1.0246841698841698
2017-08-02,1.3449163449163448,0.7045,1.0247081724581724
2017-08-03,1.3404118404118406,0.7083,1.0243559202059203
2017-08-04,1.3404118404118406,0.7025,1.0214559202059204
2017-08-07,1.3500643500643499,0.7065,1.028282175032175
2017-08-08,1.3474903474903475,0.7137,1.0305951737451737
2017-08-09,1.3436293436293436,0.716,1.029814671814672
2017-08-10,1.3088803088803087,0.7103,1.0095901544401544
2017-08-11,1.3159588159588158,0.7057,1.0108294079794078
2017-08-14,1.3320463320463318,0.7284,1.030223166023166
2017-08-15,1.3346203346203345,0.7306,1.0326101673101673
2017-08-16,1.3384813384813385,0.7451,1.0417906692406693
2017-08-17,1.3101673101673101,0.7509,1.030533655083655
2017-08-18,1.3095238095238095,0.7447,1.0271119047619048
2017-08-21,1.3075933075933075,0.7476,1.0275966537966537
2017-08-22,1.324967824967825,0.741,1.0329839124839124
2017-08-23,1.3204633204633205,0.7371,1.0287816602316602
2017-08-24,1.3146718146718148,0.7317,1.0231859073359075
2017-08-25,1.3133848133848134,0.7413,1.0273424066924066
2017-08-28,1.3120978120978122,0.7557,1.033898906048906
2017-08-29,1.3166023166023164,0.7501,1.033351158301158
2017-08-30,1.3288288288288288,0.7516,1.0402144144144145
2017-08-31,1.3397683397683395,0.7565,1.0481341698841697
2017-09-01,1.3371943371943371,0.7669,1.0520471685971686
2017-09-05,1.3140283140283138,0.7732,1.0436141570141568
2017-09-06,1.3172458172458172,0.7834,1.0503229086229087
2017-09-07,1.319176319176319,0.7782,1.0486881595881594
2017-09-08,1.3037323037323036,0.7744,1.0390661518661517
2017-09-11,1.3172458172458172,0.783,1.0501229086229087
2017-09-12,1.3262548262548262,0.7749,1.050577413127413
2017-09-13,1.3307593307593308,0.7778,1.0542796653796653
2017-09-14,1.3243243243243241,0.7728,1.0485621621621621
2017-09-15,1.3275418275418276,0.7704,1.0489709137709138
2017-09-18,1.3256113256113256,0.7753,1.0504556628056627
2017-09-19,1.3301158301158302,0.7663,1.048207915057915
2017-09-20,1.3294723294723294,0.7736,1.0515361647361647
2017-09-21,1.324967824967825,0.7631,1.0440339124839124
2017-09-22,1.3243243243243241,0.7626,1.043462162162162
2017-09-25,1.3120978120978122,0.7494,1.0307489060489061
2017-09-26,1.3172458172458172,0.7489,1.0330729086229087
2017-09-27,1.3320463320463318,0.7576,1.044823166023166
2017-09-28,1.3326898326898327,0.7575,1.0450949163449164
2017-09-29,1.3449163449163448,0.7629,1.0539081724581725
2017-10-09,1.364864864864865,0.7747,1.0697824324324325
2017-10-10,1.3616473616473617,0.7837,1.0726736808236808
2017-10-11,1.357142857142857,0.7742,1.0656714285714286
2017-10-12,1.353925353925354,0.7757,1.064812676962677
2017-10-13,1.3597168597168596,0.7908,1.0752584298584298
2017-10-16,1.3642213642213643,0.7689,1.0665606821106821
2017-10-17,1.3667953667953667,0.7662,1.0664976833976834
2017-10-18,1.3674388674388673,0.7624,1.0649194337194337
2017-10-19,1.3642213642213643,0.7574,1.0608106821106822
2017-10-20,1.368082368082368,0.7674,1.067741184041184
2017-10-23,1.361003861003861,0.7748,1.0679019305019306
2017-10-24,1.364864864864865,0.7767,1.0707824324324324
2017-10-25,1.3603603603603602,0.7805,1.07043018018018
2017-10-26,1.3552123552123552,0.777,1.0661061776061775
2017-10-27,1.397039897039897,0.7694,1.0832199485199485
2017-10-30,1.4009009009009008,0.7467,1.0738004504504504
2017-10-31,1.4034749034749034,0.7538,1.0786374517374517
2017-11-01,1.4015444015444014,0.7498,1.0756722007722006
2017-11-02,1.3957528957528957,0.7374,1.066576447876448
2017-11-03,1.4066924066924067,0.7321,1.0693962033462032
2017-11-06,1.4144144144144144,0.7387,1.0765572072072072
2017-11-07,1.415057915057915,0.7424,1.0787289575289574
2017-11-08,1.4214929214929215,0.7489,1.0851964607464608
2017-11-09,1.4157014157014158,0.7582,1.086950707850708
2017-11-10,1.4144144144144144,0.7623,1.0883572072072072
2017-11-13,1.4176319176319174,0.7647,1.0911659588159588
2017-11-14,1.4131274131274132,0.759,1.0860637065637067
2017-11-15,1.4034749034749034,0.7466,1.0750374517374517
2017-11-16,1.4227799227799227,0.7472,1.0849899613899614
2017-11-17,1.4169884169884168,0.7301,1.0735442084942084
2017-11-20,1.4157014157014158,0.7399,1.077800707850708
2017-11-21,1.4330759330759328,0.7425,1.0877879665379664
2017-11-22,1.4330759330759328,0.7405,1.0867879665379665
2017-11-24,1.4279279279279278,0.7163,1.0721139639639639
2017-11-27,1.4285714285714286,0.7101,1.0693357142857143
2017-11-28,1.4337194337194339,0.7252,1.0794597168597169
2017-11-29,1.4111969111969112,0.7224,1.0667984555984555
2017-11-30,1.4234234234234235,0.7164,1.0699117117117118
2017-12-01,1.4176319176319174,0.7327,1.0751659588159588
2017-12-04,1.402187902187902,0.7279,1.065043951093951
2017-12-05,1.4028314028314028,0.7112,1.0570157014157013
2017-12-06,1.4099099099099097,0.7206,1.0652549549549548
2017-12-07,1.4157014157014158,0.7155,1.065600707850708
2017-12-08,1.4227799227799227,0.7222,1.0724899613899614
2017-12-11,1.4324324324324325,0.7325,1.0824662162162162
2017-12-12,1.4305019305019304,0.7268,1.0786509652509653
2017-12-13,1.4343629343629343,0.7278,1.081081467181467
2017-12-14,1.4292149292149292,0.7219,1.0755574646074646
2017-12-15,1.4478764478764479,0.7188,1.0833382239382239
2017-12-18,1.46010296010296,0.7164,1.08825148005148
2017-12-19,1.451093951093951,0.7241,1.0875969755469754
2017-12-20,1.4485199485199485,0.7144,1.0814599742599742
2017-12-21,1.4433719433719432,0.7159,1.0796359716859716
2017-12-22,1.4420849420849422,0.7106,1.0763424710424712
2017-12-26,1.4259974259974262,0.7,1.062998712998713
2017-12-27,1.4266409266409266,0.6973,1.0619704633204634
2017-12-28,1.4272844272844272,0.698,1.0626422136422136
2017-12-29,1.4163449163449164,0.6995,1.0579224581724582
2017-12-31,1.4163449163449164,0.6993,1.0578224581724582
2018-01-02,1.4350064350064349,0.6721,1.0535532175032174
2018-01-03,1.4453024453024452,0.6857,1.0655012226512226
2018-01-04,1.44980694980695,0.6831,1.0664534749034749
2018-01-05,1.4620334620334619,0.6839,1.0729667310167308
2018-01-08,1.4646074646074645,0.683,1.0738037323037322
2018-01-09,1.467824967824968,0.6806,1.074212483912484
2018-01-10,1.4697554697554696,0.6764,1.0730777348777347
2018-01-11,1.4787644787644787,0.6812,1.0799822393822394
2018-01-12,1.4845559845559844,0.6705,1.0775279922779921
2018-01-16,1.467181467181467,0.6475,1.0573407335907334
2018-01-17,1.4826254826254825,0.6522,1.0674127413127412
2018-01-18,1.4845559845559844,0.6502,1.0673779922779922
2018-01-19,1.4845559845559844,0.6488,1.066677992277992
2018-01-22,1.4987129987129988,0.6662,1.0824564993564993
2018-01-23,1.5090090090090091,0.6645,1.0867545045045046
2018-01-24,1.4974259974259974,0.6873,1.0923629987129986
2018-01-25,1.4916344916344917,0.6862,1.0889172458172458
2018-01-26,1.5083655083655083,0.6881,1.0982327541827541
2018-01-29,1.4967824967824968,0.687,1.0918912483912484
2018-01-30,1.485199485199485,0.6794,1.0822997425997425
2018-01-31,1.4903474903474903,0.6595,1.074923745173745
2018-02-01,1.4736164736164736,0.644,1.0588082368082368
2018-02-02,1.4395109395109396,0.648,1.0437554697554698
2018-02-05,1.386100386100386,0.6431,1.0146001930501929
2018-02-06,1.4240669240669241,0.6073,1.015683462033462
2018-02-07,1.402187902187902,0.616,1.009093951093951
2018-02-08,1.3416988416988416,0.6266,0.9841494208494208
2018-02-09,1.3725868725868726,0.6052,0.9888934362934363
2018-02-12,1.3918918918918917,0.6276,1.009745945945946
2018-02-13,1.4034749034749034,0.6263,1.0148874517374518
2018-02-14,1.4343629343629343,0.6231,1.0287314671814671
2018-02-22,1.4555984555984556,0.6375,1.0465492277992277
2018-02-23,1.4845559845559844,0.636,1.0602779922779921
2018-02-26,1.501930501930502,0.662,1.081965250965251
2018-02-27,1.4768339768339767,0.67,1.0734169884169884
2018-02-28,1.4703989703989704,0.6744,1.0723994851994851
2018-03-01,1.4485199485199485,0.687,1.0677599742599742
2018-03-02,1.4613899613899612,0.6785,1.0699449806949806
2018-03-05,1.4794079794079793,0.6893,1.0843539897039896
2018-03-06,1.485199485199485,0.6883,1.0867497425997426
2018-03-07,1.4864864864864864,0.6804,1.0834432432432433
2018-03-08,1.4935649935649937,0.683,1.0882824967824969
2018-03-09,1.5283140283140282,0.712,1.120157014157014
2018-03-12,1.5315315315315314,0.7245,1.1280157657657657
2018-03-13,1.5102960102960101,0.7213,1.115798005148005
2018-03-14,1.5083655083655083,0.7103,1.1093327541827542
2018-03-15,1.505148005148005,0.7155,1.1103240025740027
2018-03-16,1.507078507078507,0.7021,1.1045892535392534
2018-03-19,1.4723294723294722,0.7105,1.0914147361647362
2018-03-20,1.4749034749034748,0.7159,1.0954017374517373
2018-03-21,1.471042471042471,0.699,1.0850212355212354
2018-03-22,1.4285714285714286,0.694,1.0612857142857144
2018-03-23,1.3938223938223937,0.6485,1.0211611969111969
2018-03-26,1.444015444015444,0.6719,1.057957722007722
2018-03-27,1.388030888030888,0.7009,1.044465444015444
2018-03-28,1.3738738738738736,0.6964,1.0351369369369368
2018-03-29,1.4047619047619047,0.7037,1.0542309523809523
2018-04-02,1.3584298584298584,0.7235,1.0409649292149292
2018-04-03,1.3738738738738736,0.7101,1.0419869369369368
2018-04-04,1.3976833976833978,0.694,1.045841698841699
2018-04-09,1.3835263835263834,0.698,1.0407631917631917
2018-04-10,1.4131274131274132,0.6949,1.0540137065637065
2018-04-11,1.402187902187902,0.693,1.047593951093951
2018-04-12,1.4157014157014158,0.6876,1.0516507078507078
2018-04-13,1.4105534105534105,0.6883,1.0494267052767052
2018-04-16,1.42020592020592,0.6941,1.0571529601029601
2018-04-17,1.4472329472329473,0.6698,1.0585164736164736
2018-04-18,1.4523809523809523,0.6862,1.0692904761904762
2018-04-19,1.4407979407979408,0.6837,1.0622489703989704
2018-04-20,1.4189189189189189,0.6649,1.0419094594594593
2018-04-23,1.4182754182754183,0.6525,1.035387709137709
2018-04-24,1.3918918918918917,0.6778,1.0348459459459458
2018-04-25,1.38996138996139,0.6793,1.0346306949806952
2018-04-26,1.4240669240669241,0.6644,1.0442334620334621
2018-04-27,1.4272844272844272,0.6707,1.0489922136422136
2018-05-02,1.4298584298584298,0.6687,1.049279214929215
2018-05-03,1.4311454311454312,0.6825,1.0568227155727157
2018-05-04,1.4543114543114541,0.6734,1.063855727155727
2018-05-07,1.4665379665379665,0.6908,1.0786689832689833
2018-05-08,1.4665379665379665,0.6971,1.0818189832689833
2018-05-09,1.4845559845559844,0.6971,1.0908279922779922
2018-05-10,1.5006435006435006,0.6968,1.0987217503217503
2018-05-11,1.494208494208494,0.6853,1.089754247104247
2018-05-14,1.4929214929214927,0.6842,1.0885607464607463
2018-05-15,1.4794079794079793,0.6908,1.0851039897039896
2018-05-16,1.4948519948519947,0.6844,1.0896259974259974
2018-05-17,1.4877734877734876,0.6768,1.0822867438867438
2018-05-18,1.4826254826254825,0.6813,1.0819627413127413
2018-05-21,1.4922779922779923,0.6932,1.0927389961389962
2018-05-22,1.4884169884169884,0.6943,1.0913584942084942
2018-05-23,1.5,0.682,1.091
2018-05-24,1.4993564993564994,0.6772,1.0882782496782497
2018-05-25,1.5025740025740024,0.6601,1.0813370012870012
2018-05-29,1.4987129987129988,0.6525,1.0756064993564993
2018-05-30,1.5135135135135134,0.6309,1.0722067567567568
2018-05-31,1.5102960102960101,0.6355,1.072898005148005
2018-06-01,1.5328185328185329,0.627,1.0799092664092664
2018-06-04,1.5489060489060489,0.626,1.0874530244530245
2018-06-05,1.5527670527670525,0.64,1.0963835263835262
2018-06-06,1.5598455598455598,0.633,1.09642277992278
2018-06-07,1.5444015444015442,0.6301,1.087250772200772
2018-06-08,1.5469755469755468,0.6216,1.0842877734877734
2018-06-11,1.5521235521235521,0.6183,1.085211776061776
2018-06-12,1.5624195624195623,0.6278,1.0951097812097812
2018-06-13,1.5617760617760617,0.6158,1.0887880308880309
2018-06-14,1.5746460746460746,0.6127,1.0936730373230374
2018-06-15,1.577863577863578,0.5974,1.087631788931789
2018-06-19,1.5694980694980696,0.5588,1.0641490347490348
2018-06-20,1.5894465894465895,0.565,1.0772232947232947
2018-06-21,1.5785070785070783,0.5465,1.0625035392535391
2018-06-22,1.5772200772200773,0.5603,1.0687600386100387
2018-06-25,1.5450450450450448,0.5565,1.0507725225225224
2018-06-26,1.5579150579150578,0.5692,1.063557528957529
2018-06-27,1.5444015444015442,0.5642,1.0543007722007722
2018-06-28,1.5662805662805663,0.5633,1.0647902831402831
2018-06-29,1.5733590733590732,0.589,1.0811795366795365
2018-06-30,1.5733590733590732,0.589,1.0811795366795365
2018-07-02,1.5855855855855856,0.5799,1.0827427927927928
2018-07-03,1.5752895752895753,0.5904,1.0828447876447878
2018-07-05,1.5875160875160874,0.5648,1.0761580437580438
2018-07-06,1.6158301158301158,0.5678,1.0918150579150578
2018-07-09,1.6319176319176318,0.5796,1.1057588159588159
2018-07-10,1.6299871299871298,0.5844,1.107193564993565
2018-07-11,1.62033462033462,0.5724,1.09636731016731
2018-07-12,1.6589446589446588,0.5932,1.1260723294723294
2018-07-13,1.6608751608751608,0.5945,1.1276875804375806
2018-07-16,1.6557271557271556,0.5914,1.1235635778635777
2018-07-17,1.6692406692406692,0.5947,1.1319703346203345
2018-07-18,1.6673101673101673,0.5862,1.1267550836550837
2018-07-19,1.6628056628056629,0.5827,1.1227528314028314
2018-07-20,1.6763191763191763,0.5914,1.133859588159588
2018-07-23,1.6814671814671813,0.6009,1.1411835907335908
2018-07-24,1.694980694980695,0.6063,1.1506403474903475
2018-07-25,1.7207207207207207,0.6066,1.1636603603603604
2018-07-26,1.6904761904761902,0.5951,1.142788095238095
2018-07-27,1.6718146718146716,0.5886,1.1302073359073357
2018-07-30,1.6537966537966537,0.5766,1.115198326898327
2018-07-31,1.6640926640926639,0.5734,1.118746332046332
2018-08-01,1.6756756756756757,0.5654,1.120537837837838
2018-08-02,1.689189189189189,0.5508,1.1199945945945946
2018-08-03,1.7046332046332047,0.5411,1.1228666023166023
2018-08-06,1.7194337194337195,0.5291,1.1242668597168597
2018-08-07,1.723294723294723,0.5458,1.1345473616473616
2018-08-08,1.7207207207207207,0.5328,1.1267603603603604
2018-08-09,1.72007722007722,0.5522,1.1361386100386102
2018-08-10,1.7104247104247103,0.5547,1.1325623552123552
2018-08-13,1.7136422136422134,0.5624,1.1380211068211068
2018-08-14,1.7252252252252251,0.5567,1.1409626126126127
2018-08-15,1.7078507078507077,0.5392,1.1235253539253538
2018-08-16,1.7142857142857144,0.5371,1.1256928571428573
2018-08-17,1.7136422136422134,0.5277,1.1206711068211066
2018-08-20,1.7084942084942083,0.5338,1.1211471042471042
2018-08-21,1.7059202059202057,0.5402,1.1230601029601028
2018-08-22,1.7104247104247103,0.533,1.1217123552123551
2018-08-23,1.7104247104247103,0.5396,1.1250123552123552
2018-08-24,1.7355212355212355,0.5349,1.1352106177606178
2018-08-27,1.7477477477477479,0.5505,1.149123873873874
2018-08-28,1.7387387387387387,0.5515,1.1451193693693693
2018-08-29,1.7599742599742598,0.5479,1.15393712998713
2018-08-30,1.7567567567567568,0.5369,1.1468283783783784
2018-08-31,1.7631917631917633,0.5279,1.1455458815958817
2018-09-04,1.7541827541827542,0.5376,1.145891377091377
2018-09-05,1.7329472329472329,0.5284,1.1306736164736164
2018-09-06,1.7155727155727154,0.5249,1.1202363577863577
2018-09-07,1.7104247104247103,0.523,1.1167123552123552
2018-09-10,1.7187902187902186,0.5039,1.1113451093951094
2018-09-11,1.734877734877735,0.505,1.1199388674388675
2018-09-12,1.7316602316602314,0.5038,1.1177301158301156
2018-09-13,1.747104247104247,0.5065,1.1268021235521235
2018-09-14,1.7406692406692406,0.4979,1.1192846203346203
2018-09-17,1.7187902187902186,0.4918,1.1052951093951093
2018-09-18,1.7335907335907335,0.501,1.1172953667953667
2018-09-19,1.7329472329472329,0.507,1.1199736164736165
2018-09-20,1.750965250965251,0.5054,1.1281826254826255
2018-09-21,1.7368082368082367,0.5147,1.1257541184041184
2018-09-25,1.747104247104247,0.5091,1.1281021235521236
2018-09-26,1.7496782496782495,0.513,1.1313391248391247
2018-09-27,1.767052767052767,0.5032,1.1351263835263834
2018-09-28,1.7702702702702702,0.5102,1.1402351351351352
2018-10-08,1.7117117117117118,0.4859,1.098805855855856
2018-10-09,1.7168597168597168,0.4812,1.0990298584298583
2018-10-10,1.6409266409266408,0.4803,1.0606133204633204
2018-10-11,1.6241956241956241,0.4475,1.035847812097812
2018-10-12,1.667953667953668,0.4494,1.058676833976834
2018-10-15,1.6480051480051479,0.4422,1.045102574002574
2018-10-16,1.696911196911197,0.4312,1.0640555984555986
2018-10-17,1.6962676962676964,0.4353,1.0657838481338482
2018-10-18,1.6621621621621623,0.4267,1.044431081081081
2018-10-19,1.6621621621621623,0.4458,1.0539810810810812
2018-10-22,1.6666666666666665,0.4727,1.0696833333333333
2018-10-23,1.6628056628056629,0.4617,1.0622528314028314
2018-10-24,1.5875160875160874,0.4569,1.0222080437580436
2018-10-25,1.638996138996139,0.4537,1.0463480694980696
2018-10-26,1.604247104247104,0.4469,1.025573552123552
2018-10-29,1.5675675675675675,0.4414,1.0044837837837837
2018-10-30,1.5945945945945947,0.4483,1.0214472972972974
2018-10-31,1.633204633204633,0.4522,1.0427023166023166
2018-11-01,1.6589446589446588,0.4577,1.0583223294723294
2018-11-02,1.628056628056628,0.4822,1.055128314028314
2018-11-05,1.6113256113256114,0.4829,1.0471128056628056
2018-11-06,1.6261261261261262,0.4815,1.053813063063063
2018-11-07,1.675032175032175,0.4805,1.0777660875160875
2018-11-08,1.6673101673101673,0.4726,1.0699550836550837
2018-11-09,1.6435006435006434,0.4729,1.0582003217503217
2018-11-12,1.5984555984555984,0.4907,1.0445777992277991
2018-11-13,1.6023166023166024,0.4979,1.0501083011583012
2018-11-14,1.583011583011583,0.495,1.0390057915057915
2018-11-15,1.6113256113256114,0.5037,1.0575128056628058
2018-11-16,1.604247104247104,0.5024,1.053323552123552
2018-11-19,1.5482625482625483,0.5009,1.024581274131274
2018-11-20,1.5238095238095237,0.4852,1.0045047619047618
2018-11-21,1.5386100386100385,0.4866,1.0126050193050193
2018-11-23,1.5238095238095237,0.4636,0.9937047619047619
2018-11-26,1.5624195624195623,0.4624,1.0124097812097812
2018-11-27,1.5675675675675675,0.4656,1.016583783783784
2018-11-28,1.6184041184041185,0.4758,1.0471020592020592
2018-11-29,1.61003861003861,0.464,1.037019305019305
2018-11-30,1.6229086229086227,0.4714,1.0471543114543114
2018-12-03,1.6525096525096525,0.4882,1.0703548262548264
2018-12-04,1.5785070785070783,0.491,1.0347535392535392
2018-12-06,1.5804375804375803,0.4733,1.02686879021879
2018-12-07,1.5302445302445302,0.473,1.001622265122265
2018-12-10,1.5469755469755468,0.4672,1.0070877734877735
2018-12-11,1.5585585585585586,0.4723,1.0154292792792794
2018-12-12,1.574002574002574,0.4731,1.023551287001287
2018-12-13,1.5682110682110681,0.4789,1.023555534105534
2018-12-14,1.5283140283140282,0.4642,0.9962570141570141
2018-12-17,1.4987129987129988,0.4603,0.9795064993564994
2018-12-18,1.507078507078507,0.457,0.9820392535392536
2018-12-19,1.4736164736164736,0.4478,0.9607082368082368
2018-12-20,1.453024453024453,0.4493,0.9511622265122265
2018-12-21,1.4054054054054055,0.4466,0.9260027027027027
2018-12-24,1.375160875160875,0.452,0.9135804375804375
2018-12-26,1.454954954954955,0.4414,0.9481774774774775
2018-12-27,1.4620334620334619,0.4363,0.9491667310167309
2018-12-28,1.454954954954955,0.4369,0.9459274774774775
2018-12-31,1.4652509652509653,0.4369,0.9510754826254827
2019-01-02,1.4697554697554696,0.4289,0.9493277348777348
2019-01-03,1.422136422136422,0.4234,0.922768211068211
2019-01-04,1.4832689832689834,0.4359,0.9595844916344917
2019-01-07,1.4961389961389961,0.4428,0.9694694980694981
2019-01-08,1.5077220077220077,0.4415,0.9746110038610039
2019-01-09,1.521235521235521,0.4407,0.9809677606177605
2019-01-10,1.5173745173745175,0.438,0.9776872586872587
2019-01-11,1.507078507078507,0.4386,0.9728392535392536
2019-01-14,1.4858429858429858,0.4328,0.9593214929214929
2019-01-15,1.5141570141570142,0.4425,0.978328507078507
2019-01-16,1.5154440154440154,0.4422,0.9788220077220077
2019-01-17,1.5263835263835264,0.4366,0.9814917631917632
2019-01-18,1.5431145431145432,0.4442,0.9936572715572716
2019-01-21,1.5450450450450448,0.4477,0.9963725225225224
2019-01-22,1.516087516087516,0.4394,0.977743758043758
2019-01-23,1.5205920205920205,0.4382,0.9793960102960102
2019-01-24,1.5270270270270272,0.4436,0.9853135135135136
2019-01-25,1.5495495495495495,0.445,0.9972747747747748
2019-01-28,1.5186615186615184,0.4427,0.9806807593307592
2019-01-29,1.5012870012870014,0.4368,0.9690435006435008
2019-01-30,1.5411840411840412,0.4307,0.9859420205920206
2019-01-31,1.555984555984556,0.4309,0.993442277992278
2019-02-01,1.55019305019305,0.4478,0.998996525096525
2019-02-11,1.5675675675675675,0.462,1.0147837837837839
2019-02-12,1.5978120978120978,0.4673,1.0325560489060488
2019-02-13,1.5958815958815957,0.4774,1.0366407979407979
2019-02-14,1.5997425997425998,0.4807,1.0402212998712999
2019-02-15,1.604247104247104,0.4751,1.039673552123552
2019-02-18,1.604890604890605,0.4966,1.0507453024453026
2019-02-19,1.6068211068211067,0.4935,1.0501605534105534
2019-02-20,1.604890604890605,0.4919,1.0483953024453025
2019-02-21,1.5907335907335907,0.4939,1.0423167953667953
2019-02-22,1.601029601029601,0.5134,1.0572148005148005
2019-02-25,1.606177606177606,0.5483,1.077238803088803
2019-02-26,1.6036036036036037,0.5503,1.0769518018018018
2019-02-27,1.5997425997425998,0.5408,1.0702712998712998
2019-02-28,1.5965250965250963,0.5488,1.072662548262548
2019-03-01,1.61003861003861,0.5618,1.085919305019305
2019-03-04,1.6113256113256114,0.5757,1.0935128056628056
2019-03-05,1.6113256113256114,0.5927,1.1020128056628056
2019-03-06,1.602960102960103,0.6019,1.1024300514800516
2019-03-07,1.584942084942085,0.5992,1.0920710424710425
2019-03-08,1.5855855855855856,0.5803,1.0829427927927928
2019-03-11,1.6184041184041185,0.6041,1.1112520592020592
2019-03-12,1.6248391248391247,0.6124,1.1186195624195623
2019-03-13,1.6370656370656371,0.5897,1.1133828185328185
2019-03-14,1.6312741312741312,0.5823,1.1067870656370657
2019-03-15,1.64993564993565,0.5834,1.116667824967825
2019-03-18,1.651866151866152,0.5971,1.124483075933076
2019-03-19,1.6563706563706562,0.5968,1.1265853281853282
2019-03-20,1.6640926640926639,0.5946,1.129346332046332
2019-03-21,1.6827541827541828,0.5993,1.1410270913770915
2019-03-22,1.6480051480051479,0.5951,1.1215525740025738
2019-03-25,1.6492921492921493,0.5847,1.1169960746460745
2019-03-26,1.6557271557271556,0.5689,1.1123135778635778
2019-03-27,1.6486486486486485,0.5717,1.1101743243243243
2019-03-28,1.6544401544401546,0.5655,1.1099700772200773
2019-03-29,1.6692406692406692,0.5891,1.1291703346203346
2019-04-01,1.687902187902188,0.612,1.149951093951094
2019-04-02,1.6917631917631917,0.6099,1.1508315958815958
2019-04-03,1.7033462033462032,0.6163,1.1598231016731015
2019-04-04,1.6988416988416988,0.6151,1.1569708494208495
2019-04-08,1.7155727155727154,0.6036,1.1595863577863577
2019-04-09,1.707207207207207,0.6067,1.1569536036036037
2019-04-10,1.7155727155727154,0.6001,1.1578363577863577
2019-04-11,1.711068211068211,0.5864,1.1487341055341056
2019-04-12,1.723294723294723,0.5886,1.1559473616473617
2019-04-15,1.72007722007722,0.5777,1.14888861003861
2019-04-16,1.7258687258687258,0.5951,1.1604843629343629
2019-04-17,1.7316602316602314,0.5981,1.1648801158301156
2019-04-18,1.729086229086229,0.5936,1.1613431145431146
2019-04-19,1.7323037323037325,0.5979,1.1651018661518662
2019-04-22,1.7368082368082367,0.5872,1.1620041184041183
2019-04-23,1.7599742599742598,0.5809,1.17043712998713
2019-04-24,1.7580437580437582,0.5919,1.174971879021879
2019-04-25,1.7664092664092663,0.5717,1.1690546332046332
2019-04-26,1.768983268983269,0.5706,1.1697916344916344
2019-04-29,1.7709137709137708,0.5564,1.1636568854568854
2019-04-30,1.7586872586872586,0.5542,1.1564436293436293
2019-05-06,1.7631917631917633,0.5119,1.1375458815958817
2019-05-07,1.736164736164736,0.5171,1.126632368082368
2019-05-08,1.731016731016731,0.5124,1.1217083655083655
2019-05-09,1.7245817245817245,0.5059,1.1152408622908623
2019-05-10,1.7323037323037325,0.5291,1.1307018661518662
2019-05-13,1.6711711711711712,0.5191,1.0951355855855855
2019-05-14,1.698198198198198,0.5178,1.107999099099099
2019-05-15,1.7284427284427284,0.5297,1.1290713642213641
2019-05-16,1.7464607464607464,0.5306,1.138530373230373
2019-05-17,1.7323037323037325,0.5104,1.1213518661518662
2019-05-20,1.7059202059202057,0.5104,1.108160102960103
2019-05-21,1.7226512226512227,0.5176,1.1201256113256113
2019-05-22,1.7155727155727154,0.5152,1.1153863577863576
2019-05-23,1.6898326898326896,0.5021,1.0959663449163448
2019-05-24,1.6885456885456886,0.5013,1.0949228442728443
2019-05-27,1.6866151866151866,0.5156,1.1011075933075933
2019-05-28,1.6827541827541828,0.5178,1.1002770913770914
2019-05-29,1.6685971685971686,0.514,1.0912985842985843
2019-05-30,1.6756756756756757,0.5071,1.0913878378378379
2019-05-31,1.6486486486486485,0.5067,1.0776743243243243
2019-06-03,1.6113256113256114,0.501,1.0561628056628056
2019-06-04,1.651866151866152,0.4967,1.074283075933076
2019-06-05,1.666023166023166,0.4959,1.0809615830115828
2019-06-06,1.6801801801801803,0.4859,1.08304009009009
2019-06-10,1.7316602316602314,0.4906,1.1111301158301157
2019-06-11,1.734234234234234,0.5106,1.1224171171171171
2019-06-12,1.7245817245817245,0.5051,1.1148408622908623
2019-06-13,1.734234234234234,0.5063,1.120267117117117
2019-06-14,1.7265122265122264,0.4988,1.1126561132561132
2019-06-17,1.7374517374517375,0.4975,1.1174758687258688
2019-06-18,1.7625482625482625,0.5004,1.1314741312741312
2019-06-19,1.768983268983269,0.5068,1.1378916344916346
2019-06-20,1.783140283140283,0.5188,1.1509701415701414
2019-06-21,1.7722007722007722,0.5299,1.151050386100386
2019-06-24,1.7715572715572716,0.527,1.1492786357786358
2019-06-25,1.7432432432432432,0.5236,1.1334216216216215
2019-06-26,1.7541827541827542,0.5262,1.140191377091377
2019-06-27,1.7631917631917633,0.5328,1.1479958815958817
2019-06-28,1.7651222651222649,0.5284,1.1467611325611324
2019-06-30,1.7651222651222649,0.5284,1.1467611325611324
2019-07-01,1.7863577863577862,0.5492,1.167778893178893
2019-07-02,1.7889317889317888,0.5497,1.1693158944658943
2019-07-03,1.8056628056628057,0.543,1.174331402831403
2019-07-04,1.8075933075933077,0.5384,1.1729966537966539
2019-07-05,1.803088803088803,0.5407,1.1718944015444015
2019-07-08,1.7947232947232947,0.5232,1.1589616473616473
2019-07-09,1.8037323037323036,0.5265,1.165116151866152
2019-07-10,1.821106821106821,0.5244,1.1727534105534105
2019-07-11,1.8153153153153154,0.5246,1.1699576576576578
2019-07-12,1.8249678249678247,0.5263,1.1756339124839124
2019-07-15,1.8307593307593308,0.5348,1.1827796653796654
2019-07-16,1.8223938223938223,0.5348,1.1785969111969112
2019-07-17,1.8166023166023164,0.5373,1.1769511583011583
2019-07-18,1.8185328185328185,0.5286,1.1735664092664093
2019-07-19,1.799227799227799,0.5339,1.1665638996138994
2019-07-22,1.8185328185328185,0.5243,1.1714164092664092
2019-07-23,1.8314028314028314,0.532,1.1817014157014158
2019-07-24,1.8449163449163448,0.5393,1.1921081724581724
2019-07-25,1.8236808236808237,0.5438,1.1837404118404118
2019-07-26,1.8442728442728442,0.5448,1.194536422136422
2019-07-29,1.8384813384813385,0.5434,1.1909406692406692
2019-07-30,1.8314028314028314,0.5501,1.1907514157014156
2019-07-31,1.806949806949807,0.5461,1.1765249034749035
2019-08-01,1.797940797940798,0.545,1.171470398970399
2019-08-02,1.7747747747747746,0.5378,1.1562873873873873
2019-08-05,1.7155727155727154,0.5262,1.1208863577863577
2019-08-06,1.7516087516087515,0.5182,1.1349043758043758
2019-08-07,1.7664092664092663,0.5157,1.1410546332046332
2019-08-08,1.8082368082368083,0.5238,1.1660184041184043
2019-08-09,1.7927927927927927,0.5205,1.1566463963963964
2019-08-12,1.7747747747747746,0.5322,1.1534873873873872
2019-08-13,1.8166023166023164,0.5283,1.172451158301158
2019-08-14,1.7606177606177607,0.5334,1.1470088803088803
2019-08-15,1.7586872586872586,0.5406,1.1496436293436294
2019-08-16,1.7876447876447876,0.5441,1.1658723938223938
2019-08-19,1.815958815958816,0.5684,1.192179407979408
2019-08-20,1.805019305019305,0.564,1.1845096525096526
2019-08-21,1.821106821106821,0.5616,1.1913534105534105
2019-08-22,1.815958815958816,0.5629,1.189429407979408
2019-08-23,1.7612612612612613,0.5647,1.1629806306306305
2019-08-26,1.787001287001287,0.5584,1.1727006435006435
2019-08-27,1.7902187902187903,0.5663,1.1782593951093951
2019-08-28,1.796010296010296,0.5635,1.179755148005148
2019-08-29,1.8236808236808237,0.5617,1.1926904118404118
2019-08-30,1.8217503217503217,0.56,1.1908751608751609
2019-09-02,1.8217503217503217,0.5785,1.2001251608751609
2019-09-03,1.8024453024453024,0.5815,1.1919726512226512
2019-09-04,1.8281853281853282,0.5846,1.206392664092664
2019-09-05,1.8610038610038608,0.5934,1.2272019305019304
2019-09-06,1.8590733590733588,0.5985,1.2287866795366793
2019-09-09,1.8539253539253537,0.6176,1.2357626769626768
2019-09-10,1.8494208494208495,0.6138,1.2316104247104247
2019-09-11,1.8667953667953665,0.6061,1.2364476833976832
2019-09-12,1.8738738738738738,0.6095,1.241686936936937
2019-09-16,1.8539253539253537,0.6093,1.2316126769626767
2019-09-17,1.864221364221364,0.594,1.229110682110682
2019-09-18,1.864221364221364,0.5941,1.229160682110682
2019-09-19,1.8667953667953665,0.6027,1.2347476833976834
2019-09-20,1.848133848133848,0.6017,1.224916924066924
2019-09-23,1.8474903474903475,0.5933,1.2203951737451737
2019-09-24,1.8217503217503217,0.5999,1.2108251608751608
2019-09-25,1.8436293436293436,0.5912,1.2174146718146717
2019-09-26,1.835907335907336,0.5769,1.2064036679536678
2019-09-27,1.8153153153153154,0.5834,1.1993576576576577
2019-09-30,1.8307593307593308,0.5741,1.2024296653796656
2019-10-08,1.7966537966537965,0.5678,1.1822268983268982
2019-10-09,1.817245817245817,0.5701,1.1936729086229085
2019-10-10,1.8288288288288288,0.5863,1.2075644144144144
2019-10-11,1.8532818532818531,0.5889,1.2210909266409264
2019-10-14,1.8526383526383525,0.5949,1.2237691763191763
2019-10-15,1.8758043758043759,0.5857,1.2307521879021879
2019-10-16,1.8719433719433718,0.584,1.2279716859716858
2019-10-17,1.8777348777348777,0.5847,1.2312174388674388
2019-10-18,1.8577863577863578,0.5809,1.2193431788931788
2019-10-21,1.8738738738738738,0.5776,1.2257369369369369
2019-10-22,1.8577863577863578,0.5855,1.221643178893179
2019-10-23,1.864221364221364,0.5786,1.221410682110682
2019-10-24,1.880952380952381,0.5789,1.2299261904761905
2019-10-25,1.897039897039897,0.5864,1.2417199485199486
2019-10-28,1.9163449163449164,0.5977,1.2570224581724583
2019-10-29,1.8976833976833976,0.5899,1.2437916988416988
2019-10-30,1.9054054054054053,0.59,1.2477027027027026
2019-10-31,1.9047619047619047,0.5871,1.2459309523809523
2019-11-01,1.92020592020592,0.5958,1.25800296010296
2019-11-04,1.9298584298584298,0.5996,1.2647292149292149
2019-11-05,1.9298584298584298,0.6059,1.2678792149292148
2019-11-06,1.918918918918919,0.604,1.2614594594594595
2019-11-07,1.9227799227799227,0.6072,1.2649899613899613
2019-11-08,1.9298584298584298,0.6079,1.268879214929215
2019-11-11,1.925997425997426,0.5942,1.260098712998713
2019-11-12,1.933075933075933,0.5921,1.2625879665379665
2019-11-13,1.933075933075933,0.5975,1.2652879665379666
2019-11-14,1.9343629343629343,0.6022,1.268281467181467
2019-11-15,1.9478764478764479,0.5968,1.272338223938224
2019-11-18,1.949163449163449,0.6008,1.2749817245817245
2019-11-19,1.9510939510939511,0.6209,1.2859969755469756
2019-11-20,1.9414414414414414,0.6177,1.2795707207207208
2019-11-21,1.9401544401544402,0.6143,1.2772272200772201
2019-11-22,1.9440154440154438,0.6035,1.2737577220077219
2019-11-25,1.9697554697554696,0.5981,1.2839277348777347
2019-11-26,1.9716859716859716,0.605,1.2883429858429858
2019-11-27,1.9858429858429858,0.6035,1.2946714929214929
2019-11-28,1.983912483912484,0.6025,1.293206241956242
2019-11-29,1.9749034749034748,0.5985,1.2867017374517373
2019-12-02,1.9510939510939511,0.5998,1.2754469755469755
2019-12-03,1.9369369369369367,0.603,1.2699684684684684
2019-12-04,1.9510939510939511,0.6035,1.2772969755469756
2019-12-05,1.9581724581724582,0.6188,1.2884862290862291
2019-12-06,1.9749034749034748,0.6248,1.2998517374517373
2019-12-09,1.9671814671814671,0.6217,1.2944407335907335
2019-12-10,1.965250965250965,0.6306,1.2979254826254825
2019-12-11,1.9761904761904763,0.6239,1.300045238095238
2019-12-12,1.9877734877734876,0.6242,1.3059867438867439
2019-12-13,1.9903474903474903,0.6397,1.3150237451737452
2019-12-16,2.0025740025740024,0.6495,1.326037001287001
2019-12-17,2.0051480051480053,0.6579,1.3315240025740027
2019-12-18,2.0064350064350065,0.6551,1.3307675032175033
2019-12-19,2.021879021879022,0.6538,1.337839510939511
2019-12-20,2.030888030888031,0.6453,1.3380940154440153
2019-12-23,2.037966537966538,0.6337,1.335833268983269
2019-12-24,2.0386100386100385,0.6491,1.3438550193050194
2019-12-25,2.0373230373230373,0.6557,1.3465115186615186
2019-12-26,2.048906048906049,0.6598,1.3543530244530246
2019-12-27,2.0495495495495497,0.6473,1.3484247747747748
2019-12-30,2.0334620334620337,0.6585,1.3459810167310169
2019-12-31,2.0373230373230373,0.6605,1.3489115186615186
2020-01-02,2.0656370656370657,0.6716,1.368618532818533
2020-01-03,2.0495495495495497,0.6721,1.3608247747747748
2020-01-06,2.063063063063063,0.6788,1.3709315315315314
2020-01-07,2.0617760617760617,0.6863,1.374038030888031
2020-01-08,2.0707850707850706,0.6764,1.3735925353925353
2020-01-09,2.0894465894465895,0.6968,1.3931232947232948
2020-01-10,2.07979407979408,0.6946,1.38719703989704
2020-01-13,2.1016731016731014,0.7052,1.4034365508365507
2020-01-14,2.084298584298584,0.7017,1.392999292149292
2020-01-15,2.0817245817245817,0.7017,1.3917122908622908
2020-01-16,2.1010296010296012,0.7037,1.4023648005148006
2020-01-17,2.113899613899614,0.704,1.4089498069498068
2020-01-20,2.1074646074646073,0.7242,1.4158323037323037
2020-01-21,2.104890604890605,0.7173,1.4110953024453026
2020-01-22,2.1171171171171173,0.7337,1.4254085585585585
2020-01-23,2.124839124839125,0.7099,1.4173695624195624
2020-02-03,2.113256113256113,0.6643,1.3887780566280565
2020-02-04,2.175032175032175,0.6994,1.4372160875160875
2020-02-05,2.184041184041184,0.7234,1.4537205920205922
2020-02-06,2.2072072072072073,0.7505,1.4788536036036035
2020-02-07,2.191119691119691,0.747,1.4690598455598454
2020-02-10,2.221364221364221,0.7597,1.4905321106821106
2020-02-11,2.2220077220077217,0.7534,1.4877038610038609
2020-02-12,2.2393822393822393,0.7763,1.5078411196911197
2020-02-13,2.237451737451737,0.7691,1.5032758687258685
2020-02-14,2.2451737451737452,0.7699,1.5075368725868725
2020-02-17,2.243886743886744,0.7981,1.520993371943372
2020-02-18,2.245817245817246,0.8067,1.5262586229086228
2020-02-19,2.2728442728442726,0.7887,1.5307721364221363
2020-02-20,2.2516087516087517,0.8087,1.5301543758043759
2020-02-21,2.214929214929215,0.8277,1.5213146074646076
2020-02-24,2.129343629343629,0.8424,1.4858718146718146
2020-02-25,2.0720720720720722,0.856,1.464036036036036
2020-02-26,2.077220077220077,0.8113,1.4442600386100386
2020-02-27,1.9761904761904763,0.8152,1.395695238095238
2020-02-28,1.978764478764479,0.7673,1.3730322393822394
2020-03-02,2.0643500643500645,0.7916,1.4279750321750322
2020-03-03,1.9922779922779923,0.8082,1.400238996138996
2020-03-04,2.074002574002574,0.8056,1.439801287001287
2020-03-05,2.007078507078507,0.8164,1.4117392535392534
2020-03-06,1.9723294723294722,0.8108,1.391564736164736
2020-03-09,1.8378378378378377,0.7728,1.305318918918919
2020-03-10,1.935006435006435,0.7976,1.3663032175032175
2020-03-11,1.8590733590733588,0.7796,1.3193366795366794
2020-03-12,1.691119691119691,0.76,1.2255598455598455
2020-03-13,1.868082368082368,0.7565,1.312291184041184
2020-03-16,1.6396396396396395,0.7091,1.1743698198198198
2020-03-17,1.7438867438867438,0.7129,1.228393371943372
2020-03-18,1.6827541827541828,0.6978,1.1902770913770913
2020-03-19,1.7123552123552124,0.7003,1.2063276061776063
2020-03-20,1.6563706563706562,0.7081,1.1822353281853282
2020-03-23,1.657014157014157,0.6749,1.1659570785070785
2020-03-24,1.781853281853282,0.692,1.236926640926641
2020-03-25,1.7561132561132562,0.7191,1.237606628056628
2020-03-26,1.851994851994852,0.7173,1.2846474259974259
2020-03-27,1.7754182754182752,0.7088,1.2421091377091376
2020-03-30,1.8449163449163448,0.6914,1.2681581724581723
2020-03-31,1.8378378378378377,0.6921,1.2649689189189188
2020-04-01,1.7586872586872586,0.6909,1.2247936293436292
2020-04-02,1.799227799227799,0.7119,1.2555638996138994
2020-04-03,1.7767052767052767,0.7061,1.2414026383526382
2020-04-07,1.895109395109395,0.7299,1.3125046975546975
2020-04-08,1.9253539253539254,0.7284,1.3268769626769628
2020-04-09,1.9285714285714284,0.7414,1.3349857142857142
2020-04-10,1.9240669240669241,0.7215,1.322783462033462
2020-04-13,1.9446589446589444,0.7144,1.3295294723294722
2020-04-14,2.032175032175032,0.7407,1.386437516087516
2020-04-15,2.0083655083655083,0.7381,1.3732327541827543
2020-04-16,2.0559845559845558,0.7499,1.402942277992278
2020-04-17,2.072715572715573,0.7553,1.4140077863577865
2020-04-20,2.0463320463320462,0.7642,1.405266023166023
2020-04-21,1.9729729729729728,0.7564,1.3646864864864865
2020-04-22,2.037966537966538,0.7624,1.400183268983269
2020-04-23,2.032175032175032,0.7575,1.394837516087516
2020-04-24,2.0637065637065635,0.7467,1.4052032818532818
2020-04-27,2.0720720720720722,0.756,1.4140360360360362
2020-04-28,2.0347490347490345,0.7655,1.4001245173745172
2020-04-29,2.106177606177606,0.764,1.435088803088803
2020-04-30,2.1074646074646073,0.779,1.4432323037323036
2020-05-06,2.1068211068211067,0.7967,1.4517605534105533
2020-05-07,2.1415701415701416,0.7932,1.4673850707850709
2020-05-08,2.1653796653796653,0.799,1.4821898326898326
2020-05-11,2.183397683397683,0.7894,1.4863988416988416
2020-05-12,2.1435006435006434,0.796,1.4697503217503218
2020-05-13,2.1158301158301156,0.8039,1.4598650579150578
2020-05-14,2.1402831402831404,0.7971,1.4686915701415701
2020-05-15,2.1537966537966535,0.8015,1.4776483268983267
2020-05-18,2.198198198198198,0.7936,1.495899099099099
2020-05-19,2.187258687258687,0.8049,1.4960793436293436
2020-05-20,2.232947232947233,0.7961,1.5145236164736164
2020-05-21,2.205276705276705,0.7917,1.4984883526383526
2020-05-22,2.2162162162162162,0.7701,1.493158108108108
2020-05-25,2.223938223938224,0.7741,1.4990191119691119
2020-05-26,2.220720720720721,0.7973,1.5090103603603604
2020-05-27,2.2265122265122264,0.7831,1.5048061132561132
2020-05-28,2.2258687258687258,0.7781,1.5019843629343628
2020-05-29,2.2593307593307594,0.7862,1.5227653796653797
2020-06-01,2.2696267696267696,0.8153,1.5424633848133849
2020-06-02,2.2786357786357785,0.8105,1.5445678893178894
2020-06-03,2.286357786357786,0.8089,1.547628893178893
2020-06-04,2.2676962676962678,0.8119,1.539798133848134
2020-06-05,2.3114543114543116,0.8188,1.5651271557271558
2020-06-08,2.326898326898327,0.814,1.5704491634491635
2020-06-09,2.3378378378378377,0.8261,1.5819689189189188
2020-06-10,2.3667953667953667,0.8362,1.6014976833976835
2020-06-11,2.245817245817246,0.8391,1.5424586229086228
2020-06-12,2.270913770913771,0.8454,1.5581568854568855
2020-06-15,2.297940797940798,0.8487,1.573320398970399
2020-06-16,2.3339768339768336,0.8643,1.5991384169884169
2020-06-17,2.3455598455598454,0.8639,1.6047299227799228
2020-06-18,2.3526383526383525,0.8676,1.6101191763191762
2020-06-19,2.3526383526383525,0.893,1.6228191763191764
2020-06-22,2.379021879021879,0.9052,1.6421109395109394
2020-06-23,2.3918918918918917,0.9211,1.6564959459459458
2020-06-24,2.33976833976834,0.9186,1.62918416988417
2020-06-29,2.337194337194337,0.9126,1.6248971685971685
2020-06-30,2.3828828828828827,0.9401,1.6614914414414415
2020-07-01,2.4086229086229083,0.9332,1.670911454311454
2020-07-02,2.4182754182754183,0.9376,1.677937709137709
2020-07-03,2.4208494208494207,0.9513,1.6860747104247102
2020-07-06,2.4826254826254828,0.9799,1.7312627413127415
2020-07-07,2.452380952380952,1.0049,1.728640476190476
2020-07-08,2.481981981981982,1.034,1.757990990990991
2020-07-09,2.498712998712999,1.0745,1.7866064993564994
2020-07-10,2.512226512226512,1.0839,1.798063256113256
2020-07-13,2.458815958815959,1.1331,1.7959579794079796
2020-07-14,2.48005148005148,1.1228,1.8014257400257399
2020-07-15,2.481981981981982,1.1033,1.792640990990991
2020-07-16,2.462033462033462,1.0394,1.750716731016731
2020-07-17,2.471042471042471,1.0432,1.7571212355212356
2020-07-20,2.5386100386100385,1.0603,1.7994550193050194
2020-07-21,2.509009009009009,1.0792,1.7941045045045043
2020-07-22,2.512226512226512,1.0929,1.802563256113256
2020-07-23,2.4517374517374515,1.1122,1.7819687258687258
2020-07-24,2.4298584298584296,1.0386,1.734229214929215
2020-07-27,2.476833976833977,1.0417,1.7592669884169885
2020-07-28,2.4395109395109396,1.0543,1.7469054697554698
2020-07-29,2.4716859716859716,1.1004,1.7860429858429858
2020-07-30,2.481981981981982,1.0923,1.787140990990991
2020-07-31,2.5244530244530243,1.1196,1.822026512226512
2020-08-03,2.5637065637065635,1.1507,1.8572032818532818
2020-08-04,2.566924066924067,1.1326,1.8497620334620335
2020-08-05,2.571428571428571,1.146,1.8587142857142855
2020-08-06,2.5933075933075935,1.1228,1.8580537966537967
2020-08-07,2.563063063063063,1.0968,1.8299315315315314
2020-08-10,2.5592020592020592,1.086,1.8226010296010298
2020-08-11,2.5135135135135136,1.0667,1.7901067567567568
2020-08-12,2.574002574002574,1.0464,1.810201287001287
2020-08-13,2.572715572715573,1.0396,1.8061577863577865
2020-08-14,2.5688545688545688,1.0602,1.8145272844272844
2020-08-17,2.5958815958815955,1.0706,1.8332407979407979
2020-08-18,2.6203346203346203,1.0707,1.8455173101673101
2020-08-19,2.5965250965250966,1.029,1.8127625482625482
2020-08-20,2.6364221364221367,1.0224,1.8294110682110682
2020-08-21,2.648005148005148,1.0421,1.845052574002574
2020-08-24,2.6679536679536677,1.0613,1.8646268339768337
2020-08-25,2.6891891891891895,1.0709,1.8800445945945947
2020-08-26,2.7425997425997424,1.0462,1.8943998712998713
2020-08-27,2.725225225225225,1.0667,1.8959626126126126
2020-08-28,2.740669240669241,1.0927,1.9166846203346206
2020-08-31,2.7548262548262548,1.0791,1.9169631274131274
2020-09-01,2.7921492921492925,1.0882,1.9401746460746463
2020-09-02,2.8166023166023164,1.0941,1.9553511583011582
2020-09-03,2.667310167310167,1.0854,1.8763550836550835
2020-09-04,2.635135135135135,1.0803,1.8577175675675677
2020-09-07,2.6364221364221367,1.0421,1.8392610682110684
2020-09-08,2.5109395109395107,1.0474,1.7791697554697554
2020-09-09,2.5855855855855854,0.9937,1.7896427927927927
2020-09-10,2.528957528957529,0.9804,1.7546787644787645
2020-09-11,2.5154440154440154,1.0026,1.7590220077220078
2020-09-14,2.5572715572715574,1.0183,1.7877857786357787
2020-09-15,2.5881595881595882,1.0281,1.808129794079794
2020-09-16,2.53024453024453,1.0123,1.7712722651222652
2020-09-17,2.487129987129987,1.0158,1.7514649935649935
2020-09-18,2.4517374517374515,1.0319,1.7418187258687259
2020-09-21,2.4613899613899615,1.021,1.7411949806949807
2020-09-22,2.5173745173745172,1.0191,1.7682372586872586
2020-09-23,2.442084942084942,1.0377,1.739892471042471
2020-09-24,2.458172458172458,1.0129,1.7355362290862288
2020-09-25,2.518661518661519,1.0156,1.7671307593307595
2020-09-28,2.571428571428571,1.0106,1.7910142857142857
2020-09-29,2.5592020592020592,1.0263,1.7927510296010296
2020-09-30,2.577863577863578,1.0327,1.8052817889317891
2020-10-09,2.6344916344916345,1.079,1.8567458172458173
2020-10-12,2.6898326898326896,1.1225,1.9061663449163448
2020-10-13,2.694980694980695,1.1234,1.9091903474903473
2020-10-14,2.68018018018018,1.1175,1.89884009009009
2020-10-15,2.6570141570141566,1.1081,1.8825570785070784
2020-10-16,2.644144144144144,1.1015,1.872822072072072
2020-10-19,2.5836550836550836,1.0878,1.8357275418275418
2020-10-20,2.59009009009009,1.1137,1.8518950450450449
2020-10-21,2.5817245817245813,1.097,1.8393622908622906
2020-10-22,2.572072072072072,1.0855,1.828786036036036
2020-10-23,2.584298584298584,1.0518,1.8180492921492921
2020-10-26,2.5437580437580434,1.059,1.8013790218790215
2020-10-27,2.5746460746460746,1.0741,1.8243730373230373
2020-10-28,2.48005148005148,1.0857,1.78287574002574
2020-10-29,2.528957528957529,1.0995,1.8142287644787645
2020-10-30,2.462033462033462,1.084,1.773016731016731
2020-11-02,2.4613899613899615,1.1091,1.7852449806949808
2020-11-03,2.501287001287001,1.124,1.8126435006435007
2020-11-04,2.604247104247104,1.1309,1.867573552123552
2020-11-05,2.676319176319176,1.1473,1.911809588159588
2020-11-06,2.6557271557271553,1.1276,1.8916635778635777
2020-11-09,2.592020592020592,1.1659,1.878960296010296
2020-11-10,2.537966537966538,1.1455,1.841733268983269
2020-11-11,2.602960102960103,1.105,1.8539800514800515
2020-11-12,2.5945945945945947,1.1134,1.8539972972972973
2020-11-13,2.6209781209781213,1.1139,1.8674390604890605
2020-11-16,2.6287001287001286,1.1159,1.8723000643500642
2020-11-17,2.61003861003861,1.0906,1.8503193050193052
2020-11-18,2.5862290862290864,1.0732,1.8297145431145432
2020-11-19,2.601673101673102,1.0799,1.840786550836551
2020-11-20,2.5958815958815955,1.091,1.8434407979407976
2020-11-23,2.5926640926640925,1.1043,1.8484820463320464
2020-11-24,2.633204633204633,1.0988,1.8660023166023163
2020-11-25,2.647361647361647,1.0716,1.8594808236808236
2020-11-26,2.648005148005148,1.0686,1.858302574002574
2020-11-27,2.6705276705276706,1.0727,1.8716138352638354
2020-11-30,2.6737451737451736,1.0812,1.8774725868725868
2020-12-01,2.7194337194337193,1.1102,1.9148168597168596
2020-12-02,2.707207207207207,1.1003,1.9037536036036036
2020-12-03,2.709137709137709,1.1128,1.9109688545688546
2020-12-04,2.7187902187902186,1.121,1.9198951093951093
2020-12-07,2.7277992277992276,1.116,1.9218996138996138
2020-12-08,2.734234234234234,1.1271,1.930667117117117
2020-12-09,2.675032175032175,1.1078,1.8914160875160873
2020-12-10,2.6898326898326896,1.1167,1.9032663449163447
2020-12-11,2.6814671814671813,1.1078,1.8946335907335907
2020-12-14,2.698198198198198,1.1197,1.908949099099099
2020-12-15,2.7303732303732304,1.1394,1.934886615186615
2020-12-16,2.7425997425997424,1.1417,1.942149871299871
2020-12-17,2.7606177606177607,1.1525,1.9565588803088803
2020-12-18,2.7554697554697554,1.1554,1.9554348777348776
2020-12-21,2.7535392535392536,1.2029,1.9782196267696268
2020-12-22,2.7548262548262548,1.1738,1.9643131274131274
2020-12-23,2.747104247104247,1.1874,1.9672521235521234
2020-12-24,2.7516087516087513,1.1795,1.9655543758043756
2020-12-25,2.75032175032175,1.1899,1.970110875160875
2020-12-28,2.774774774774775,1.1894,1.9820873873873874
2020-12-29,2.7844272844272844,1.1734,1.9789136422136422
2020-12-30,2.779279279279279,1.2166,1.9979396396396396
2021-01-04,2.7496782496782495,1.2949,2.0222891248391246
2021-01-05,2.7464607464607464,1.3009,2.0236803732303734
2021-01-06,2.7014157014157014,1.3144,2.0079078507078507
2021-01-07,2.768983268983269,1.3369,2.0529416344916345
2021-01-08,2.808236808236808,1.332,2.070118404118404
2021-01-11,2.7670527670527667,1.3061,2.0365763835263833
2021-01-12,2.7664092664092665,1.3516,2.0590046332046334
2021-01-13,2.775418275418275,1.3337,2.0545591377091377
2021-01-14,2.765122265122265,1.3114,2.038261132561132
2021-01-15,2.74002574002574,1.3122,2.02611287001287
2021-01-18,2.7483912483912483,1.3411,2.044745624195624
2021-01-19,2.7908622908622904,1.31,2.050431145431145
2021-01-20,2.8539253539253537,1.3664,2.110162676962677
2021-01-21,2.871299871299871,1.4022,2.1367499356499353
2021-01-22,2.8590733590733586,1.4349,2.1469866795366794
2021-01-25,2.8931788931788933,1.4313,2.162239446589447
2021-01-26,2.8957528957528957,1.3859,2.1408264478764476
2021-01-27,2.806949806949807,1.4012,2.1040749034749036
2021-01-28,2.833333333333333,1.3475,2.0904166666666666
2021-01-29,2.768983268983269,1.3289,2.0489416344916345
2021-02-01,2.8339768339768336,1.3445,2.089238416988417
2021-02-02,2.882882882882883,1.3793,2.1310914414414417
2021-02-03,2.8687258687258685,1.3826,2.1256629343629343
2021-02-04,2.9002574002574,1.3779,2.1390787001287
2021-02-05,2.914414414414414,1.3769,2.145657207207207
2021-02-08,2.9324324324324325,1.4179,2.1751662162162164
2021-02-09,2.9247104247104247,1.4416,2.1831552123552123
2021-02-18,2.914414414414414,1.4315,2.172957207207207
2021-02-19,2.906048906048906,1.4084,2.157224453024453
2021-02-22,2.8268983268983265,1.3398,2.083349163449163
2021-02-23,2.8178893178893176,1.3328,2.0753446589446587
2021-02-24,2.8455598455598454,1.2804,2.0629799227799226
2021-02-25,2.74002574002574,1.2676,2.00381287001287
2021-02-26,2.765122265122265,1.2399,2.0025111325611324
2021-03-01,2.846203346203346,1.2799,2.063051673101673
2021-03-02,2.7927927927927927,1.2668,2.0297963963963963
2021-03-03,2.7104247104247103,1.2781,1.994262355212355
2021-03-04,2.671814671814672,1.2065,1.939157335907336
2021-03-05,2.7213642213642215,1.2152,1.968282110682111
2021-03-08,2.637709137709138,1.1508,1.8942545688545689
2021-03-09,2.7644787644787647,1.109,1.9367393822393824
2021-03-10,2.745817245817246,1.1353,1.940558622908623
2021-03-11,2.804375804375804,1.1693,1.9868379021879021
2021-03-12,2.774774774774775,1.1785,1.9766373873873875
2021-03-15,2.812097812097812,1.1214,1.966748906048906
2021-03-16,2.8281853281853278,1.1327,1.980442664092664
2021-03-17,2.837194337194337,1.1464,1.9917971685971687
2021-03-18,2.7425997425997424,1.1669,1.9547498712998712
2021-03-19,2.768983268983269,1.1281,1.9485416344916344
2021-03-22,2.8198198198198194,1.1386,1.9792099099099096
2021-03-23,2.7992277992277987,1.124,1.9616138996138994
2021-03-24,2.7599742599742596,1.1093,1.9346371299871299
2021-03-25,2.758043758043758,1.1149,1.936471879021879
2021-03-26,2.804375804375804,1.1564,1.980387902187902
2021-03-29,2.803088803088803,1.1506,1.9768444015444016
2021-03-30,2.7972972972972974,1.1691,1.9831986486486488
2021-03-31,2.842342342342342,1.1651,2.003721171171171
2021-04-01,2.888030888030888,1.1905,2.039265444015444
2021-04-02,2.8906048906048905,1.2065,2.048552445302445
2021-04-06,2.94015444015444,1.1976,2.06887722007722
2021-04-07,2.942728442728443,1.1844,2.0635642213642216
2021-04-08,2.9761904761904763,1.1923,2.084245238095238
2021-04-09,2.992921492921493,1.171,2.0819607464607466
2021-04-12,2.9948519948519947,1.1433,2.0690759974259976
2021-04-13,3.0244530244530243,1.156,2.0902265122265122
2021-04-14,2.981338481338481,1.1874,2.0843692406692407
2021-04-15,3.0263835263835266,1.1809,2.103641763191763
2021-04-16,3.0296010296010296,1.1755,2.102550514800515
2021-04-19,2.9974259974259976,1.2309,2.114162998712999
2021-04-20,2.97039897039897,1.2277,2.099049485199485
2021-04-21,2.9948519948519947,1.2378,2.1163259974259976
2021-04-22,2.9510939510939513,1.2484,2.0997469755469758
2021-04-23,2.9903474903474905,1.2814,2.135873745173745
2021-04-26,3.0077220077220077,1.2699,2.138811003861004
2021-04-27,2.9942084942084937,1.2789,2.1365542471042467
2021-04-28,2.978120978120978,1.312,2.145060489060489
2021-04-29,2.9864864864864864,1.3142,2.150343243243243
2021-04-30,2.9613899613899615,1.3372,2.1492949806949806
2021-05-06,2.9182754182754183,1.3004,2.109337709137709
2021-05-07,2.931788931788932,1.2505,2.091144465894466
2021-05-10,2.843629343629343,1.2577,2.0506646718146717
2021-05-11,2.8346203346203347,1.255,2.0448101673101675
2021-05-12,2.7612612612612613,1.2717,2.016480630630631
2021-05-13,2.7985842985842986,1.2641,2.0313421492921493
2021-05-14,2.8545688545688543,1.3072,2.080884427284427
2021-05-17,2.8281853281853278,1.3478,2.087992664092664
2021-05-18,2.81016731016731,1.3362,2.073183655083655
2021-05-19,2.810810810810811,1.3504,2.0806054054054055
2021-05-20,2.873873873873874,1.3599,2.116886936936937
2021-05-21,2.8494208494208495,1.3461,2.0977604247104247
2021-05-24,2.902831402831403,1.3574,2.1301157014157015
2021-05-25,2.900900900900901,1.3989,2.1499004504504504
2021-05-26,2.902187902187902,1.3845,2.143343951093951
2021-05-27,2.8893178893178892,1.3956,2.1424589446589444
2021-05-28,2.888030888030888,1.4047,2.1463654440154443
2021-05-31,2.8803088803088803,1.4451,2.16270444015444
2021-06-01,2.8687258687258685,1.4391,2.153912934362934
2021-06-02,2.8815958815958815,1.4122,2.146897940797941
2021-06-03,2.8526383526383525,1.3907,2.1216691763191764
2021-06-04,2.9150579150579152,1.4104,2.162728957528958
2021-06-07,2.916988416988417,1.399,2.1579942084942085
2021-06-08,2.9163449163449164,1.3903,2.1533224581724584
2021-06-09,2.9189189189189184,1.3885,2.153709459459459
2021-06-10,2.9504504504504503,1.4284,2.189425225225225
2021-06-11,2.953024453024453,1.4386,2.195812226512227
2021-06-15,2.96975546975547,1.4241,2.1969277348777347
2021-06-16,2.96010296010296,1.3585,2.15930148005148
2021-06-17,3.0077220077220077,1.3878,2.197761003861004
2021-06-18,2.9864864864864864,1.4161,2.201293243243243
2021-06-21,3.013513513513513,1.4305,2.2220067567567567
2021-06-22,3.045045045045045,1.4361,2.2405725225225224
2021-06-23,3.0463320463320462,1.4539,2.250116023166023
2021-06-24,3.0752895752895753,1.435,2.2551447876447877
2021-06-25,3.066924066924067,1.4706,2.2687620334620333
2021-06-28,3.0971685971685967,1.5034,2.300284298584298
2021-06-29,3.106821106821107,1.5028,2.3048105534105536
2021-06-30,3.104890604890605,1.5392,2.3220453024453023
2021-07-01,3.1106821106821103,1.5319,2.3212910553410553
2021-07-02,3.1473616473616475,1.4784,2.312880823680824
2021-07-05,3.1460746460746463,1.4865,2.316287323037323
2021-07-06,3.1550836550836547,1.4571,2.3060918275418274
2021-07-07,3.167310167310167,1.5156,2.3414550836550836
2021-07-08,3.145431145431145,1.5285,2.3369655727155725
2021-07-09,3.16988416988417,1.5171,2.343492084942085
2021-07-12,3.1821106821106824,1.572,2.377055341055341
2021-07-13,3.18018018018018,1.5593,2.3697400900900902
2021-07-14,3.187902187902188,1.5488,2.3683510939510937
2021-07-15,3.1576576576576576,1.5729,2.3652788288288287
2021-07-16,3.1364221364221363,1.5205,2.3284610682110682
2021-07-19,3.108108108108108,1.5296,2.318854054054054
2021-07-20,3.1531531531531534,1.5369,2.3450265765765765
2021-07-21,3.176319176319176,1.5873,2.381809588159588
2021-07-22,3.1885456885456884,1.5788,2.3836728442728443
