date	value_zq	value_hs300	value
2013-08-23	1.112	1.02	0.9991
2013-08-30	1.113	1.0294	1.0004
2013-09-06	1.116	1.0448	1.0009
2013-09-09	1.119	1.074	1.0007
2013-09-13	1.119	1.0918	1.0105
2013-09-16	1.119	1.088	1.0051
2013-09-17	1.119	1.0701	0.9856
2013-09-18	1.12	1.0723	0.9841
2013-09-23	1.121	1.0858	1.0006
2013-09-24	1.12	1.0759	1.0128
2013-09-25	1.12	1.0708	1.0105
2013-09-26	1.12	1.0554	1.0099
2013-09-27	1.12	1.0591	1.0066
2013-09-30	1.12	1.0639	1.0208
2013-10-08	1.122	1.075	1.0309
2013-10-09	1.122	1.0792	1.0419
2013-10-10	1.123	1.0707	1.039
2013-10-11	1.123	1.0842	1.0526
2013-10-14	1.123	1.0854	1.0751
2013-10-15	1.122	1.0837	1.0843
2013-10-16	1.121	1.0678	1.0645
2013-10-17	1.122	1.065	1.063
2013-10-18	1.122	1.0694	1.0667
2013-10-21	1.123	1.0849	1.1037
2013-10-22	1.123	1.0761	1.0938
2013-10-23	1.121	1.0668	1.0556
2013-10-24	1.12	1.0607	1.0445
2013-10-25	1.118	1.05	1.0183
2013-10-28	1.117	1.0491	1.0106
2013-10-29	1.116	1.0514	0.9992
2013-10-30	1.116	1.0635	1.0117
2013-10-31	1.115	1.0517	0.9852
2013-11-01	1.117	1.0556	0.9793
2013-11-04	1.117	1.054	0.9808
2013-11-05	1.118	1.055	0.9886
2013-11-06	1.117	1.0446	0.9795
2013-11-07	1.117	1.0401	0.9671
2013-11-08	1.116	1.0289	0.9547
2013-11-11	1.115	1.0315	0.9676
2013-11-12	1.114	1.0399	0.9822
2013-11-13	1.111	1.0218	0.9669
2013-11-14	1.109	1.0273	0.9806
2013-11-15	1.106	1.0432	0.998
2013-11-18	1.106	1.0702	1.0207
2013-11-19	1.104	1.0645	1.0076
2013-11-20	1.102	1.0687	1.0093
2013-11-21	1.101	1.0634	1.0015
2013-11-22	1.1	1.0592	0.9978
2013-11-25	1.096	1.0561	0.9965
2013-11-26	1.094	1.0558	0.9962
2013-11-27	1.094	1.065	1.002
2013-11-28	1.095	1.0736	1.0163
2013-11-29	1.097	1.0734	1.0169
2013-12-02	1.098	1.0665	0.9799
2013-12-03	1.098	1.0747	1.0011
2013-12-04	1.098	1.0858	1.0186
2013-12-05	1.097	1.0834	1.0171
2013-12-06	1.096	1.0779	1.0159
2013-12-09	1.096	1.0773	1.0214
2013-12-10	1.095	1.0782	1.0195
2013-12-11	1.094	1.0642	1.0107
2013-12-12	1.093	1.0633	1.0087
2013-12-13	1.094	1.0622	1.0062
2013-12-16	1.093	1.0487	0.9867
2013-12-17	1.092	1.0447	0.9817
2013-12-18	1.091	1.0451	0.9811
2013-12-19	1.088	1.0365	0.9709
2013-12-20	1.087	1.018	0.9667
2013-12-23	1.086	1.02	0.9657
2013-12-24	1.087	1.0213	0.9681
2013-12-25	1.086	1.027	0.9769
2013-12-26	1.086	1.0134	0.9645
2013-12-27	1.086	1.0265	0.9767
2013-12-30	1.086	1.0251	0.979
2013-12-31	1.086	1.0356	0.9924
2014-01-02	1.086	1.0327	0.9852
2014-01-03	1.085	1.0219	0.9752
2014-01-06	1.084	1.0038	0.947
2014-01-07	1.083	1.0036	0.9484
2014-01-08	1.082	1.0049	0.9528
2014-01-09	1.081	0.9982	0.9426
2014-01-10	1.08	0.9923	0.9394
2014-01-13	1.079	0.9885	0.9387
2014-01-14	1.076	0.9951	0.9504
2014-01-15	1.075	0.9938	0.9497
2014-01-16	1.075	0.9949	0.9545
2014-01-17	1.074	0.9834	0.933
2014-01-20	1.073	0.9792	0.9278
2014-01-21	1.074	0.9865	0.9301
2014-01-22	1.077	1.0059	0.9557
2014-01-23	1.078	1.0018	0.9545
2014-01-24	1.08	1.0066	0.9587
2014-01-27	1.08	0.9964	0.9507
2014-01-28	1.083	0.9977	0.939
2014-01-29	1.084	1.0003	0.9295
2014-01-30	1.084	0.9916	0.9127
2014-02-07	1.084	0.9949	0.925
2014-02-10	1.086	1.0138	0.9472
2014-02-11	1.088	1.0201	0.9528
2014-02-12	1.09	1.0221	0.9585
2014-02-13	1.093	1.0182	0.9509
2014-02-14	1.096	1.0236	0.97
2014-02-17	1.097	1.029	0.9833
2014-02-18	1.096	1.019	0.9722
2014-02-19	1.099	1.0282	0.9777
2014-02-20	1.102	1.021	0.974
2014-02-21	1.104	1.013	0.9657
2014-02-24	1.105	0.9957	0.954
2014-02-25	1.106	0.9763	0.9201
2014-02-26	1.107	0.9784	0.9191
2014-02-27	1.109	0.9752	0.9091
2014-02-28	1.11	0.9837	0.9266
2014-03-03	1.111	0.9877	0.9435
2014-03-04	1.109	0.9856	0.9356
2014-03-05	1.105	0.9786	0.9413
2014-03-06	1.104	0.9818	0.9385
2014-03-07	1.106	0.98	0.9437
2014-03-10	1.106	0.9556	0.9234
2014-03-11	1.107	0.9593	0.9396
2014-03-12	1.106	0.9613	0.9358
2014-03-13	1.107	0.9704	0.9636
2014-03-14	1.108	0.9643	0.9534
2014-03-17	1.109	0.9712	0.9587
2014-03-18	1.109	0.9695	0.9654
2014-03-19	1.108	0.9635	0.9515
2014-03-20	1.108	0.9517	0.9297
2014-03-21	1.109	0.9766	0.9468
2014-03-24	1.111	0.9826	0.9489
2014-03-25	1.11	0.9819	0.9438
2014-03-26	1.109	0.9806	0.9381
2014-03-27	1.109	0.9756	0.9234
2014-03-28	1.109	0.9741	0.9111
2014-03-31	1.109	0.9721	0.9162
2014-04-01	1.111	0.9779	0.9333
2014-04-02	1.11	0.984	0.9351
2014-04-03	1.11	0.9786	0.9303
2014-04-04	1.112	0.9856	0.9393
2014-04-08	1.114	1.0035	0.9563
2014-04-09	1.113	1.0039	0.9598
2014-04-10	1.115	1.0158	0.9695
2014-04-11	1.117	1.0149	0.9808
2014-04-14	1.119	1.0142	0.9822
2014-04-15	1.12	1.0006	0.9729
2014-04-16	1.121	1.0016	0.9703
2014-04-17	1.124	0.999	0.9711
2014-04-18	1.125	0.9989	0.9742
2014-04-21	1.126	0.986	0.956
2014-04-22	1.126	0.9894	0.9555
2014-04-23	1.127	0.9887	0.9609
2014-04-24	1.127	0.9871	0.958
2014-04-25	1.129	0.9793	0.9311
2014-04-28	1.129	0.9669	0.9087
2014-04-29	1.128	0.9756	0.9219
2014-04-30	1.13	0.976	0.9299
2014-05-05	1.132	0.9752	0.9334
2014-05-06	1.133	0.9756	0.9357
2014-05-07	1.134	0.9685	0.9238
2014-05-08	1.136	0.9686	0.921
2014-05-09	1.141	0.968	0.916
2014-05-12	1.143	0.9841	0.9305
2014-05-13	1.144	0.9824	0.9333
2014-05-14	1.145	0.9817	0.9253
2014-05-15	1.146	0.9718	0.9126
2014-05-16	1.146	0.9725	0.9115
2014-05-19	1.146	0.9618	0.9005
2014-05-20	1.146	0.962	0.8955
2014-05-21	1.146	0.9691	0.9085
2014-05-22	1.147	0.9678	0.9034
2014-05-23	1.149	0.9741	0.9105
2014-05-26	1.15	0.9769	0.9171
2014-05-27	1.15	0.9739	0.9128
2014-05-28	1.151	0.9815	0.9161
2014-05-29	1.152	0.9766	0.9108
2014-05-30	1.154	0.9773	0.9122
2014-06-03	1.157	0.9751	0.9001
2014-06-04	1.159	0.9676	0.8939
2014-06-05	1.16	0.9754	0.9038
2014-06-06	1.161	0.9704	0.8974
2014-06-09	1.163	0.9701	0.8959
2014-06-10	1.165	0.9793	0.9026
2014-06-11	1.166	0.9792	0.9067
2014-06-12	1.167	0.9768	0.907
2014-06-13	1.169	0.985	0.9111
2014-06-16	1.169	0.9904	0.9137
2014-06-17	1.166	0.9834	0.9045
2014-06-18	1.164	0.9803	0.8985
2014-06-19	1.165	0.9688	0.8854
2014-06-20	1.167	0.9731	0.8887
2014-06-23	1.169	0.9726	0.8931
2014-06-24	1.17	0.9775	0.9055
2014-06-25	1.17	0.9743	0.9022
2014-06-26	1.17	0.9799	0.9095
2014-06-27	1.174	0.9807	0.9128
2014-06-30	1.174	0.9858	0.9183
2014-07-01	1.174	0.9857	0.9186
2014-07-02	1.174	0.9881	0.9188
2014-07-03	1.174	0.9919	0.9244
2014-07-04	1.174	0.9916	0.9243
2014-07-07	1.174	0.9907	0.9225
2014-07-08	1.175	0.9921	0.9252
2014-07-09	1.174	0.9813	0.9096
2014-07-10	1.175	0.9801	0.9049
2014-07-11	1.176	0.9843	0.9081
2014-07-14	1.173	0.993	0.9293
2014-07-15	1.172	0.9941	0.9472
2014-07-16	1.178	0.9929	0.9433
2014-07-17	1.18	0.9889	0.9336
2014-07-18	1.177	0.9926	0.9493
2014-07-21	1.176	0.9934	0.9519
2014-07-22	1.178	1.0027	0.9624
2014-07-23	1.178	1.0045	0.9599
2014-07-24	1.18	1.018	0.9647
2014-07-25	1.181	1.0264	0.9711
2014-07-28	1.183	1.0489	0.9904
2014-07-29	1.184	1.0519	0.988
2014-07-30	1.185	1.0491	0.9875
2014-07-31	1.186	1.0591	1.0043
2014-08-01	1.186	1.0518	1.0087
2014-08-04	1.187	1.068	1.0233
2014-08-05	1.188	1.0658	1.0231
2014-08-06	1.189	1.0637	1.0188
2014-08-07	1.19	1.0512	1.001
2014-08-08	1.19	1.0529	1.0061
2014-08-11	1.192	1.0648	1.0215
2014-08-12	1.194	1.0619	1.0228
2014-08-13	1.195	1.0625	1.0242
2014-08-14	1.195	1.0544	1.014
2014-08-15	1.197	1.0633	1.0243
2014-08-18	1.198	1.0682	1.0283
2014-08-19	1.199	1.0683	1.0295
2014-08-20	1.199	1.0653	1.033
2014-08-21	1.199	1.0611	1.0266
2014-08-22	1.201	1.065	1.0282
2014-08-25	1.202	1.0569	1.0208
2014-08-26	1.202	1.0502	1.0104
2014-08-27	1.203	1.0514	1.0088
2014-08-28	1.203	1.0457	1.0051
2014-08-29	1.204	1.0552	1.0169
2014-09-01	1.206	1.0611	1.0241
2014-09-02	1.208	1.0719	1.0375
2014-09-03	1.209	1.0797	1.0451
2014-09-04	1.21	1.0857	1.0483
2014-09-05	1.211	1.0936	1.0574
2014-09-09	1.21	1.0922	1.0578
2014-09-10	1.21	1.0877	1.058
2014-09-11	1.21	1.0845	1.0486
2014-09-12	1.211	1.0899	1.0514
2014-09-15	1.212	1.0894	1.0531
2014-09-16	1.209	1.0727	1.0265
2014-09-17	1.211	1.077	1.0342
2014-09-18	1.213	1.0796	1.0422
2014-09-19	1.215	1.0855	1.05
2014-09-22	1.213	1.0692	1.0312
2014-09-23	1.215	1.0764	1.0404
2014-09-24	1.217	1.0912	1.0545
2014-09-25	1.217	1.0893	1.051
2014-09-26	1.218	1.0892	1.0556
2014-09-29	1.219	1.093	1.0615
2014-09-30	1.22	1.0941	1.0644
2014-10-08	1.221	1.1035	1.0795
2014-10-09	1.222	1.1048	1.0801
2014-10-10	1.222	1.0995	1.0686
2014-10-13	1.222	1.0953	1.0543
2014-10-14	1.217	1.0923	1.0509
2014-10-15	1.228	1.0983	1.0557
2014-10-16	1.229	1.0915	1.0438
2014-10-17	1.233	1.0905	1.0466
2014-10-20	1.236	1.095	1.0521
2014-10-21	1.238	1.0876	1.0444
2014-10-22	1.238	1.0825	1.0315
2014-10-23	1.239	1.0745	1.0165
2014-10-24	1.239	1.0727	1.0166
2014-10-27	1.239	1.065	1.0177
2014-10-28	1.243	1.0816	1.0267
2014-10-29	1.248	1.0938	1.0328
2014-10-30	1.253	1.1	1.0322
2014-10-31	1.257	1.1139	1.0336
2014-11-03	1.26	1.1154	1.0329
2014-11-04	1.263	1.1154	1.0183
2014-11-05	1.264	1.1122	1.0125
2014-11-06	1.267	1.1131	1.0158
2014-11-07	1.269	1.1117	1.0074
2014-11-10	1.275	1.134	1.0327
2014-11-11	1.276	1.1319	1.0244
2014-11-12	1.277	1.1443	1.0373
2014-11-13	1.275	1.1392	1.0359
2014-11-14	1.272	1.1394	1.0477
2014-11-17	1.272	1.1344	1.0488
2014-11-18	1.269	1.1253	1.0399
2014-11-19	1.268	1.1239	1.0378
2014-11-20	1.268	1.1239	1.0308
2014-11-21	1.268	1.1401	1.0394
2014-11-24	1.274	1.163	1.0465
2014-11-25	1.275	1.1758	1.0592
2014-11-26	1.277	1.1891	1.0649
2014-11-27	1.278	1.2003	1.0673
2014-11-28	1.282	1.2195	1.0658
2014-12-01	1.281	1.2232	1.0861
2014-12-02	1.288	1.2597	1.0954
2014-12-03	1.285	1.2747	1.1157
2014-12-04	1.289	1.3222	1.1406
2014-12-05	1.284	1.3285	1.1111
2014-12-08	1.287	1.3722	1.1224
2014-12-09	1.258	1.322	1.1022
2014-12-10	1.265	1.3614	1.1456
2014-12-11	1.265	1.3482	1.1445
2014-12-12	1.264	1.3516	1.1502
2014-12-15	1.264	1.3589	1.1649
2014-12-16	1.267	1.3888	1.1523
2014-12-17	1.26	1.4087	1.1323
2014-12-18	1.258	1.4037	1.1372
2014-12-19	1.259	1.4162	1.134
2014-12-22	1.272	1.4184	1.1414
2014-12-23	1.273	1.3952	1.1375
2014-12-24	1.273	1.3627	1.1341
2014-12-25	1.278	1.3987	1.144
2014-12-26	1.283	1.4375	1.1513
2014-12-29	1.283	1.4409	1.15
2014-12-30	1.285	1.4418	1.1394
2014-12-31	1.29	1.468	1.1506
2015-01-05	1.296	1.505	1.1984
2015-01-06	1.297	1.5047	1.2074
2015-01-07	1.298	1.5056	1.1958
2015-01-08	1.294	1.4762	1.1952
2015-01-09	1.298	1.4722	1.1812
2015-01-12	1.296	1.4608	1.1718
2015-01-13	1.3	1.4609	1.1729
2015-01-14	1.3	1.457	1.1577
2015-01-15	1.305	1.4922	1.1685
2015-01-16	1.308	1.5023	1.1787
2015-01-19	1.298	1.4105	1.123
2015-01-20	1.301	1.4246	1.1512
2015-01-21	1.308	1.4774	1.1799
2015-01-22	1.315	1.4839	1.1847
2015-01-23	1.316	1.486	1.1751
2015-01-26	1.313	1.496	1.1976
2015-01-27	1.31	1.4845	1.1961
2015-01-28	1.309	1.4674	1.184
2015-01-29	1.308	1.4525	1.1707
2015-01-30	1.308	1.4363	1.1687
2015-02-02	1.304	1.4086	1.1536
2015-02-03	1.306	1.4373	1.1655
2015-02-04	1.305	1.425	1.1565
2015-02-05	1.307	1.4131	1.1444
2015-02-06	1.307	1.3945	1.1309
2015-02-09	1.308	1.4059	1.1436
2015-02-10	1.309	1.4266	1.1529
2015-02-11	1.31	1.4356	1.166
2015-02-12	1.311	1.4385	1.1757
2015-02-13	1.314	1.4476	1.1862
2015-02-16	1.318	1.4577	1.1972
2015-02-17	1.319	1.4653	1.1963
2015-02-25	1.32	1.4501	1.1917
2015-02-26	1.32	1.4801	1.2074
2015-02-27	1.32	1.4823	1.2154
2015-03-02	1.321	1.4921	1.224
2015-03-03	1.319	1.46	1.2064
2015-03-04	1.319	1.4681	1.2335
2015-03-05	1.318	1.4561	1.2379
2015-03-06	1.318	1.45	1.2305
2015-03-09	1.319	1.4687	1.2566
2015-03-10	1.318	1.4628	1.2622
2015-03-11	1.319	1.4639	1.2582
2015-03-12	1.321	1.4873	1.2589
2015-03-13	1.321	1.4958	1.2693
2015-03-16	1.323	1.5259	1.3032
2015-03-17	1.323	1.5437	1.3174
2015-03-18	1.323	1.5743	1.3398
2015-03-19	1.323	1.5727	1.3326
2015-03-20	1.324	1.5909	1.3372
2015-03-23	1.327	1.6183	1.362
2015-03-24	1.327	1.6186	1.3625
2015-03-25	1.325	1.6083	1.3748
2015-03-26	1.324	1.6114	1.3893
2015-03-27	1.325	1.6189	1.3887
2015-03-30	1.324	1.6585	1.4023
2015-03-31	1.322	1.6459	1.395
2015-04-01	1.324	1.6708	1.4162
2015-04-02	1.325	1.6713	1.4311
2015-04-03	1.325	1.687	1.4454
2015-04-07	1.326	1.7174	1.4838
2015-04-08	1.325	1.7325	1.4838
2015-04-09	1.325	1.7212	1.468
2015-04-10	1.326	1.7503	1.515
2015-04-13	1.327	1.7727	1.5355
2015-04-14	1.327	1.7783	1.538
2015-04-15	1.328	1.7581	1.4872
2015-04-16	1.33	1.8033	1.5477
2015-04-17	1.332	1.8299	1.5534
2015-04-20	1.335	1.8047	1.5328
2015-04-21	1.338	1.8384	1.6073
2015-04-22	1.339	1.8803	1.6364
2015-04-23	1.339	1.8796	1.6308
2015-04-24	1.338	1.866	1.6236
2015-04-27	1.339	1.9009	1.633
2015-04-28	1.341	1.8785	1.5755
2015-04-29	1.342	1.89	1.6016
2015-04-30	1.342	1.8833	1.5934
2015-05-04	1.343	1.896	1.6087
2015-05-05	1.341	1.8312	1.549
2015-05-06	1.341	1.8164	1.5278
2015-05-07	1.342	1.7886	1.5139
2015-05-08	1.343	1.8189	1.5532
2015-05-11	1.345	1.8639	1.5946
2015-05-12	1.347	1.8831	1.6215
2015-05-13	1.348	1.8735	1.6416
2015-05-14	1.351	1.8678	1.6302
2015-05-15	1.352	1.8397	1.6078
2015-05-18	1.353	1.825	1.6074
2015-05-19	1.353	1.8773	1.6471
2015-05-20	1.353	1.8868	1.6591
2015-05-21	1.355	1.9208	1.7201
2015-05-22	1.356	1.9578	1.7581
2015-05-25	1.358	2.01	1.8197
2015-05-26	1.358	2.0473	1.8557
2015-05-27	1.357	2.0424	1.8689
2015-05-28	1.352	1.922	1.75
2015-05-29	1.351	1.9254	1.7447
2015-06-01	1.354	2.0081	1.8303
2015-06-02	1.355	2.0391	1.8798
2015-06-03	1.355	2.0332	1.861
2015-06-04	1.355	2.0464	1.8382
2015-06-05	1.354	2.0643	1.867
2015-06-08	1.357	2.1018	1.8928
2015-06-09	1.355	2.0842	1.8822
2015-06-10	1.354	2.0813	1.9151
2015-06-11	1.352	2.0805	1.9338
2015-06-12	1.353	2.0907	1.9679
2015-06-15	1.35	2.0512	1.9354
2015-06-16	1.348	1.9983	1.8829
2015-06-17	1.348	2.0241	1.9045
2015-06-18	1.346	1.9525	1.8306
2015-06-19	1.345	1.8541	1.7008
2015-06-23	1.346	1.9057	1.7644
2015-06-24	1.347	1.9383	1.8191
2015-06-25	1.347	1.8792	1.7629
2015-06-26	1.345	1.7511	1.6235
2015-06-29	1.346	1.7032	1.5714
2015-06-30	1.345	1.801	1.6568
2015-07-01	1.345	1.7259	1.585
2015-07-02	1.345	1.6737	1.5
2015-07-03	1.345	1.5991	1.4169
2015-07-06	1.347	1.6365	1.4411
2015-07-07	1.349	1.6089	1.3651
2015-07-08	1.346	1.5046	1.2886
2015-07-09	1.344	1.5958	1.3789
2015-07-10	1.344	1.676	1.476
2015-07-13	1.344	1.719	1.5428
2015-07-14	1.345	1.684	1.5168
2015-07-15	1.344	1.6256	1.4458
2015-07-16	1.344	1.6379	1.4769
2015-07-17	1.345	1.6964	1.5461
2015-07-20	1.346	1.7011	1.55
2015-07-21	1.348	1.7049	1.5641
2015-07-22	1.349	1.7034	1.5779
2015-07-23	1.35	1.7385	1.6103
2015-07-24	1.352	1.7108	1.5784
2015-07-27	1.353	1.5802	1.4518
2015-07-28	1.354	1.574	1.4665
2015-07-29	1.355	1.6194	1.5182
2015-07-30	1.356	1.5781	1.4781
2015-07-31	1.356	1.5772	1.4776
2015-08-03	1.358	1.5791	1.4767
2015-08-04	1.358	1.6239	1.5285
2015-08-05	1.362	1.5954	1.5033
2015-08-06	1.364	1.5827	1.4852
2015-08-07	1.366	1.6104	1.512
2015-08-10	1.367	1.6732	1.5739
2015-08-11	1.366	1.6675	1.5736
2015-08-12	1.366	1.6487	1.5651
2015-08-13	1.366	1.6713	1.5815
2015-08-14	1.367	1.6712	1.5933
2015-08-17	1.368	1.6742	1.6166
2015-08-18	1.368	1.5811	1.5138
2015-08-19	1.369	1.6043	1.5397
2015-08-20	1.369	1.5595	1.4919
2015-08-21	1.37	1.4971	1.4296
2015-08-24	1.371	1.3829	1.3125
2015-08-25	1.371	1.2964	1.2449
2015-08-26	1.371	1.2881	1.2515
2015-08-27	1.372	1.3525	1.3119
2015-08-28	1.373	1.4027	1.358
2015-08-31	1.375	1.4102	1.334
2015-09-01	1.377	1.4048	1.304
2015-09-02	1.378	1.4047	1.3001
2015-09-07	1.379	1.3662	1.2682
2015-09-08	1.38	1.3973	1.29
2015-09-09	1.38	1.4216	1.3085
2015-09-10	1.381	1.4078	1.2885
2015-09-11	1.382	1.405	1.2809
2015-09-14	1.383	1.3793	1.2468
2015-09-15	1.383	1.3311	1.2011
2015-09-16	1.385	1.3889	1.2676
2015-09-17	1.385	1.3639	1.2288
2015-09-18	1.386	1.3705	1.2372
2015-09-21	1.386	1.3929	1.2642
2015-09-22	1.386	1.4041	1.2725
2015-09-23	1.386	1.3777	1.252
2015-09-24	1.386	1.3864	1.2588
2015-09-25	1.387	1.3673	1.2361
2015-09-28	1.387	1.3716	1.2431
2015-09-29	1.388	1.3493	1.2294
2015-09-30	1.389	1.3577	1.2308
2015-10-08	1.39	1.3908	1.2739
2015-10-09	1.391	1.4061	1.2813
2015-10-12	1.391	1.4455	1.3164
2015-10-13	1.392	1.4462	1.3245
2015-10-14	1.393	1.4325	1.3085
2015-10-15	1.393	1.4616	1.3416
2015-10-16	1.394	1.4791	1.3597
2015-10-19	1.394	1.479	1.3543
2015-10-20	1.395	1.4948	1.3628
2015-10-21	1.395	1.4563	1.3045
2015-10-22	1.395	1.4749	1.3415
2015-10-23	1.395	1.4928	1.3683
2015-10-26	1.398	1.4992	1.3763
2015-10-27	1.399	1.5006	1.3707
2015-10-28	1.4	1.4768	1.3471
2015-10-29	1.401	1.4799	1.3609
2015-10-30	1.401	1.4801	1.3623
2015-11-02	1.402	1.4598	1.3433
2015-11-03	1.402	1.4562	1.3415
2015-11-04	1.402	1.513	1.3941
2015-11-05	1.402	1.5395	1.3983
2015-11-06	1.402	1.5707	1.4136
2015-11-09	1.4	1.5869	1.4323
2015-11-10	1.398	1.584	1.4248
2015-11-11	1.399	1.5845	1.4289
2015-11-12	1.399	1.5714	1.4233
2015-11-13	1.399	1.5552	1.3926
2015-11-16	1.399	1.5656	1.4007
2015-11-17	1.398	1.5644	1.4016
2015-11-18	1.398	1.5496	1.3952
2015-11-19	1.398	1.5689	1.4087
2015-11-20	1.398	1.568	1.4071
2015-11-23	1.398	1.5607	1.4008
2015-11-24	1.399	1.561	1.4017
2015-11-25	1.4	1.5707	1.4206
2015-11-26	1.4	1.5629	1.4174
2015-11-27	1.4	1.4926	1.3538
2015-11-30	1.4	1.496	1.3546
2015-12-01	1.4	1.5045	1.3654
2015-12-02	1.401	1.5481	1.3922
2015-12-03	1.403	1.5575	1.3994
2015-12-04	1.405	1.5322	1.3916
2015-12-07	1.406	1.5358	1.3988
2015-12-08	1.404	1.5127	1.3634
2015-12-09	1.405	1.5174	1.3658
2015-12-10	1.404	1.5135	1.3607
2015-12-11	1.405	1.5081	1.3484
2015-12-14	1.404	1.5429	1.3689
2015-12-15	1.403	1.5373	1.3739
2015-12-16	1.403	1.5338	1.3685
2015-12-17	1.404	1.556	1.3938
2015-12-18	1.405	1.5595	1.4141
2015-12-21	1.408	1.5873	1.4776
2015-12-22	1.411	1.59	1.485
2015-12-23	1.412	1.5872	1.472
2015-12-24	1.412	1.5782	1.4609
2015-12-25	1.413	1.5807	1.4596
2015-12-28	1.414	1.5536	1.4233
2015-12-29	1.415	1.5618	1.4389
2015-12-30	1.416	1.5628	1.4421
2015-12-31	1.416	1.5539	1.4334
2016-01-04	1.415	1.4813	1.3339
2016-01-05	1.416	1.4834	1.3496
2016-01-06	1.416	1.4999	1.3697
2016-01-07	1.416	1.4333	1.2768
2016-01-08	1.417	1.4513	1.3049
2016-01-11	1.418	1.4058	1.2399
2016-01-12	1.42	1.412	1.239
2016-01-13	1.421	1.3949	1.2157
2016-01-14	1.422	1.4129	1.2417
2016-01-15	1.423	1.3849	1.2044
2016-01-18	1.423	1.3884	1.2098
2016-01-19	1.422	1.4136	1.2498
2016-01-20	1.422	1.4005	1.2244
2016-01-21	1.422	1.3752	1.1955
2016-01-22	1.422	1.3839	1.2048
2016-01-25	1.422	1.3881	1.2173
2016-01-26	1.422	1.336	1.1547
2016-01-27	1.421	1.3331	1.1513
2016-01-28	1.421	1.312	1.1254
2016-01-29	1.421	1.3372	1.1597
2016-02-01	1.421	1.3252	1.1529
2016-02-02	1.422	1.342	1.1776
2016-02-03	1.421	1.3389	1.1744
2016-02-04	1.422	1.349	1.187
2016-02-05	1.422	1.3435	1.1801
2016-02-15	1.424	1.3387	1.1701
2016-02-16	1.425	1.3634	1.2063
2016-02-17	1.425	1.3707	1.2134
2016-02-18	1.427	1.368	1.2071
2016-02-19	1.427	1.3676	1.2107
2016-02-22	1.428	1.3859	1.2329
2016-02-23	1.428	1.3778	1.2327
2016-02-24	1.429	1.3833	1.2414
2016-02-25	1.429	1.3294	1.1645
2016-02-26	1.429	1.3376	1.1811
2016-02-29	1.43	1.3169	1.1515
2016-03-01	1.431	1.3318	1.1718
2016-03-02	1.431	1.3656	1.2112
2016-03-03	1.432	1.3677	1.222
2016-03-04	1.432	1.3776	1.2367
2016-03-07	1.433	1.3807	1.2434
2016-03-08	1.434	1.3813	1.2338
2016-03-09	1.434	1.371	1.2144
2016-03-10	1.436	1.3542	1.2156
2016-03-11	1.436	1.3545	1.2105
2016-03-14	1.437	1.3679	1.2242
2016-03-15	1.437	1.3703	1.2332
2016-03-16	1.438	1.3741	1.2218
2016-03-17	1.438	1.3839	1.2377
2016-03-18	1.439	1.3978	1.2563
2016-03-21	1.441	1.4192	1.2796
2016-03-22	1.441	1.4128	1.2815
2016-03-23	1.441	1.4158	1.2845
2016-03-24	1.442	1.4014	1.2804
2016-03-25	1.442	1.4058	1.2923
2016-03-28	1.441	1.3979	1.3046
2016-03-29	1.441	1.3883	1.2833
2016-03-30	1.441	1.4108	1.3109
2016-03-31	1.441	1.4111	1.3122
2016-04-01	1.441	1.4122	1.3018
2016-04-05	1.442	1.4242	1.3196
2016-04-06	1.442	1.4225	1.3311
2016-04-07	1.442	1.4093	1.3071
2016-04-08	1.442	1.4029	1.2914
2016-04-11	1.441	1.4151	1.3047
2016-04-12	1.439	1.4119	1.2956
2016-04-13	1.438	1.4235	1.3042
2016-04-14	1.436	1.4277	1.3146
2016-04-15	1.436	1.4265	1.313
2016-04-18	1.436	1.4145	1.2972
2016-04-19	1.435	1.4172	1.2982
2016-04-20	1.433	1.4006	1.2621
2016-04-21	1.432	1.3948	1.2594
2016-04-22	1.43	1.3991	1.2737
2016-04-25	1.427	1.3955	1.2714
2016-04-26	1.426	1.4005	1.2813
2016-04-27	1.426	1.397	1.2837
2016-04-28	1.427	1.3958	1.2816
2016-04-29	1.427	1.3949	1.2993
2016-05-03	1.428	1.4107	1.351
2016-05-04	1.429	1.4096	1.3445
2016-05-05	1.43	1.4111	1.3506
2016-05-06	1.43	1.3884	1.3092
2016-05-09	1.431	1.3702	1.2954
2016-05-10	1.432	1.3711	1.3127
2016-05-11	1.432	1.3744	1.3458
2016-05-12	1.433	1.3762	1.3381
2016-05-13	1.433	1.372	1.3272
2016-05-16	1.434	1.3778	1.3486
2016-05-17	1.433	1.3757	1.333
2016-05-18	1.432	1.3703	1.3091
2016-05-19	1.433	1.3689	1.3054
2016-05-20	1.431	1.3733	1.3156
2016-05-23	1.43	1.3763	1.328
2016-05-24	1.427	1.3697	1.3129
2016-05-25	1.428	1.3686	1.301
2016-05-26	1.428	1.3701	1.2975
2016-05-27	1.428	1.3696	1.2961
2016-05-30	1.428	1.3707	1.2928
2016-05-31	1.427	1.3992	1.3357
2016-06-01	1.428	1.3969	1.3385
2016-06-02	1.428	1.3989	1.3457
2016-06-03	1.429	1.4059	1.3809
2016-06-06	1.429	1.404	1.3725
2016-06-07	1.429	1.4037	1.3778
2016-06-08	1.43	1.4008	1.3616
2016-06-13	1.431	1.3735	1.3265
2016-06-14	1.432	1.3765	1.3446
2016-06-15	1.432	1.3883	1.3699
2016-06-16	1.433	1.3833	1.3616
2016-06-17	1.436	1.3882	1.3823
2016-06-20	1.438	1.389	1.3772
2016-06-21	1.438	1.3872	1.3626
2016-06-22	1.439	1.3949	1.3742
2016-06-23	1.44	1.3911	1.3633
2016-06-24	1.441	1.3814	1.3441
2016-06-27	1.442	1.3935	1.3788
2016-06-28	1.443	1.3981	1.3838
2016-06-29	1.443	1.4023	1.3824
2016-06-30	1.444	1.4033	1.3906
2016-07-01	1.445	1.4037	1.3909
2016-07-04	1.446	1.4196	1.4092
2016-07-05	1.447	1.4229	1.4158
2016-07-06	1.447	1.4263	1.4615
2016-07-07	1.448	1.4262	1.4654
2016-07-08	1.449	1.4229	1.457
2016-07-11	1.449	1.426	1.48
2016-07-12	1.45	1.4453	1.5171
2016-07-13	1.451	1.4498	1.5039
2016-07-14	1.451	1.4483	1.5017
2016-07-15	1.452	1.4488	1.5024
2016-07-18	1.453	1.4447	1.4942
2016-07-19	1.453	1.4414	1.4724
2016-07-20	1.454	1.4384	1.4731
2016-07-21	1.455	1.4424	1.4821
2016-07-22	1.455	1.4348	1.4561
2016-07-25	1.456	1.4366	1.4633
2016-07-26	1.456	1.4474	1.4946
2016-07-27	1.456	1.4327	1.461
2016-07-28	1.457	1.4334	1.4805
2016-07-29	1.458	1.4293	1.4778
2016-08-01	1.458	1.4215	1.4506
2016-08-02	1.459	1.4249	1.4515
2016-08-03	1.459	1.4262	1.4573
2016-08-04	1.46	1.4285	1.4555
2016-08-05	1.461	1.4299	1.4538
2016-08-08	1.461	1.4379	1.4642
2016-08-09	1.461	1.4442	1.4806
2016-08-10	1.462	1.4404	1.4674
2016-08-11	1.462	1.4378	1.462
2016-08-12	1.463	1.4549	1.4721
2016-08-15	1.464	1.4824	1.4968
2016-08-16	1.464	1.4788	1.4908
2016-08-17	1.465	1.4774	1.4916
2016-08-18	1.465	1.4751	1.4806
2016-08-19	1.465	1.4756	1.4768
2016-08-22	1.465	1.4675	1.4764
2016-08-23	1.465	1.4688	1.4771
2016-08-24	1.464	1.4657	1.4717
2016-08-25	1.464	1.4599	1.4629
2016-08-26	1.465	1.4595	1.4621
2016-08-29	1.465	1.4596	1.4559
2016-08-30	1.465	1.4608	1.4553
2016-08-31	1.465	1.4652	1.4603
2016-09-01	1.466	1.4577	1.449
2016-09-02	1.466	1.4602	1.4426
2016-09-05	1.466	1.4612	1.4463
2016-09-06	1.466	1.4679	1.4605
2016-09-07	1.467	1.4673	1.4519
2016-09-08	1.467	1.4669	1.4504
2016-09-09	1.467	1.4609	1.4402
2016-09-12	1.468	1.4456	1.4044
2016-09-13	1.468	1.4451	1.4073
2016-09-14	1.468	1.4392	1.4044
2016-09-19	1.468	1.4459	1.4152
2016-09-20	1.468	1.4443	1.4144
2016-09-21	1.468	1.447	1.4129
2016-09-22	1.469	1.4536	1.424
2016-09-23	1.469	1.4493	1.4221
2016-09-26	1.47	1.4343	1.3921
2016-09-27	1.47	1.4399	1.3998
2016-09-28	1.47	1.4373	1.3958
2016-09-29	1.47	1.441	1.4017
2016-09-30	1.471	1.4434	1.4139
2016-10-10	1.472	1.4542	1.4364
2016-10-11	1.472	1.4578	1.4412
2016-10-12	1.472	1.4561	1.4383
2016-10-13	1.473	1.4568	1.4351
2016-10-14	1.473	1.4576	1.4379
2016-10-17	1.474	1.4499	1.4294
2016-10-18	1.474	1.462	1.4489
2016-10-19	1.475	1.4605	1.447
2016-10-20	1.475	1.4612	1.4432
2016-10-21	1.476	1.4636	1.4377
2016-10-24	1.476	1.4741	1.4558
2016-10-25	1.475	1.474	1.4687
2016-10-26	1.475	1.4705	1.4859
2016-10-27	1.474	1.468	1.4793
2016-10-28	1.475	1.4664	1.4733
2016-10-31	1.474	1.4652	1.4749
2016-11-01	1.474	1.4714	1.4856
2016-11-02	1.475	1.4644	1.474
2016-11-03	1.475	1.4731	1.4773
2016-11-04	1.475	1.4701	1.4716
2016-11-07	1.476	1.4707	1.4699
2016-11-08	1.475	1.4746	1.4809
2016-11-09	1.476	1.4697	1.4687
2016-11-10	1.475	1.4799	1.4833
2016-11-11	1.475	1.4871	1.4817
2016-11-14	1.475	1.4906	1.4736
2016-11-15	1.475	1.4905	1.4856
2016-11-16	1.474	1.4904	1.4806
2016-11-17	1.474	1.4923	1.479
2016-11-18	1.473	1.4871	1.4725
2016-11-21	1.474	1.4935	1.4684
2016-11-22	1.474	1.5011	1.4702
2016-11-23	1.474	1.503	1.4761
2016-11-24	1.474	1.5068	1.4916
2016-11-25	1.474	1.516	1.4938
2016-11-28	1.474	1.5196	1.4928
2016-11-29	1.473	1.5274	1.5194
2016-11-30	1.471	1.5203	1.502
2016-12-01	1.47	1.5275	1.5091
2016-12-02	1.469	1.5175	1.4889
2016-12-05	1.469	1.5012	1.4707
2016-12-06	1.467	1.4985	1.481
2016-12-07	1.467	1.5031	1.4976
2016-12-08	1.468	1.5016	1.5012
2016-12-09	1.468	1.5079	1.5001
2016-12-12	1.467	1.4843	1.4599
2016-12-13	1.465	1.4832	1.4832
2016-12-14	1.464	1.476	1.4713
2016-12-15	1.46	1.4656	1.4645
2016-12-16	1.46	1.4673	1.469
2016-12-19	1.459	1.4626	1.4757
2016-12-20	1.457	1.4572	1.4634
2016-12-21	1.458	1.4652	1.4717
2016-12-22	1.46	1.4644	1.4664
2016-12-23	1.462	1.4566	1.4475
2016-12-26	1.463	1.4605	1.4555
2016-12-27	1.463	1.4588	1.4541
2016-12-28	1.463	1.4548	1.4452
2016-12-29	1.464	1.4536	1.4486
2016-12-30	1.465	1.4573	1.4644
2016-12-31	1.465	1.4573	1.4644
2017-01-03	1.466	1.466	1.4728
2017-01-04	1.467	1.4732	1.5036
2017-01-05	1.465	1.473	1.4994
2017-01-06	1.465	1.4675	1.497
2017-01-09	1.466	1.472	1.4968
2017-01-10	1.467	1.4705	1.4972
2017-01-11	1.468	1.4636	1.4804
2017-01-12	1.469	1.4589	1.4698
2017-01-13	1.469	1.4595	1.4586
2017-01-16	1.47	1.4594	1.4491
2017-01-17	1.469	1.4614	1.4654
2017-01-18	1.468	1.465	1.4803
2017-01-19	1.467	1.4623	1.4752
2017-01-20	1.468	1.4694	1.4852
2017-01-23	1.469	1.472	1.4888
2017-01-24	1.469	1.4721	1.4896
2017-01-25	1.469	1.4754	1.489
2017-01-26	1.469	1.4787	1.4862
2017-02-03	1.468	1.4723	1.481
2017-02-06	1.467	1.4747	1.4871
2017-02-07	1.466	1.4727	1.4838
2017-02-08	1.466	1.4777	1.4903
2017-02-09	1.468	1.4813	1.5001
2017-02-10	1.469	1.486	1.5051
2017-02-13	1.47	1.4925	1.5306
2017-02-14	1.47	1.4924	1.5292
2017-02-15	1.47	1.489	1.5178
2017-02-16	1.47	1.4945	1.5216
2017-02-17	1.471	1.489	1.5243
2017-02-20	1.471	1.5028	1.5645
2017-02-21	1.471	1.5062	1.5708
2017-02-22	1.471	1.5082	1.5889
2017-02-23	1.472	1.5037	1.5746
2017-02-24	1.473	1.5039	1.5736
2017-02-27	1.473	1.4957	1.5513
2017-02-28	1.472	1.4976	1.5499
2017-03-01	1.472	1.4993	1.5563
2017-03-02	1.472	1.493	1.5518
2017-03-03	1.472	1.4911	1.5514
2017-03-06	1.471	1.4964	1.5597
2017-03-07	1.471	1.4985	1.5817
2017-03-08	1.471	1.4972	1.5758
2017-03-09	1.471	1.4911	1.567
2017-03-10	1.47	1.4914	1.5691
2017-03-13	1.471	1.4999	1.5863
2017-03-14	1.471	1.4995	1.5783
2017-03-15	1.471	1.5015	1.5825
2017-03-16	1.472	1.5069	1.5809
2017-03-17	1.472	1.497	1.577
2017-03-20	1.472	1.4981	1.5918
2017-03-21	1.471	1.5027	1.6266
2017-03-22	1.471	1.4983	1.6309
2017-03-23	1.472	1.5016	1.6267
2017-03-24	1.473	1.5092	1.6298
2017-03-27	1.474	1.506	1.61
2017-03-28	1.475	1.5037	1.6056
2017-03-29	1.476	1.5025	1.6095
2017-03-30	1.476	1.4946	1.5995
2017-03-31	1.476	1.5004	1.6053
2017-04-05	1.477	1.5136	1.6216
2017-04-06	1.476	1.5166	1.6202
2017-04-07	1.477	1.5176	1.6163
2017-04-10	1.478	1.5139	1.5994
2017-04-11	1.478	1.5174	1.5961
2017-04-12	1.478	1.5148	1.6059
2017-04-13	1.478	1.5164	1.6214
2017-04-14	1.478	1.5086	1.6042
2017-04-17	1.476	1.5065	1.6093
2017-04-18	1.476	1.5017	1.6268
2017-04-19	1.474	1.4973	1.6194
2017-04-20	1.474	1.5015	1.6537
2017-04-21	1.472	1.5027	1.6367
2017-04-24	1.471	1.4922	1.6119
2017-04-25	1.471	1.4948	1.6477
2017-04-26	1.471	1.4959	1.6447
2017-04-27	1.472	1.4967	1.6483
2017-04-28	1.472	1.4948	1.6152
2017-05-02	1.473	1.4912	1.6067
2017-05-03	1.472	1.4876	1.6096
2017-05-04	1.471	1.4851	1.6066
2017-05-05	1.47	1.4787	1.5994
2017-05-08	1.469	1.4718	1.5728
2017-05-09	1.468	1.4706	1.5777
2017-05-10	1.466	1.4667	1.5668
2017-05-11	1.466	1.4718	1.5767
2017-05-12	1.465	1.4796	1.5832
2017-05-15	1.465	1.4835	1.6015
2017-05-16	1.465	1.4921	1.6367
2017-05-17	1.465	1.4872	1.6221
2017-05-18	1.465	1.4842	1.6231
2017-05-19	1.465	1.4858	1.642
2017-05-22	1.465	1.4874	1.6439
2017-05-23	1.465	1.4904	1.6616
2017-05-24	1.465	1.4905	1.6477
2017-05-25	1.466	1.5076	1.6575
2017-05-26	1.466	1.5061	1.6577
2017-05-31	1.466	1.5095	1.6528
2017-06-01	1.466	1.5102	1.6533
2017-06-02	1.467	1.5075	1.6458
2017-06-05	1.467	1.5032	1.6377
2017-06-06	1.468	1.51	1.6582
2017-06-07	1.468	1.5218	1.6928
2017-06-08	1.468	1.5296	1.7203
2017-06-09	1.468	1.5341	1.7299
2017-06-12	1.47	1.5333	1.7489
2017-06-13	1.471	1.5357	1.7499
2017-06-14	1.472	1.5247	1.7343
2017-06-15	1.474	1.5236	1.7144
2017-06-16	1.475	1.5221	1.7074
2017-06-19	1.478	1.5319	1.7267
2017-06-20	1.481	1.53	1.7164
2017-06-21	1.482	1.5413	1.7571
2017-06-22	1.483	1.5419	1.7465
2017-06-23	1.483	1.5508	1.7583
2017-06-26	1.485	1.5634	1.7915
2017-06-27	1.487	1.5653	1.7982
2017-06-28	1.488	1.5575	1.7739
2017-06-29	1.489	1.564	1.7849
2017-06-30	1.49	1.5636	1.793
2017-07-03	1.49	1.5593	1.7736
2017-07-04	1.49	1.5508	1.7467
2017-07-05	1.491	1.5631	1.7646
2017-07-06	1.491	1.5637	1.755
2017-07-07	1.492	1.5629	1.7377
2017-07-10	1.493	1.5629	1.7518
2017-07-11	1.493	1.5687	1.7664
2017-07-12	1.494	1.5658	1.7491
2017-07-13	1.495	1.5743	1.7454
2017-07-14	1.495	1.5799	1.7518
2017-07-17	1.496	1.568	1.7105
2017-07-18	1.496	1.5694	1.7175
2017-07-19	1.496	1.5879	1.7402
2017-07-20	1.496	1.593	1.7612
2017-07-21	1.496	1.5879	1.7734
2017-07-24	1.497	1.592	1.7961
2017-07-25	1.499	1.5853	1.788
2017-07-26	1.499	1.5813	1.7609
2017-07-27	1.499	1.5838	1.7664
2017-07-28	1.499	1.5864	1.7999
2017-07-31	1.5	1.5911	1.81
2017-08-01	1.5	1.6002	1.8144
2017-08-02	1.5	1.5977	1.8061
2017-08-03	1.499	1.5887	1.7944
2017-08-04	1.5	1.583	1.7763
2017-08-07	1.5	1.5884	1.8181
2017-08-08	1.5	1.5903	1.8311
2017-08-09	1.5	1.5903	1.8763
2017-08-10	1.5	1.586	1.8751
2017-08-11	1.5	1.5668	1.835
2017-08-14	1.5	1.5803	1.8697
2017-08-15	1.501	1.5833	1.8732
2017-08-16	1.501	1.5822	1.8643
2017-08-17	1.501	1.588	1.8568
2017-08-18	1.501	1.5887	1.8579
2017-08-21	1.501	1.5938	1.8625
2017-08-22	1.501	1.5968	1.8508
2017-08-23	1.501	1.5975	1.8561
2017-08-24	1.501	1.5914	1.8391
2017-08-25	1.501	1.6086	1.8521
2017-08-28	1.501	1.6219	1.8626
2017-08-29	1.5	1.6202	1.8622
2017-08-30	1.499	1.6204	1.8727
2017-08-31	1.499	1.6171	1.8741
2017-09-01	1.5	1.6194	1.8794
2017-09-04	1.5	1.6236	1.8691
2017-09-05	1.5	1.6267	1.8779
2017-09-06	1.5	1.6248	1.8668
2017-09-07	1.501	1.6193	1.8477
2017-09-08	1.501	1.6181	1.8367
2017-09-11	1.503	1.6181	1.8427
2017-09-12	1.503	1.6214	1.8557
2017-09-13	1.504	1.6226	1.8829
2017-09-14	1.504	1.6191	1.8829
2017-09-15	1.505	1.6195	1.8949
2017-09-18	1.505	1.6228	1.9255
2017-09-19	1.506	1.6196	1.9216
2017-09-20	1.506	1.6227	1.9393
2017-09-21	1.506	1.621	1.9362
2017-09-22	1.506	1.6209	1.9381
2017-09-25	1.507	1.615	1.9583
2017-09-26	1.507	1.6161	1.9561
2017-09-27	1.507	1.6163	1.9519
2017-09-28	1.507	1.6165	1.984
2017-09-29	1.507	1.6205	2.0
2017-10-09	1.509	1.6329	2.0233
2017-10-10	1.508	1.6351	2.0448
2017-10-11	1.509	1.6385	2.0887
2017-10-12	1.509	1.6413	2.0821
2017-10-13	1.509	1.6437	2.0858
2017-10-16	1.509	1.6413	2.0701
2017-10-17	1.508	1.6413	2.0731
2017-10-18	1.509	1.6489	2.1099
2017-10-19	1.509	1.6452	2.148
2017-10-20	1.509	1.6444	2.1265
2017-10-23	1.51	1.6455	2.1386
2017-10-24	1.51	1.6534	2.1446
2017-10-25	1.51	1.6584	2.1444
2017-10-26	1.51	1.6631	2.1798
2017-10-27	1.509	1.6708	2.2309
2017-10-30	1.507	1.666	2.1993
2017-10-31	1.507	1.6656	2.186
2017-11-01	1.507	1.6629	2.1771
2017-11-02	1.507	1.6625	2.1888
2017-11-03	1.507	1.6611	2.2049
2017-11-06	1.507	1.669	2.2665
2017-11-07	1.507	1.6784	2.2595
2017-11-08	1.507	1.677	2.2429
2017-11-09	1.507	1.6848	2.2519
2017-11-10	1.506	1.6952	2.315
2017-11-13	1.505	1.6995	2.3085
2017-11-14	1.504	1.6914	2.2583
2017-11-15	1.503	1.6831	2.2796
2017-11-16	1.504	1.6916	2.3435
2017-11-17	1.504	1.6955	2.307
2017-11-20	1.504	1.7017	2.2953
2017-11-21	1.503	1.7218	2.3415
2017-11-22	1.5	1.7246	2.2909
2017-11-23	1.498	1.69	2.2001
2017-11-24	1.497	1.6906	2.1952
2017-11-27	1.497	1.6753	2.1618
2017-11-28	1.497	1.6772	2.189
2017-11-29	1.496	1.6765	2.1425
2017-11-30	1.496	1.6633	2.1199
2017-12-01	1.497	1.6615	2.1206
2017-12-04	1.499	1.6669	2.1682
2017-12-05	1.499	1.6725	2.1616
2017-12-06	1.5	1.666	2.1501
2017-12-07	1.5	1.6536	2.1137
2017-12-08	1.501	1.6627	2.1577
2017-12-11	1.501	1.6802	2.2306
2017-12-12	1.501	1.6657	2.2209
2017-12-13	1.501	1.6753	2.275
2017-12-14	1.501	1.6689	2.2789
2017-12-15	1.501	1.6565	2.2538
2017-12-18	1.501	1.6573	2.2837
2017-12-19	1.501	1.6709	2.3049
2017-12-20	1.501	1.6693	2.3625
2017-12-21	1.501	1.6798	2.3674
2017-12-22	1.5	1.6758	2.3577
2017-12-25	1.501	1.672	2.3627
2017-12-26	1.501	1.6751	2.3363
2017-12-27	1.501	1.6578	2.2889
2017-12-28	1.501	1.6653	2.3513
2017-12-29	1.501	1.668	2.3361
2017-12-31	1.502	1.668	2.336
2018-01-02	1.503	1.6836	2.3457
2018-01-03	1.504	1.6904	2.3666
2018-01-04	1.503	1.6956	2.415
2018-01-05	1.504	1.6983	2.4213
2018-01-08	1.505	1.7043	2.4369
2018-01-09	1.506	1.7121	2.4993
2018-01-10	1.505	1.717	2.5287
2018-01-11	1.505	1.7165	2.5038
2018-01-12	1.505	1.7216	2.5359
2018-01-15	1.506	1.721	2.5211
2018-01-16	1.506	1.7297	2.5449
2018-01-17	1.506	1.7268	2.4912
2018-01-18	1.506	1.7324	2.4961
2018-01-19	1.505	1.7364	2.4679
2018-01-22	1.506	1.7499	2.5529
2018-01-23	1.506	1.7622	2.5585
2018-01-24	1.507	1.7647	2.5266
2018-01-25	1.507	1.7581	2.506
2018-01-26	1.507	1.7625	2.5211
2018-01-29	1.508	1.7408	2.4349
2018-01-30	1.508	1.7284	2.4278
2018-01-31	1.508	1.7333	2.4649
2018-02-01	1.508	1.7244	2.4199
2018-02-02	1.509	1.7315	2.4133
2018-02-05	1.51	1.7329	2.338
2018-02-06	1.51	1.699	2.2784
2018-02-07	1.51	1.6731	2.2048
2018-02-08	1.511	1.6629	2.2365
2018-02-09	1.512	1.6161	2.1895
2018-02-12	1.512	1.6296	2.2502
2018-02-13	1.513	1.6417	2.2698
2018-02-14	1.513	1.6502	2.2922
2018-02-22	1.515	1.6737	2.3742
2018-02-23	1.515	1.6787	2.3679
2018-02-26	1.517	1.692	2.3715
2018-02-27	1.518	1.6766	2.3328
2018-02-28	1.518	1.6671	2.2833
2018-03-01	1.519	1.6743	2.3048
2018-03-02	1.519	1.6653	2.2904
2018-03-05	1.52	1.6659	2.2629
2018-03-06	1.52	1.6793	2.2744
2018-03-07	1.521	1.6709	2.2507
2018-03-08	1.521	1.6822	2.2939
2018-03-09	1.522	1.6907	2.3077
2018-03-12	1.523	1.6959	2.3036
2018-03-13	1.522	1.6859	2.2794
2018-03-14	1.523	1.681	2.2937
2018-03-15	1.522	1.6871	2.3333
2018-03-16	1.523	1.6765	2.3027
2018-03-19	1.523	1.6813	2.3095
2018-03-20	1.524	1.6819	2.2953
2018-03-21	1.524	1.6773	2.2867
2018-03-22	1.524	1.6662	2.2356
2018-03-23	1.526	1.6347	2.1997
2018-03-26	1.528	1.6281	2.1789
2018-03-27	1.529	1.6356	2.1937
2018-03-28	1.529	1.6159	2.1074
2018-03-29	1.53	1.6299	2.1623
2018-03-30	1.53	1.6304	2.1623
2018-04-02	1.531	1.6276	2.1593
2018-04-03	1.532	1.6211	2.1697
2018-04-04	1.533	1.6192	2.2327
2018-04-09	1.535	1.6187	2.2091
2018-04-10	1.536	1.6385	2.2234
2018-04-11	1.537	1.6414	2.2337
2018-04-12	1.537	1.6308	2.2111
2018-04-13	1.538	1.6238	2.1877
2018-04-16	1.539	1.608	2.1862
2018-04-17	1.54	1.5926	2.1493
2018-04-18	1.545	1.5959	2.1438
2018-04-19	1.544	1.6076	2.199
2018-04-20	1.544	1.5942	2.1727
2018-04-23	1.544	1.5956	2.1701
2018-04-24	1.544	1.6158	2.2272
2018-04-25	1.544	1.612	2.2317
2018-04-26	1.543	1.5929	2.182
2018-04-27	1.543	1.5933	2.1444
2018-05-02	1.543	1.595	2.1598
2018-05-03	1.543	1.6026	2.1894
2018-05-04	1.543	1.5985	2.1866
2018-05-07	1.544	1.6138	2.2752
2018-05-08	1.543	1.6252	2.2942
2018-05-09	1.543	1.6234	2.2902
2018-05-10	1.543	1.6289	2.3153
2018-05-11	1.542	1.6235	2.2987
2018-05-14	1.542	1.6327	2.3431
2018-05-15	1.542	1.6365	2.3575
2018-05-16	1.542	1.6288	2.3626
2018-05-17	1.542	1.6216	2.3283
2018-05-18	1.542	1.6317	2.3448
2018-05-21	1.542	1.6365	2.3344
2018-05-22	1.542	1.633	2.353
2018-05-23	1.542	1.6196	2.3067
2018-05-24	1.542	1.6126	2.2815
2018-05-25	1.542	1.6106	2.2954
2018-05-28	1.543	1.6146	2.363
2018-05-29	1.542	1.6072	2.3485
2018-05-30	1.542	1.5862	2.3565
2018-05-31	1.542	1.607	2.4439
2018-06-01	1.543	1.5989	2.3996
2018-06-04	1.543	1.6088	2.4494
2018-06-05	1.542	1.6184	2.4713
2018-06-06	1.542	1.6162	2.4623
2018-06-07	1.542	1.6157	2.4399
2018-06-08	1.542	1.6021	2.4132
2018-06-11	1.542	1.602	2.3968
2018-06-12	1.542	1.6138	2.483
2018-06-13	1.542	1.6048	2.4514
2018-06-14	1.542	1.6015	2.4174
2018-06-15	1.542	1.5982	2.4
2018-06-19	1.542	1.562	2.3028
2018-06-20	1.542	1.5669	2.3611
2018-06-21	1.542	1.5567	2.3362
2018-06-22	1.543	1.5617	2.346
2018-06-25	1.543	1.5501	2.3525
2018-06-26	1.543	1.5429	2.3336
2018-06-27	1.543	1.5244	2.2405
2018-06-28	1.544	1.5153	2.1903
2018-06-29	1.545	1.539	2.2549
2018-06-30	1.545	1.539	2.2548
2018-07-02	1.546	1.5125	2.2157
2018-07-03	1.547	1.5128	2.1713
2018-07-04	1.549	1.5009	2.1503
2018-07-05	1.55	1.4955	2.1388
2018-07-06	1.551	1.5019	2.17
2018-07-09	1.552	1.5267	2.2351
2018-07-10	1.552	1.5294	2.2342
2018-07-11	1.552	1.5139	2.2058
2018-07-12	1.553	1.5341	2.261
2018-07-13	1.553	1.538	2.3036
2018-07-16	1.554	1.5336	2.304
2018-07-17	1.554	1.5288	2.2749
2018-07-18	1.554	1.5242	2.255
2018-07-19	1.556	1.5236	2.2408
2018-07-20	1.558	1.5406	2.2504
2018-07-23	1.559	1.5492	2.2311
2018-07-24	1.561	1.5636	2.2851
2018-07-25	1.562	1.5626	2.2754
2018-07-26	1.563	1.5517	2.2474
2018-07-27	1.564	1.5481	2.2597
2018-07-30	1.566	1.5464	2.2206
2018-07-31	1.568	1.5471	2.2215
2018-08-01	1.569	1.5287	2.178
2018-08-02	1.571	1.5087	2.1228
2018-08-03	1.572	1.4939	2.0788
2018-08-06	1.574	1.4827	2.0327
2018-08-07	1.575	1.5082	2.0865
2018-08-08	1.576	1.4945	2.0424
2018-08-09	1.576	1.5163	2.1014
2018-08-10	1.575	1.5184	2.1085
2018-08-13	1.574	1.5146	2.0859
2018-08-14	1.574	1.51	2.0867
2018-08-15	1.574	1.489	2.0272
2018-08-16	1.574	1.4847	1.9824
2018-08-17	1.574	1.4725	1.948
2018-08-20	1.575	1.4827	1.9657
2018-08-21	1.575	1.4983	2.0368
2018-08-22	1.575	1.4934	2.0194
2018-08-23	1.575	1.497	2.0311
2018-08-24	1.576	1.4988	2.009
2018-08-27	1.577	1.5203	2.0803
2018-08-28	1.577	1.5187	2.0665
2018-08-29	1.577	1.5151	2.0586
2018-08-30	1.577	1.5059	2.041
2018-08-31	1.577	1.5015	1.9951
2018-09-03	1.578	1.4983	1.9908
2018-09-04	1.578	1.5094	2.0099
2018-09-05	1.578	1.4922	1.9734
2018-09-06	1.579	1.4835	1.9286
2018-09-07	1.578	1.4874	1.9474
2018-09-10	1.579	1.4751	1.9294
2018-09-11	1.579	1.4736	1.9368
2018-09-12	1.579	1.468	1.9032
2018-09-13	1.579	1.4771	1.912
2018-09-14	1.579	1.4786	1.9346
2018-09-17	1.58	1.4689	1.9302
2018-09-18	1.58	1.486	1.9731
2018-09-19	1.58	1.4974	2.0146
2018-09-20	1.58	1.4966	2.0154
2018-09-21	1.581	1.5231	2.0857
2018-09-25	1.581	1.515	2.07
2018-09-26	1.582	1.525	2.1273
2018-09-27	1.582	1.5215	2.1253
2018-09-28	1.583	1.531	2.1465
2018-10-08	1.585	1.4916	2.0381
2018-10-09	1.585	1.491	2.0512
2018-10-10	1.586	1.4892	2.0073
2018-10-11	1.587	1.4473	1.9312
2018-10-12	1.587	1.4594	1.9824
2018-10-15	1.588	1.4476	1.9469
2018-10-16	1.588	1.4408	1.9372
2018-10-17	1.588	1.4454	1.9209
2018-10-18	1.589	1.4243	1.8795
2018-10-19	1.589	1.4487	1.9485
2018-10-22	1.59	1.485	2.0397
2018-10-23	1.59	1.462	1.9322
2018-10-24	1.591	1.4631	1.8793
2018-10-25	1.591	1.4646	1.8451
2018-10-26	1.591	1.4591	1.7994
2018-10-29	1.592	1.4347	1.6641
2018-10-30	1.593	1.4437	1.6535
2018-10-31	1.593	1.4552	1.7078
2018-11-01	1.594	1.4611	1.7356
2018-11-02	1.593	1.491	1.8312
2018-11-05	1.594	1.484	1.7952
2018-11-06	1.595	1.4791	1.7809
2018-11-07	1.596	1.4738	1.7845
2018-11-08	1.596	1.4715	1.7864
2018-11-09	1.597	1.4595	1.7759
2018-11-12	1.597	1.4696	1.7837
2018-11-13	1.598	1.4781	1.8257
2018-11-14	1.6	1.4695	1.7951
2018-11-15	1.601	1.4797	1.8077
2018-11-16	1.602	1.4839	1.8135
2018-11-19	1.603	1.4937	1.8309
2018-11-20	1.603	1.4733	1.7931
2018-11-21	1.604	1.4755	1.8133
2018-11-22	1.604	1.4723	1.8096
2018-11-23	1.604	1.4535	1.7718
2018-11-26	1.604	1.4528	1.7626
2018-11-27	1.604	1.4518	1.7584
2018-11-28	1.605	1.4629	1.7887
2018-11-29	1.605	1.4519	1.7836
2018-11-30	1.606	1.4613	1.82
2018-12-03	1.607	1.4847	1.8917
2018-12-04	1.607	1.4865	1.895
2018-12-05	1.608	1.4822	1.9044
2018-12-06	1.608	1.4635	1.8529
2018-12-07	1.608	1.4638	1.8543
2018-12-10	1.609	1.4542	1.8338
2018-12-11	1.609	1.4584	1.8483
2018-12-12	1.609	1.4615	1.8629
2018-12-13	1.609	1.4746	1.8961
2018-12-14	1.609	1.46	1.8644
2018-12-17	1.609	1.4586	1.8485
2018-12-18	1.608	1.4498	1.837
2018-12-19	1.608	1.44	1.8029
2018-12-20	1.609	1.4338	1.8014
2018-12-21	1.609	1.4239	1.7802
2018-12-24	1.609	1.4262	1.8008
2018-12-25	1.609	1.4207	1.7991
2018-12-26	1.609	1.4165	1.787
2018-12-27	1.61	1.4135	1.7848
2018-12-28	1.611	1.4187	1.8174
2018-12-31	1.611	1.4187	1.8173
2019-01-02	1.613	1.4077	1.7998
2019-01-03	1.614	1.4066	1.7642
2019-01-04	1.615	1.4256	1.7918
2019-01-07	1.617	1.4303	1.8113
2019-01-08	1.618	1.4285	1.8033
2019-01-09	1.619	1.4366	1.8257
2019-01-10	1.62	1.4351	1.8231
2019-01-11	1.62	1.441	1.8497
2019-01-14	1.621	1.4337	1.828
2019-01-15	1.621	1.4497	1.9082
2019-01-16	1.621	1.4499	1.9026
2019-01-17	1.622	1.4452	1.8985
2019-01-18	1.623	1.4603	1.9417
2019-01-21	1.623	1.4648	1.9661
2019-01-22	1.624	1.4536	1.9381
2019-01-23	1.624	1.4529	1.9396
2019-01-24	1.624	1.4576	1.9536
2019-01-25	1.624	1.4645	1.9567
2019-01-28	1.624	1.4643	1.9651
2019-01-29	1.624	1.467	1.9772
2019-01-30	1.624	1.4601	1.9487
2019-01-31	1.625	1.4689	1.9659
2019-02-01	1.626	1.4812	1.9993
2019-02-11	1.628	1.4968	2.0795
2019-02-12	1.629	1.5032	2.0827
2019-02-13	1.63	1.521	2.1082
2019-02-14	1.63	1.5224	2.1399
2019-02-15	1.631	1.5056	2.1133
2019-02-18	1.632	1.5341	2.1817
2019-02-19	1.632	1.5328	2.163
2019-02-20	1.632	1.5362	2.1571
2019-02-21	1.632	1.5335	2.1551
2019-02-22	1.633	1.5543	2.1732
2019-02-25	1.633	1.6088	2.2417
2019-02-26	1.632	1.597	2.2145
2019-02-27	1.632	1.5953	2.2228
2019-02-28	1.632	1.593	2.2429
2019-03-01	1.632	1.6143	2.3149
2019-03-04	1.632	1.6261	2.3496
2019-03-05	1.632	1.632	2.3574
2019-03-06	1.632	1.6406	2.3405
2019-03-07	1.632	1.6299	2.2888
2019-03-08	1.633	1.5896	2.2482
2019-03-11	1.634	1.6086	2.3175
2019-03-12	1.634	1.6153	2.3261
2019-03-13	1.634	1.6072	2.2958
2019-03-14	1.634	1.6003	2.2969
2019-03-15	1.634	1.6126	2.338
2019-03-18	1.634	1.6409	2.4777
2019-03-19	1.635	1.6361	2.4493
2019-03-20	1.635	1.6365	2.443
2019-03-21	1.635	1.6368	2.4297
2019-03-22	1.636	1.6361	2.4454
2019-03-25	1.637	1.6118	2.3832
2019-03-26	1.637	1.601	2.3926
2019-03-27	1.638	1.612	2.4499
2019-03-28	1.638	1.6081	2.4806
2019-03-29	1.639	1.6458	2.5924
2019-04-01	1.639	1.6726	2.6456
2019-04-02	1.639	1.6719	2.6166
2019-04-03	1.639	1.6852	2.6176
2019-04-04	1.638	1.6957	2.6707
2019-04-08	1.639	1.6949	2.6838
2019-04-09	1.638	1.6994	2.7456
2019-04-10	1.638	1.7019	2.7825
2019-04-11	1.638	1.6788	2.6806
2019-04-12	1.639	1.6763	2.681
2019-04-15	1.638	1.6727	2.6607
2019-04-16	1.638	1.7007	2.7084
2019-04-17	1.637	1.7012	2.7337
2019-04-18	1.637	1.6974	2.738
2019-04-19	1.638	1.7093	2.7439
2019-04-22	1.639	1.6859	2.7372
2019-04-23	1.639	1.6843	2.7597
2019-04-24	1.639	1.6871	2.7641
2019-04-25	1.639	1.6646	2.7265
2019-04-26	1.638	1.651	2.7165
2019-04-29	1.639	1.6538	2.7451
2019-04-30	1.639	1.657	2.7743
2019-05-06	1.641	1.5987	2.6129
2019-05-07	1.642	1.6066	2.6755
2019-05-08	1.643	1.5929	2.639
2019-05-09	1.644	1.5756	2.5707
2019-05-10	1.645	1.6092	2.6958
2019-05-13	1.647	1.5933	2.7041
2019-05-14	1.647	1.5873	2.6821
2019-05-15	1.648	1.6084	2.8108
2019-05-16	1.649	1.6128	2.8307
2019-05-17	1.65	1.5882	2.7649
2019-05-20	1.651	1.5803	2.6969
2019-05-21	1.651	1.5929	2.7268
2019-05-22	1.651	1.5884	2.7111
2019-05-23	1.651	1.5726	2.6349
2019-05-24	1.651	1.5753	2.6464
2019-05-27	1.651	1.5869	2.6793
2019-05-28	1.65	1.5962	2.7217
2019-05-29	1.651	1.5942	2.7274
2019-05-30	1.652	1.5889	2.7303
2019-05-31	1.652	1.5866	2.7148
2019-06-03	1.653	1.5873	2.7171
2019-06-04	1.653	1.5787	2.6716
2019-06-05	1.654	1.5785	2.6631
2019-06-06	1.654	1.5706	2.6247
2019-06-10	1.654	1.5823	2.6723
2019-06-11	1.654	1.6108	2.8113
2019-06-12	1.654	1.6037	2.775
2019-06-13	1.654	1.6023	2.7653
2019-06-14	1.653	1.5949	2.7397
2019-06-17	1.653	1.5948	2.7118
2019-06-18	1.654	1.5981	2.7379
2019-06-19	1.654	1.6121	2.7548
2019-06-20	1.654	1.6412	2.8353
2019-06-21	1.655	1.6427	2.8215
2019-06-24	1.656	1.6441	2.8472
2019-06-25	1.656	1.6337	2.828
2019-06-26	1.656	1.6321	2.821
2019-06-27	1.657	1.6432	2.869
2019-06-28	1.657	1.6421	2.8734
2019-06-30	1.657	1.6421	2.8733
2019-07-01	1.658	1.6704	2.9911
2019-07-02	1.659	1.6708	3.0043
2019-07-03	1.659	1.6602	2.9307
2019-07-04	1.66	1.6546	2.8884
2019-07-05	1.66	1.6608	2.9654
2019-07-08	1.661	1.6368	2.9291
2019-07-09	1.661	1.6354	2.9345
2019-07-10	1.661	1.6342	2.9376
2019-07-11	1.661	1.6347	2.9288
2019-07-12	1.661	1.6423	2.9504
2019-07-15	1.662	1.6463	2.9607
2019-07-16	1.662	1.6419	2.9219
2019-07-17	1.662	1.6416	2.922
2019-07-18	1.662	1.6325	2.8834
2019-07-19	1.662	1.6431	2.9116
2019-07-22	1.663	1.6363	2.8938
2019-07-23	1.664	1.6389	2.874
2019-07-24	1.664	1.6467	2.8762
2019-07-25	1.664	1.6549	2.905
2019-07-26	1.665	1.6571	2.8942
2019-07-29	1.665	1.6561	2.9295
2019-07-30	1.666	1.6603	2.9239
2019-07-31	1.667	1.6515	2.8886
2019-08-01	1.667	1.6432	2.8762
2019-08-02	1.668	1.6285	2.8625
2019-08-05	1.67	1.6096	2.8303
2019-08-06	1.67	1.6	2.8077
2019-08-07	1.67	1.5961	2.7907
2019-08-08	1.671	1.6086	2.8304
2019-08-09	1.671	1.5994	2.7754
2019-08-12	1.672	1.6164	2.8403
2019-08-13	1.672	1.6077	2.8249
2019-08-14	1.673	1.6119	2.8573
2019-08-15	1.674	1.6154	2.8539
2019-08-16	1.674	1.6198	2.8916
2019-08-19	1.674	1.6407	2.9026
2019-08-20	1.675	1.6399	2.9176
2019-08-21	1.675	1.6383	2.8974
2019-08-22	1.675	1.6415	2.9477
2019-08-23	1.675	1.6485	2.9584
2019-08-26	1.676	1.6343	2.919
2019-08-27	1.676	1.6475	2.9863
2019-08-28	1.676	1.6438	3.0269
2019-08-29	1.676	1.6405	3.0412
2019-08-30	1.676	1.643	3.0797
2019-09-02	1.676	1.6556	3.0802
2019-09-03	1.676	1.6569	3.0741
2019-09-04	1.676	1.6659	3.0468
2019-09-05	1.677	1.6761	3.0702
2019-09-06	1.677	1.6822	3.0439
2019-09-09	1.678	1.6885	3.0342
2019-09-10	1.679	1.6849	3.0343
2019-09-11	1.679	1.6773	2.9329
2019-09-12	1.679	1.6883	2.966
2019-09-16	1.679	1.6844	2.9594
2019-09-17	1.679	1.6672	2.9404
2019-09-18	1.679	1.6721	3.0017
2019-09-19	1.679	1.6758	3.0005
2019-09-20	1.679	1.6787	3.0204
2019-09-23	1.679	1.6669	2.9768
2019-09-24	1.679	1.6697	2.9921
2019-09-25	1.679	1.6618	2.9779
2019-09-26	1.679	1.654	2.9125
2019-09-27	1.68	1.6569	2.9387
2019-09-30	1.68	1.6469	2.9221
2019-10-08	1.682	1.6528	2.9645
2019-10-09	1.682	1.6543	2.9471
2019-10-10	1.682	1.6625	2.979
2019-10-11	1.683	1.6722	2.9839
2019-10-14	1.683	1.683	2.9896
2019-10-15	1.683	1.6786	3.0119
2019-10-16	1.683	1.6751	2.9605
2019-10-17	1.683	1.6757	2.9645
2019-10-18	1.683	1.6611	2.94
2019-10-21	1.683	1.6639	2.9654
2019-10-22	1.683	1.6678	2.9807
2019-10-23	1.683	1.6613	2.9545
2019-10-24	1.683	1.6611	2.9269
2019-10-25	1.683	1.6678	3.0025
2019-10-28	1.683	1.6756	3.0307
2019-10-29	1.682	1.6713	3.0726
2019-10-30	1.682	1.6663	3.056
2019-10-31	1.681	1.6651	3.0608
2019-11-01	1.681	1.6823	3.0732
2019-11-04	1.682	1.689	3.0901
2019-11-05	1.682	1.6955	3.1155
2019-11-06	1.683	1.6907	3.0711
2019-11-07	1.684	1.6925	3.0929
2019-11-08	1.684	1.6876	3.0817
2019-11-11	1.685	1.6694	3.0436
2019-11-12	1.686	1.6696	3.056
2019-11-13	1.686	1.6686	3.0694
2019-11-14	1.686	1.6701	3.0716
2019-11-15	1.687	1.6626	3.0341
2019-11-18	1.688	1.6706	3.0468
2019-11-19	1.689	1.6807	3.0754
2019-11-20	1.689	1.6706	3.0657
2019-11-21	1.69	1.6659	3.0568
2019-11-22	1.69	1.6557	2.9933
2019-11-25	1.691	1.6629	2.9788
2019-11-26	1.691	1.6663	3.0066
2019-11-27	1.691	1.6621	3.0026
2019-11-28	1.692	1.6587	2.9907
2019-11-29	1.692	1.65	2.9307
2019-12-02	1.693	1.6518	2.9494
2019-12-03	1.693	1.6557	2.9445
2019-12-04	1.693	1.6542	2.9448
2019-12-05	1.694	1.662	2.9482
2019-12-06	1.694	1.6679	2.9904
2019-12-09	1.695	1.6661	2.9719
2019-12-10	1.695	1.6676	2.9524
2019-12-11	1.695	1.6684	2.925
2019-12-12	1.696	1.6654	2.907
2019-12-13	1.696	1.686	2.9441
2019-12-16	1.697	1.6905	2.9284
2019-12-17	1.698	1.7046	2.9686
2019-12-18	1.698	1.7022	2.9594
2019-12-19	1.698	1.7006	2.9406
2019-12-20	1.699	1.698	2.9424
2019-12-23	1.699	1.685	2.9145
2019-12-24	1.7	1.6917	2.9201
2019-12-25	1.7	1.6912	2.8999
2019-12-26	1.701	1.7003	2.901
2019-12-27	1.702	1.6992	2.9448
2019-12-30	1.702	1.7147	3.0012
2019-12-31	1.703	1.7185	3.0221
2020-01-02	1.704	1.7329	3.0374
2020-01-03	1.705	1.731	3.0123
2020-01-06	1.706	1.7268	3.0117
2020-01-07	1.707	1.7347	3.0807
2020-01-08	1.707	1.7226	3.0658
2020-01-09	1.707	1.736	3.0978
2020-01-10	1.707	1.7356	3.0999
2020-01-13	1.708	1.7457	3.146
2020-01-14	1.709	1.7422	3.1171
2020-01-15	1.709	1.7364	3.1217
2020-01-16	1.709	1.732	3.1261
2020-01-17	1.709	1.7334	3.1031
2020-01-20	1.71	1.7412	3.0965
2020-01-21	1.711	1.7232	3.0294
2020-01-22	1.711	1.7276	3.0178
2020-01-23	1.71	1.6954	2.8966
2020-02-03	1.713	1.6162	2.6702
2020-02-04	1.715	1.6408	2.7423
2020-02-05	1.715	1.651	2.7866
2020-02-06	1.716	1.669	2.8625
2020-02-07	1.716	1.6691	2.8859
2020-02-10	1.717	1.6731	2.9221
2020-02-11	1.718	1.6823	2.9479
2020-02-12	1.719	1.6903	2.9601
2020-02-13	1.72	1.6842	2.943
2020-02-14	1.72	1.6912	2.969
2020-02-17	1.721	1.7139	3.0123
2020-02-18	1.722	1.7088	2.999
2020-02-19	1.722	1.7072	3.0333
2020-02-20	1.723	1.7309	3.093
2020-02-21	1.723	1.7319	3.0779
2020-02-24	1.724	1.7277	3.0477
2020-02-25	1.724	1.7253	3.0407
2020-02-26	1.725	1.7125	3.019
2020-02-27	1.726	1.7155	3.0564
2020-02-28	1.726	1.6789	2.9402
2020-03-02	1.727	1.7116	3.0213
2020-03-03	1.727	1.7171	3.0557
2020-03-04	1.729	1.723	3.1025
2020-03-05	1.73	1.7461	3.236
2020-03-06	1.731	1.7288	3.1854
2020-03-09	1.733	1.6934	3.0958
2020-03-10	1.732	1.7148	3.1509
2020-03-11	1.732	1.7011	3.1397
2020-03-12	1.732	1.6817	3.0526
2020-03-13	1.73	1.6678	3.0134
2020-03-16	1.73	1.6257	2.8811
2020-03-17	1.729	1.6212	2.8533
2020-03-18	1.729	1.6026	2.8283
2020-03-19	1.729	1.5908	2.7968
2020-03-20	1.73	1.6068	2.859
2020-03-23	1.731	1.5761	2.7835
2020-03-24	1.732	1.5996	2.8769
2020-03-25	1.732	1.6232	2.9408
2020-03-26	1.733	1.617	2.9427
2020-03-27	1.733	1.62	2.9593
2020-03-30	1.734	1.6109	2.9572
2020-03-31	1.734	1.614	3.0803
2020-04-01	1.735	1.6111	3.0403
2020-04-02	1.736	1.626	3.0656
2020-04-03	1.736	1.6207	3.0876
2020-04-07	1.741	1.642	3.1962
2020-04-08	1.743	1.6375	3.1586
2020-04-09	1.744	1.6406	3.1715
2020-04-10	1.744	1.6348	3.1723
2020-04-13	1.744	1.6308	3.1427
2020-04-14	1.745	1.6489	3.2052
2020-04-15	1.745	1.6418	3.1734
2020-04-16	1.746	1.6431	3.1574
2020-04-17	1.747	1.6524	3.1888
2020-04-20	1.747	1.6558	3.2088
2020-04-21	1.747	1.6445	3.1661
2020-04-22	1.747	1.6523	3.2646
2020-04-23	1.748	1.6498	3.2749
2020-04-24	1.749	1.6416	3.2804
2020-04-27	1.749	1.648	3.3054
2020-04-28	1.75	1.6546	3.3614
2020-04-29	1.75	1.6592	3.291
2020-04-30	1.75	1.6707	3.2758
2020-05-06	1.751	1.6766	3.3077
2020-05-07	1.75	1.6738	3.3469
2020-05-08	1.749	1.6846	3.364
2020-05-11	1.748	1.6836	3.3223
2020-05-12	1.748	1.6837	3.3541
2020-05-13	1.748	1.6857	3.3968
2020-05-14	1.748	1.6748	3.3489
2020-05-15	1.748	1.6718	3.3263
2020-05-18	1.748	1.6743	3.4129
2020-05-19	1.747	1.6826	3.4149
2020-05-20	1.747	1.6773	3.3825
2020-05-21	1.748	1.6717	3.3749
2020-05-22	1.749	1.6494	3.2895
2020-05-25	1.749	1.6507	3.3596
2020-05-26	1.748	1.6617	3.3748
2020-05-27	1.746	1.6549	3.3422
2020-05-28	1.746	1.6579	3.3292
2020-05-29	1.746	1.6612	3.3807
2020-06-01	1.746	1.6874	3.4681
2020-06-02	1.743	1.6911	3.4475
2020-06-03	1.74	1.6913	3.429
2020-06-04	1.739	1.6911	3.4568
2020-06-05	1.736	1.696	3.4527
2020-06-08	1.735	1.701	3.4723
2020-06-09	1.736	1.7074	3.5013
2020-06-10	1.737	1.7062	3.5072
2020-06-11	1.737	1.6961	3.4438
2020-06-12	1.739	1.6976	3.4596
2020-06-15	1.74	1.6845	3.4333
2020-06-16	1.74	1.6995	3.4697
2020-06-17	1.739	1.7005	3.4771
2020-06-18	1.739	1.7079	3.5042
2020-06-19	1.739	1.7222	3.589
2020-06-22	1.739	1.7234	3.5857
2020-06-23	1.737	1.7285	3.6371
2020-06-24	1.737	1.7343	3.6482
2020-06-29	1.738	1.7267	3.6674
2020-06-30	1.738	1.7415	3.7194
2020-07-01	1.739	1.7631	3.8345
2020-07-02	1.74	1.7857	3.897
2020-07-03	1.74	1.8075	3.8937
2020-07-06	1.74	1.8711	4.0245
2020-07-07	1.738	1.8771	4.114
2020-07-08	1.736	1.8966	4.1456
2020-07-09	1.733	1.914	4.2204
2020-07-10	1.732	1.8927	4.2315
2020-07-13	1.731	1.9176	4.4081
2020-07-14	1.73	1.9069	4.411
2020-07-15	1.73	1.893	4.4606
2020-07-16	1.732	1.8375	4.127
2020-07-17	1.733	1.8462	4.2122
2020-07-20	1.734	1.8797	4.2106
2020-07-21	1.737	1.8822	4.2778
2020-07-22	1.738	1.8882	4.3349
2020-07-23	1.739	1.8884	4.341
2020-07-24	1.74	1.8372	4.1718
2020-07-27	1.741	1.8428	4.2195
2020-07-28	1.742	1.8526	4.3518
2020-07-29	1.741	1.8801	4.3977
2020-07-30	1.741	1.8745	4.4245
2020-07-31	1.741	1.8841	4.439
2020-08-03	1.741	1.9028	4.4913
2020-08-04	1.741	1.9039	4.4742
2020-08-05	1.741	1.9033	4.5279
2020-08-06	1.742	1.8998	4.4341
2020-08-07	1.742	1.8865	4.3896
2020-08-10	1.743	1.8906	4.3931
2020-08-11	1.743	1.8801	4.4061
2020-08-12	1.743	1.8719	4.3403
2020-08-13	1.744	1.8689	4.3634
2020-08-14	1.745	1.8865	4.4344
2020-08-17	1.746	1.9137	4.4951
2020-08-18	1.746	1.913	4.5484
2020-08-19	1.746	1.8949	4.5376
2020-08-20	1.747	1.8792	4.4535
2020-08-21	1.747	1.8892	4.5224
2020-08-24	1.747	1.8995	4.603
2020-08-25	1.746	1.9011	4.6613
2020-08-26	1.746	1.8873	4.6432
2020-08-27	1.746	1.8934	4.712
2020-08-28	1.745	1.921	4.8609
2020-08-31	1.746	1.9141	4.875
2020-09-01	1.746	1.9208	4.8708
2020-09-02	1.745	1.9211	4.8892
2020-09-03	1.745	1.9144	4.8582
2020-09-04	1.745	1.9029	4.7465
2020-09-07	1.745	1.878	4.5902
2020-09-08	1.744	1.884	4.5317
2020-09-09	1.745	1.8572	4.3994
2020-09-10	1.745	1.8567	4.4318
2020-09-11	1.745	1.8678	4.4936
2020-09-14	1.745	1.8737	4.5064
2020-09-15	1.746	1.8829	4.5327
2020-09-16	1.746	1.8761	4.46
2020-09-17	1.746	1.8705	4.3734
2020-09-18	1.746	1.8961	4.4446
2020-09-21	1.747	1.8848	4.384
2020-09-22	1.747	1.8711	4.3504
2020-09-23	1.747	1.8752	4.3609
2020-09-24	1.747	1.8534	4.2881
2020-09-25	1.747	1.855	4.3052
2020-09-28	1.747	1.8584	4.3167
2020-09-29	1.747	1.8607	4.3466
2020-09-30	1.747	1.8596	4.3605
2020-10-09	1.748	1.8827	4.4466
2020-10-12	1.748	1.9177	4.6311
2020-10-13	1.748	1.9218	4.6773
2020-10-14	1.748	1.9143	4.64
2020-10-15	1.749	1.914	4.5993
2020-10-16	1.75	1.9118	4.5624
2020-10-19	1.75	1.9025	4.496
2020-10-20	1.751	1.9122	4.5993
2020-10-21	1.752	1.9121	4.5915
2020-10-22	1.752	1.9084	4.5933
2020-10-23	1.753	1.8939	4.4775
2020-10-26	1.753	1.8872	4.4465
2020-10-27	1.755	1.8891	4.4784
2020-10-28	1.755	1.8985	4.5683
2020-10-29	1.755	1.9074	4.6662
2020-10-30	1.756	1.8883	4.5186
2020-11-02	1.756	1.895	4.5258
2020-11-03	1.756	1.9091	4.5757
2020-11-04	1.757	1.9181	4.5877
2020-11-05	1.758	1.9359	4.6652
2020-11-06	1.758	1.9362	4.6159
2020-11-09	1.758	1.9598	4.7033
2020-11-10	1.758	1.9529	4.7228
2020-11-11	1.758	1.9407	4.6934
2020-11-12	1.757	1.9421	4.6871
2020-11-13	1.755	1.9293	4.6096
2020-11-16	1.754	1.941	4.7127
2020-11-17	1.752	1.9386	4.6553
2020-11-18	1.751	1.938	4.6247
2020-11-19	1.749	1.9469	4.6817
2020-11-20	1.748	1.9505	4.7134
2020-11-23	1.748	1.9658	4.7478
2020-11-24	1.748	1.9583	4.7342
2020-11-25	1.748	1.9426	4.6105
2020-11-26	1.749	1.9447	4.6239
2020-11-27	1.75	1.9595	4.6671
2020-11-30	1.752	1.9543	4.5754
2020-12-01	1.752	1.9796	4.6501
2020-12-02	1.753	1.9795	4.6648
2020-12-03	1.753	1.9771	4.712
2020-12-04	1.754	1.9794	4.8128
2020-12-07	1.754	1.9689	4.8477
2020-12-08	1.754	1.9661	4.8768
2020-12-09	1.755	1.9497	4.8235
2020-12-10	1.755	1.9491	4.8267
2020-12-11	1.755	1.9362	4.7851
2020-12-14	1.756	1.9466	4.9059
2020-12-15	1.756	1.9492	4.8901
2020-12-16	1.756	1.9513	4.9404
2020-12-17	1.757	1.9669	4.9985
2020-12-18	1.757	1.9626	4.9444
2020-12-21	1.758	1.9742	5.0105
2020-12-22	1.759	1.9543	4.9954
2020-12-23	1.76	1.9647	5.0123
2020-12-24	1.761	1.9629	4.9585
2020-12-25	1.761	1.9732	4.9744
2020-12-28	1.762	1.9786	5.1042
2020-12-29	1.763	1.9733	5.0451
2020-12-30	1.763	1.9908	5.145
2020-12-31	1.764	2.0148	5.2155
2021-01-04	1.765	2.0285	5.4211
2021-01-05	1.765	2.0532	5.6963
2021-01-06	1.766	2.0653	5.7415
2021-01-07	1.768	2.0889	5.8161
2021-01-08	1.769	2.0845	5.6552
2021-01-11	1.77	2.071	5.4705
2021-01-12	1.77	2.1091	5.5924
2021-01-13	1.771	2.1045	5.5292
2021-01-14	1.772	2.0787	5.388
2021-01-15	1.772	2.076	5.2813
2021-01-18	1.773	2.0893	5.2709
2021-01-19	1.772	2.0713	5.1652
2021-01-20	1.773	2.0801	5.1995
2021-01-21	1.773	2.0999	5.3144
2021-01-22	1.774	2.1012	5.3086
2021-01-25	1.774	2.1137	5.5091
2021-01-26	1.774	2.0884	5.4636
2021-01-27	1.773	2.0917	5.4167
2021-01-28	1.772	2.058	5.3166
2021-01-29	1.772	2.0523	5.3079
2021-02-01	1.772	2.067	5.3249
2021-02-02	1.773	2.0855	5.4884
2021-02-03	1.773	2.0823	5.5203
2021-02-04	1.773	2.0797	5.5355
2021-02-05	1.773	2.0816	5.5865
2021-02-08	1.773	2.0994	5.6976
2021-02-09	1.773	2.1266	5.8356
2021-02-10	1.774	2.1533	6.0371
2021-02-18	1.775	2.1446	5.854
2021-02-19	1.775	2.1468	5.9462
2021-02-22	1.776	2.1059	5.668
2021-02-23	1.776	2.1017	5.6115
2021-02-24	1.777	2.0701	5.4072
2021-02-25	1.777	2.077	5.3516
2021-02-26	1.778	2.0475	5.2052
2021-03-01	1.778	2.0657	5.2645
2021-03-02	1.779	2.0504	5.1566
2021-03-03	1.779	2.0729	5.2258
2021-03-04	1.78	2.0348	5.0006
2021-03-05	1.78	2.0307	4.9995
2021-03-08	1.781	1.9901	4.7378
2021-03-09	1.781	1.966	4.6
2021-03-10	1.782	1.9734	4.6727
2021-03-11	1.782	2.0011	4.8022
2021-03-12	1.783	2.0053	4.7977
2021-03-15	1.783	1.9804	4.6202
2021-03-16	1.784	1.99	4.6983
2021-03-17	1.784	1.9949	4.7833
2021-03-18	1.784	2.004	4.8713
2021-03-19	1.785	1.9742	4.7383
