date	value_zq	value_hs300
2012-03-21	1.0	1.1001
2012-03-23	1.0	1.0886
2012-03-26	1.001	1.0895
2012-03-27	1.001	1.0865
2012-03-28	1.001	1.0625
2012-03-29	1.001	1.0518
2012-03-30	1.002	1.0557
2012-04-05	1.004	1.075
2012-04-06	1.005	1.0775
2012-04-09	1.006	1.0692
2012-04-10	1.007	1.0774
2012-04-11	1.008	1.0775
2012-04-12	1.009	1.0943
2012-04-13	1.009	1.0976
2012-04-16	1.01	1.0954
2012-04-17	1.011	1.0849
2012-04-18	1.012	1.1042
2012-04-19	1.013	1.103
2012-04-20	1.013	1.1132
2012-04-23	1.015	1.1063
2012-04-24	1.017	1.1062
2012-04-25	1.017	1.1131
2012-04-26	1.018	1.115
2012-04-27	1.018	1.1133
2012-05-02	1.019	1.1324
2012-05-03	1.02	1.1351
2012-05-04	1.021	1.1433
2012-05-07	1.021	1.1442
2012-05-08	1.021	1.1412
2012-05-09	1.021	1.1241
2012-05-10	1.022	1.1241
2012-05-11	1.023	1.1174
2012-05-14	1.025	1.1102
2012-05-15	1.027	1.1109
2012-05-16	1.028	1.0968
2012-05-17	1.029	1.1099
2012-05-18	1.03	1.0968
2012-05-21	1.032	1.1013
2012-05-22	1.032	1.1147
2012-05-23	1.033	1.1113
2012-05-24	1.034	1.1041
2012-05-25	1.038	1.0968
2012-05-28	1.04	1.1108
2012-05-29	1.04	1.1228
2012-05-30	1.041	1.12
2012-05-31	1.042	1.1172
2012-06-01	1.042	1.1176
2012-06-04	1.044	1.0931
2012-06-05	1.045	1.0931
2012-06-06	1.046	1.0928
2012-06-07	1.047	1.0886
2012-06-08	1.053	1.0828
2012-06-11	1.053	1.0949
2012-06-12	1.053	1.0892
2012-06-13	1.053	1.1029
2012-06-14	1.053	1.0968
2012-06-15	1.054	1.0997
2012-06-18	1.054	1.1045
2012-06-19	1.052	1.0972
2012-06-20	1.053	1.0956
2012-06-21	1.054	1.0821
2012-06-25	1.054	1.0641
2012-06-26	1.054	1.0653
2012-06-27	1.054	1.0626
2012-06-28	1.054	1.0555
2012-06-29	1.055	1.0675
2012-06-30	1.055	1.0675
2012-07-02	1.055	1.0688
2012-07-03	1.056	1.0702
2012-07-04	1.057	1.069
2012-07-05	1.061	1.0581
2012-07-06	1.061	1.0726
2012-07-09	1.062	1.0537
2012-07-10	1.061	1.0507
2012-07-11	1.061	1.0573
2012-07-12	1.062	1.0654
2012-07-13	1.063	1.0661
2012-07-16	1.064	1.049
2012-07-17	1.063	1.0539
2012-07-18	1.063	1.054
2012-07-19	1.063	1.0578
2012-07-20	1.063	1.0491
2012-07-23	1.063	1.0379
2012-07-24	1.063	1.0415
2012-07-25	1.062	1.0362
2012-07-26	1.061	1.032
2012-07-27	1.061	1.0326
2012-07-30	1.061	1.0282
2012-07-31	1.06	1.0273
2012-08-01	1.06	1.0359
2012-08-02	1.059	1.0284
2012-08-03	1.058	1.0349
2012-08-06	1.057	1.0456
2012-08-07	1.056	1.0467
2012-08-08	1.055	1.0472
2012-08-09	1.055	1.0546
2012-08-10	1.053	1.0506
2012-08-13	1.055	1.0344
2012-08-14	1.054	1.0361
2012-08-15	1.054	1.0273
2012-08-16	1.054	1.0234
2012-08-17	1.053	1.0214
2012-08-20	1.05	1.0173
2012-08-21	1.049	1.0212
2012-08-22	1.047	1.0152
2012-08-23	1.047	1.0175
2012-08-24	1.047	1.0085
2012-08-27	1.046	0.9923
2012-08-28	1.045	0.9957
2012-08-29	1.045	0.9877
2012-08-30	1.044	0.9866
2012-08-31	1.045	0.9844
2012-09-03	1.044	0.9929
2012-09-04	1.045	0.9848
2012-09-05	1.045	0.9831
2012-09-06	1.045	0.9893
2012-09-07	1.045	1.023
2012-09-10	1.044	1.0262
2012-09-11	1.042	1.0211
2012-09-12	1.04	1.0239
2012-09-13	1.041	1.0165
2012-09-14	1.038	1.0221
2012-09-17	1.037	1.0029
2012-09-18	1.038	0.995
2012-09-19	1.038	0.9987
2012-09-20	1.039	0.9815
2012-09-21	1.038	0.9826
2012-09-24	1.04	0.9882
2012-09-25	1.041	0.9863
2012-09-26	1.041	0.9777
2012-09-27	1.042	1.0004
2012-09-28	1.043	1.0144
2012-09-30	1.044	1.0143
2012-10-08	1.045	1.0064
2012-10-09	1.044	1.0233
2012-10-10	1.045	1.0246
2012-10-11	1.047	1.0172
2012-10-12	1.048	1.0178
2012-10-15	1.049	1.0145
2012-10-16	1.05	1.0156
2012-10-17	1.05	1.0164
2012-10-18	1.05	1.0284
2012-10-19	1.049	1.0272
2012-10-22	1.049	1.0301
2012-10-23	1.048	1.02
2012-10-24	1.049	1.0186
2012-10-25	1.049	1.013
2012-10-26	1.048	0.9983
2012-10-29	1.048	0.9942
2012-10-30	1.048	0.9956
2012-10-31	1.049	1.0006
2012-11-01	1.049	1.0152
2012-11-02	1.049	1.0181
2012-11-05	1.049	1.0165
2012-11-06	1.05	1.0133
2012-11-07	1.05	1.0116
2012-11-08	1.05	0.9972
2012-11-09	1.051	0.9957
2012-11-12	1.051	0.9994
2012-11-13	1.052	0.986
2012-11-14	1.054	0.9896
2012-11-15	1.053	0.9797
2012-11-16	1.054	0.974
2012-11-19	1.055	0.9731
2012-11-20	1.055	0.9698
2012-11-21	1.054	0.9801
2012-11-22	1.054	0.9742
2012-11-23	1.054	0.9794
2012-11-26	1.055	0.9734
2012-11-27	1.055	0.9649
2012-11-28	1.057	0.9576
2012-11-29	1.057	0.953
2012-11-30	1.057	0.9611
2012-12-03	1.056	0.9501
2012-12-04	1.056	0.9579
2012-12-05	1.056	0.9842
2012-12-06	1.056	0.9827
2012-12-07	1.058	0.9976
2012-12-10	1.06	1.0062
2012-12-11	1.06	1.0017
2012-12-12	1.06	1.0047
2012-12-13	1.06	0.9961
2012-12-14	1.061	1.035
2012-12-17	1.062	1.0386
2012-12-18	1.061	1.0391
2012-12-19	1.061	1.0401
2012-12-20	1.06	1.0448
2012-12-21	1.06	1.0406
2012-12-24	1.06	1.0438
2012-12-25	1.061	1.0666
2012-12-26	1.061	1.0697
2012-12-27	1.061	1.0655
2012-12-28	1.063	1.0766
2012-12-31	1.064	1.091
2013-01-04	1.063	1.0909
2013-01-07	1.065	1.0948
2013-01-08	1.064	1.0913
2013-01-09	1.065	1.0915
2013-01-10	1.066	1.0928
2013-01-11	1.066	1.0749
2013-01-14	1.069	1.109
2013-01-15	1.073	1.1152
2013-01-16	1.075	1.1085
2013-01-17	1.075	1.1004
2013-01-18	1.077	1.1156
2013-01-21	1.079	1.1198
2013-01-22	1.08	1.1152
2013-01-23	1.079	1.119
2013-01-24	1.079	1.1105
2013-01-25	1.079	1.1068
2013-01-28	1.08	1.1343
2013-01-29	1.081	1.1426
2013-01-30	1.083	1.1466
2013-01-31	1.093	1.1459
2013-02-01	1.094	1.1651
2013-02-04	1.095	1.1667
2013-02-05	1.095	1.1745
2013-02-06	1.097	1.1759
2013-02-07	1.097	1.1704
2013-02-08	1.097	1.1742
2013-02-18	1.1	1.1627
2013-02-19	1.1	1.1453
2013-02-20	1.102	1.151
2013-02-21	1.105	1.1194
2013-02-22	1.106	1.1147
2013-02-25	1.106	1.1177
2013-02-26	1.105	1.1051
2013-02-27	1.105	1.114
2013-02-28	1.106	1.1408
2013-03-01	1.106	1.1393
2013-03-04	1.105	1.0977
2013-03-05	1.107	1.124
2013-03-06	1.108	1.1333
2013-03-07	1.108	1.1228
2013-03-08	1.109	1.1186
2013-03-11	1.109	1.1136
2013-03-12	1.11	1.1008
2013-03-13	1.11	1.0912
2013-03-14	1.11	1.0935
2013-03-15	1.111	1.0954
2013-03-18	1.111	1.0829
2013-03-19	1.112	1.0907
2013-03-20	1.113	1.1197
2013-03-21	1.114	1.1214
2013-03-22	1.115	1.1225
2013-03-25	1.117	1.1206
2013-03-26	1.116	1.1078
2013-03-27	1.116	1.1107
2013-03-28	1.115	1.0819
2013-03-29	1.115	1.0804
2013-04-01	1.116	1.0794
2013-04-02	1.118	1.0771
2013-04-03	1.12	1.0762
2013-04-08	1.121	1.0721
2013-04-09	1.123	1.0778
2013-04-10	1.124	1.0764
2013-04-11	1.125	1.0738
2013-04-12	1.126	1.0685
2013-04-15	1.128	1.06
2013-04-16	1.128	1.0676
2013-04-17	1.129	1.0671
2013-04-18	1.128	1.0693
2013-04-19	1.128	1.0928
2013-04-22	1.125	1.0917
2013-04-23	1.121	1.0641
2013-04-24	1.123	1.0797
2013-04-25	1.126	1.0703
2013-04-26	1.128	1.0634
2013-05-02	1.127	1.064
2013-05-03	1.128	1.0788
2013-05-06	1.128	1.0899
2013-05-07	1.131	1.0913
2013-05-08	1.132	1.0955
2013-05-09	1.132	1.0904
2013-05-10	1.133	1.0949
2013-05-13	1.135	1.0915
2013-05-14	1.135	1.0782
2013-05-15	1.136	1.0833
2013-05-16	1.137	1.0994
2013-05-17	1.138	1.1125
2013-05-20	1.139	1.1187
2013-05-21	1.138	1.1204
2013-05-22	1.138	1.1218
2013-05-23	1.138	1.1101
2013-05-24	1.139	1.1151
2013-05-27	1.139	1.116
2013-05-28	1.141	1.1311
2013-05-29	1.142	1.1303
2013-05-30	1.141	1.1276
2013-05-31	1.141	1.1184
2013-06-03	1.142	1.1182
2013-06-04	1.141	1.1058
2013-06-05	1.141	1.1044
2013-06-06	1.14	1.0938
2013-06-07	1.141	1.0799
2013-06-13	1.138	1.0527
2013-06-14	1.137	1.0585
2013-06-17	1.138	1.0544
2013-06-18	1.138	1.0598
2013-06-19	1.136	1.0539
2013-06-20	1.127	1.0267
2013-06-21	1.127	1.0261
2013-06-24	1.122	0.9757
2013-06-25	1.123	0.9738
2013-06-26	1.126	0.9751
2013-06-27	1.128	0.9736
2013-06-28	1.13	0.9858
2013-06-30	1.13	0.9858
2013-07-01	1.131	0.9905
2013-07-02	1.132	0.9933
2013-07-03	1.129	0.9878
2013-07-04	1.129	0.9943
2013-07-05	1.13	0.996
2013-07-08	1.127	0.975
2013-07-09	1.127	0.9748
2013-07-10	1.126	0.9961
2013-07-11	1.128	1.0331
2013-07-12	1.125	1.0153
2013-07-15	1.126	1.0265
2013-07-16	1.125	1.0304
2013-07-17	1.123	1.0184
2013-07-18	1.122	1.0056
2013-07-19	1.12	0.9864
2013-07-22	1.118	0.9915
2013-07-23	1.119	1.0135
2013-07-24	1.117	1.0077
2013-07-25	1.117	1.0038
2013-07-26	1.117	0.998
2013-07-29	1.116	0.9803
2013-07-30	1.115	0.9849
2013-07-31	1.115	0.9864
2013-08-01	1.117	1.0046
2013-08-02	1.119	1.0053
2013-08-05	1.119	1.016
2013-08-06	1.119	1.0214
2013-08-07	1.116	1.0169
2013-08-08	1.114	1.0158
2013-08-09	1.113	1.019
2013-08-12	1.118	1.0421
2013-08-13	1.116	1.0443
2013-08-14	1.115	1.0409
2013-08-15	1.113	1.0313
2013-08-16	1.113	1.0255
2013-08-19	1.114	1.0351
2013-08-20	1.112	1.0287
2013-08-21	1.111	1.0273
2013-08-22	1.112	1.0258
2013-08-23	1.112	1.02
2013-08-26	1.112	1.0366
2013-08-27	1.112	1.0386
2013-08-28	1.112	1.0343
2013-08-29	1.112	1.0309
2013-08-30	1.113	1.0294
2013-09-02	1.113	1.0317
2013-09-03	1.114	1.0434
2013-09-04	1.115	1.0421
2013-09-05	1.115	1.039
2013-09-06	1.116	1.0448
2013-09-09	1.119	1.074
2013-09-10	1.12	1.0868
2013-09-11	1.12	1.0893
2013-09-12	1.12	1.0981
2013-09-13	1.119	1.0918
2013-09-16	1.119	1.088
2013-09-17	1.119	1.0701
2013-09-18	1.12	1.0723
2013-09-23	1.121	1.0858
2013-09-24	1.12	1.0759
2013-09-25	1.12	1.0708
2013-09-26	1.12	1.0554
2013-09-27	1.12	1.0591
2013-09-30	1.12	1.0639
2013-10-08	1.122	1.075
2013-10-09	1.122	1.0792
2013-10-10	1.123	1.0707
2013-10-11	1.123	1.0842
2013-10-14	1.123	1.0854
2013-10-15	1.122	1.0837
2013-10-16	1.121	1.0678
2013-10-17	1.122	1.065
2013-10-18	1.122	1.0694
2013-10-21	1.123	1.0849
2013-10-22	1.123	1.0761
2013-10-23	1.121	1.0668
2013-10-24	1.12	1.0607
2013-10-25	1.118	1.05
2013-10-28	1.117	1.0491
2013-10-29	1.116	1.0514
2013-10-30	1.116	1.0635
2013-10-31	1.115	1.0517
2013-11-01	1.117	1.0556
2013-11-04	1.117	1.054
2013-11-05	1.118	1.055
2013-11-06	1.117	1.0446
2013-11-07	1.117	1.0401
2013-11-08	1.116	1.0289
2013-11-11	1.115	1.0315
2013-11-12	1.114	1.0399
2013-11-13	1.111	1.0218
2013-11-14	1.109	1.0273
2013-11-15	1.106	1.0432
2013-11-18	1.106	1.0702
2013-11-19	1.104	1.0645
2013-11-20	1.102	1.0687
2013-11-21	1.101	1.0634
2013-11-22	1.1	1.0592
2013-11-25	1.096	1.0561
2013-11-26	1.094	1.0558
2013-11-27	1.094	1.065
2013-11-28	1.095	1.0736
2013-11-29	1.097	1.0734
2013-12-02	1.098	1.0665
2013-12-03	1.098	1.0747
2013-12-04	1.098	1.0858
2013-12-05	1.097	1.0834
2013-12-06	1.096	1.0779
2013-12-09	1.096	1.0773
2013-12-10	1.095	1.0782
2013-12-11	1.094	1.0642
2013-12-12	1.093	1.0633
2013-12-13	1.094	1.0622
2013-12-16	1.093	1.0487
2013-12-17	1.092	1.0447
2013-12-18	1.091	1.0451
2013-12-19	1.088	1.0365
2013-12-20	1.087	1.018
2013-12-23	1.086	1.02
2013-12-24	1.087	1.0213
2013-12-25	1.086	1.027
2013-12-26	1.086	1.0134
2013-12-27	1.086	1.0265
2013-12-30	1.086	1.0251
2013-12-31	1.086	1.0356
2014-01-02	1.086	1.0327
2014-01-03	1.085	1.0219
2014-01-06	1.084	1.0038
2014-01-07	1.083	1.0036
2014-01-08	1.082	1.0049
2014-01-09	1.081	0.9982
2014-01-10	1.08	0.9923
2014-01-13	1.079	0.9885
2014-01-14	1.076	0.9951
2014-01-15	1.075	0.9938
2014-01-16	1.075	0.9949
2014-01-17	1.074	0.9834
2014-01-20	1.073	0.9792
2014-01-21	1.074	0.9865
2014-01-22	1.077	1.0059
2014-01-23	1.078	1.0018
2014-01-24	1.08	1.0066
2014-01-27	1.08	0.9964
2014-01-28	1.083	0.9977
2014-01-29	1.084	1.0003
2014-01-30	1.084	0.9916
2014-02-07	1.084	0.9949
2014-02-10	1.086	1.0138
2014-02-11	1.088	1.0201
2014-02-12	1.09	1.0221
2014-02-13	1.093	1.0182
2014-02-14	1.096	1.0236
2014-02-17	1.097	1.029
2014-02-18	1.096	1.019
2014-02-19	1.099	1.0282
2014-02-20	1.102	1.021
2014-02-21	1.104	1.013
2014-02-24	1.105	0.9957
2014-02-25	1.106	0.9763
2014-02-26	1.107	0.9784
2014-02-27	1.109	0.9752
2014-02-28	1.11	0.9837
2014-03-03	1.111	0.9877
2014-03-04	1.109	0.9856
2014-03-05	1.105	0.9786
2014-03-06	1.104	0.9818
2014-03-07	1.106	0.98
2014-03-10	1.106	0.9556
2014-03-11	1.107	0.9593
2014-03-12	1.106	0.9613
2014-03-13	1.107	0.9704
2014-03-14	1.108	0.9643
2014-03-17	1.109	0.9712
2014-03-18	1.109	0.9695
2014-03-19	1.108	0.9635
2014-03-20	1.108	0.9517
2014-03-21	1.109	0.9766
2014-03-24	1.111	0.9826
2014-03-25	1.11	0.9819
2014-03-26	1.109	0.9806
2014-03-27	1.109	0.9756
2014-03-28	1.109	0.9741
2014-03-31	1.109	0.9721
2014-04-01	1.111	0.9779
2014-04-02	1.11	0.984
2014-04-03	1.11	0.9786
2014-04-04	1.112	0.9856
2014-04-08	1.114	1.0035
2014-04-09	1.113	1.0039
2014-04-10	1.115	1.0158
2014-04-11	1.117	1.0149
2014-04-14	1.119	1.0142
2014-04-15	1.12	1.0006
2014-04-16	1.121	1.0016
2014-04-17	1.124	0.999
2014-04-18	1.125	0.9989
2014-04-21	1.126	0.986
2014-04-22	1.126	0.9894
2014-04-23	1.127	0.9887
2014-04-24	1.127	0.9871
2014-04-25	1.129	0.9793
2014-04-28	1.129	0.9669
2014-04-29	1.128	0.9756
2014-04-30	1.13	0.976
2014-05-05	1.132	0.9752
2014-05-06	1.133	0.9756
2014-05-07	1.134	0.9685
2014-05-08	1.136	0.9686
2014-05-09	1.141	0.968
2014-05-12	1.143	0.9841
2014-05-13	1.144	0.9824
2014-05-14	1.145	0.9817
2014-05-15	1.146	0.9718
2014-05-16	1.146	0.9725
2014-05-19	1.146	0.9618
2014-05-20	1.146	0.962
2014-05-21	1.146	0.9691
2014-05-22	1.147	0.9678
2014-05-23	1.149	0.9741
2014-05-26	1.15	0.9769
2014-05-27	1.15	0.9739
2014-05-28	1.151	0.9815
2014-05-29	1.152	0.9766
2014-05-30	1.154	0.9773
2014-06-03	1.157	0.9751
2014-06-04	1.159	0.9676
2014-06-05	1.16	0.9754
2014-06-06	1.161	0.9704
2014-06-09	1.163	0.9701
2014-06-10	1.165	0.9793
2014-06-11	1.166	0.9792
2014-06-12	1.167	0.9768
2014-06-13	1.169	0.985
2014-06-16	1.169	0.9904
2014-06-17	1.166	0.9834
2014-06-18	1.164	0.9803
2014-06-19	1.165	0.9688
2014-06-20	1.167	0.9731
2014-06-23	1.169	0.9726
2014-06-24	1.17	0.9775
2014-06-25	1.17	0.9743
2014-06-26	1.17	0.9799
2014-06-27	1.174	0.9807
2014-06-30	1.174	0.9858
2014-07-01	1.174	0.9857
2014-07-02	1.174	0.9881
2014-07-03	1.174	0.9919
2014-07-04	1.174	0.9916
2014-07-07	1.174	0.9907
2014-07-08	1.175	0.9921
2014-07-09	1.174	0.9813
2014-07-10	1.175	0.9801
2014-07-11	1.176	0.9843
2014-07-14	1.173	0.993
2014-07-15	1.172	0.9941
2014-07-16	1.178	0.9929
2014-07-17	1.18	0.9889
2014-07-18	1.177	0.9926
2014-07-21	1.176	0.9934
2014-07-22	1.178	1.0027
2014-07-23	1.178	1.0045
2014-07-24	1.18	1.018
2014-07-25	1.181	1.0264
2014-07-28	1.183	1.0489
2014-07-29	1.184	1.0519
2014-07-30	1.185	1.0491
2014-07-31	1.186	1.0591
2014-08-01	1.186	1.0518
2014-08-04	1.187	1.068
2014-08-05	1.188	1.0658
2014-08-06	1.189	1.0637
2014-08-07	1.19	1.0512
2014-08-08	1.19	1.0529
2014-08-11	1.192	1.0648
2014-08-12	1.194	1.0619
2014-08-13	1.195	1.0625
2014-08-14	1.195	1.0544
2014-08-15	1.197	1.0633
2014-08-18	1.198	1.0682
2014-08-19	1.199	1.0683
2014-08-20	1.199	1.0653
2014-08-21	1.199	1.0611
2014-08-22	1.201	1.065
2014-08-25	1.202	1.0569
2014-08-26	1.202	1.0502
2014-08-27	1.203	1.0514
2014-08-28	1.203	1.0457
2014-08-29	1.204	1.0552
2014-09-01	1.206	1.0611
2014-09-02	1.208	1.0719
2014-09-03	1.209	1.0797
2014-09-04	1.21	1.0857
2014-09-05	1.211	1.0936
2014-09-09	1.21	1.0922
2014-09-10	1.21	1.0877
2014-09-11	1.21	1.0845
2014-09-12	1.211	1.0899
2014-09-15	1.212	1.0894
2014-09-16	1.209	1.0727
2014-09-17	1.211	1.077
2014-09-18	1.213	1.0796
2014-09-19	1.215	1.0855
2014-09-22	1.213	1.0692
2014-09-23	1.215	1.0764
2014-09-24	1.217	1.0912
2014-09-25	1.217	1.0893
2014-09-26	1.218	1.0892
2014-09-29	1.219	1.093
2014-09-30	1.22	1.0941
2014-10-08	1.221	1.1035
2014-10-09	1.222	1.1048
2014-10-10	1.222	1.0995
2014-10-13	1.222	1.0953
2014-10-14	1.217	1.0923
2014-10-15	1.228	1.0983
2014-10-16	1.229	1.0915
2014-10-17	1.233	1.0905
2014-10-20	1.236	1.095
2014-10-21	1.238	1.0876
2014-10-22	1.238	1.0825
2014-10-23	1.239	1.0745
2014-10-24	1.239	1.0727
2014-10-27	1.239	1.065
2014-10-28	1.243	1.0816
2014-10-29	1.248	1.0938
2014-10-30	1.253	1.1
2014-10-31	1.257	1.1139
2014-11-03	1.26	1.1154
2014-11-04	1.263	1.1154
2014-11-05	1.264	1.1122
2014-11-06	1.267	1.1131
2014-11-07	1.269	1.1117
2014-11-10	1.275	1.134
2014-11-11	1.276	1.1319
2014-11-12	1.277	1.1443
2014-11-13	1.275	1.1392
2014-11-14	1.272	1.1394
2014-11-17	1.272	1.1344
2014-11-18	1.269	1.1253
2014-11-19	1.268	1.1239
2014-11-20	1.268	1.1239
2014-11-21	1.268	1.1401
2014-11-24	1.274	1.163
2014-11-25	1.275	1.1758
2014-11-26	1.277	1.1891
2014-11-27	1.278	1.2003
2014-11-28	1.282	1.2195
2014-12-01	1.281	1.2232
2014-12-02	1.288	1.2597
2014-12-03	1.285	1.2747
2014-12-04	1.289	1.3222
2014-12-05	1.284	1.3285
2014-12-08	1.287	1.3722
2014-12-09	1.258	1.322
2014-12-10	1.265	1.3614
2014-12-11	1.265	1.3482
2014-12-12	1.264	1.3516
2014-12-15	1.264	1.3589
2014-12-16	1.267	1.3888
2014-12-17	1.26	1.4087
2014-12-18	1.258	1.4037
2014-12-19	1.259	1.4162
2014-12-22	1.272	1.4184
2014-12-23	1.273	1.3952
2014-12-24	1.273	1.3627
2014-12-25	1.278	1.3987
2014-12-26	1.283	1.4375
2014-12-29	1.283	1.4409
2014-12-30	1.285	1.4418
2014-12-31	1.29	1.468
2015-01-05	1.296	1.505
2015-01-06	1.297	1.5047
2015-01-07	1.298	1.5056
2015-01-08	1.294	1.4762
2015-01-09	1.298	1.4722
2015-01-12	1.296	1.4608
2015-01-13	1.3	1.4609
2015-01-14	1.3	1.457
2015-01-15	1.305	1.4922
2015-01-16	1.308	1.5023
2015-01-19	1.298	1.4105
2015-01-20	1.301	1.4246
2015-01-21	1.308	1.4774
2015-01-22	1.315	1.4839
2015-01-23	1.316	1.486
2015-01-26	1.313	1.496
2015-01-27	1.31	1.4845
2015-01-28	1.309	1.4674
2015-01-29	1.308	1.4525
2015-01-30	1.308	1.4363
2015-02-02	1.304	1.4086
2015-02-03	1.306	1.4373
2015-02-04	1.305	1.425
2015-02-05	1.307	1.4131
2015-02-06	1.307	1.3945
2015-02-09	1.308	1.4059
2015-02-10	1.309	1.4266
2015-02-11	1.31	1.4356
2015-02-12	1.311	1.4385
2015-02-13	1.314	1.4476
2015-02-16	1.318	1.4577
2015-02-17	1.319	1.4653
2015-02-25	1.32	1.4501
2015-02-26	1.32	1.4801
2015-02-27	1.32	1.4823
2015-03-02	1.321	1.4921
2015-03-03	1.319	1.46
2015-03-04	1.319	1.4681
2015-03-05	1.318	1.4561
2015-03-06	1.318	1.45
2015-03-09	1.319	1.4687
2015-03-10	1.318	1.4628
2015-03-11	1.319	1.4639
2015-03-12	1.321	1.4873
2015-03-13	1.321	1.4958
2015-03-16	1.323	1.5259
2015-03-17	1.323	1.5437
2015-03-18	1.323	1.5743
2015-03-19	1.323	1.5727
2015-03-20	1.324	1.5909
2015-03-23	1.327	1.6183
2015-03-24	1.327	1.6186
2015-03-25	1.325	1.6083
2015-03-26	1.324	1.6114
2015-03-27	1.325	1.6189
2015-03-30	1.324	1.6585
2015-03-31	1.322	1.6459
2015-04-01	1.324	1.6708
2015-04-02	1.325	1.6713
2015-04-03	1.325	1.687
2015-04-07	1.326	1.7174
2015-04-08	1.325	1.7325
2015-04-09	1.325	1.7212
2015-04-10	1.326	1.7503
2015-04-13	1.327	1.7727
2015-04-14	1.327	1.7783
2015-04-15	1.328	1.7581
2015-04-16	1.33	1.8033
2015-04-17	1.332	1.8299
2015-04-20	1.335	1.8047
2015-04-21	1.338	1.8384
2015-04-22	1.339	1.8803
2015-04-23	1.339	1.8796
2015-04-24	1.338	1.866
2015-04-27	1.339	1.9009
2015-04-28	1.341	1.8785
2015-04-29	1.342	1.89
2015-04-30	1.342	1.8833
2015-05-04	1.343	1.896
2015-05-05	1.341	1.8312
2015-05-06	1.341	1.8164
2015-05-07	1.342	1.7886
2015-05-08	1.343	1.8189
2015-05-11	1.345	1.8639
2015-05-12	1.347	1.8831
2015-05-13	1.348	1.8735
2015-05-14	1.351	1.8678
2015-05-15	1.352	1.8397
2015-05-18	1.353	1.825
2015-05-19	1.353	1.8773
2015-05-20	1.353	1.8868
2015-05-21	1.355	1.9208
2015-05-22	1.356	1.9578
2015-05-25	1.358	2.01
2015-05-26	1.358	2.0473
2015-05-27	1.357	2.0424
2015-05-28	1.352	1.922
2015-05-29	1.351	1.9254
2015-06-01	1.354	2.0081
2015-06-02	1.355	2.0391
2015-06-03	1.355	2.0332
2015-06-04	1.355	2.0464
2015-06-05	1.354	2.0643
2015-06-08	1.357	2.1018
2015-06-09	1.355	2.0842
2015-06-10	1.354	2.0813
2015-06-11	1.352	2.0805
2015-06-12	1.353	2.0907
2015-06-15	1.35	2.0512
2015-06-16	1.348	1.9983
2015-06-17	1.348	2.0241
2015-06-18	1.346	1.9525
2015-06-19	1.345	1.8541
2015-06-23	1.346	1.9057
2015-06-24	1.347	1.9383
2015-06-25	1.347	1.8792
2015-06-26	1.345	1.7511
2015-06-29	1.346	1.7032
2015-06-30	1.345	1.801
2015-07-01	1.345	1.7259
2015-07-02	1.345	1.6737
2015-07-03	1.345	1.5991
2015-07-06	1.347	1.6365
2015-07-07	1.349	1.6089
2015-07-08	1.346	1.5046
2015-07-09	1.344	1.5958
2015-07-10	1.344	1.676
2015-07-13	1.344	1.719
2015-07-14	1.345	1.684
2015-07-15	1.344	1.6256
2015-07-16	1.344	1.6379
2015-07-17	1.345	1.6964
2015-07-20	1.346	1.7011
2015-07-21	1.348	1.7049
2015-07-22	1.349	1.7034
2015-07-23	1.35	1.7385
2015-07-24	1.352	1.7108
2015-07-27	1.353	1.5802
2015-07-28	1.354	1.574
2015-07-29	1.355	1.6194
2015-07-30	1.356	1.5781
2015-07-31	1.356	1.5772
2015-08-03	1.358	1.5791
2015-08-04	1.358	1.6239
2015-08-05	1.362	1.5954
2015-08-06	1.364	1.5827
2015-08-07	1.366	1.6104
2015-08-10	1.367	1.6732
2015-08-11	1.366	1.6675
2015-08-12	1.366	1.6487
2015-08-13	1.366	1.6713
2015-08-14	1.367	1.6712
2015-08-17	1.368	1.6742
2015-08-18	1.368	1.5811
2015-08-19	1.369	1.6043
2015-08-20	1.369	1.5595
2015-08-21	1.37	1.4971
2015-08-24	1.371	1.3829
2015-08-25	1.371	1.2964
2015-08-26	1.371	1.2881
2015-08-27	1.372	1.3525
2015-08-28	1.373	1.4027
2015-08-31	1.375	1.4102
2015-09-01	1.377	1.4048
2015-09-02	1.378	1.4047
2015-09-07	1.379	1.3662
2015-09-08	1.38	1.3973
2015-09-09	1.38	1.4216
2015-09-10	1.381	1.4078
2015-09-11	1.382	1.405
2015-09-14	1.383	1.3793
2015-09-15	1.383	1.3311
2015-09-16	1.385	1.3889
2015-09-17	1.385	1.3639
2015-09-18	1.386	1.3705
2015-09-21	1.386	1.3929
2015-09-22	1.386	1.4041
2015-09-23	1.386	1.3777
2015-09-24	1.386	1.3864
2015-09-25	1.387	1.3673
2015-09-28	1.387	1.3716
2015-09-29	1.388	1.3493
2015-09-30	1.389	1.3577
2015-10-08	1.39	1.3908
2015-10-09	1.391	1.4061
2015-10-12	1.391	1.4455
2015-10-13	1.392	1.4462
2015-10-14	1.393	1.4325
2015-10-15	1.393	1.4616
2015-10-16	1.394	1.4791
2015-10-19	1.394	1.479
2015-10-20	1.395	1.4948
2015-10-21	1.395	1.4563
2015-10-22	1.395	1.4749
2015-10-23	1.395	1.4928
2015-10-26	1.398	1.4992
2015-10-27	1.399	1.5006
2015-10-28	1.4	1.4768
2015-10-29	1.401	1.4799
2015-10-30	1.401	1.4801
2015-11-02	1.402	1.4598
2015-11-03	1.402	1.4562
2015-11-04	1.402	1.513
2015-11-05	1.402	1.5395
2015-11-06	1.402	1.5707
2015-11-09	1.4	1.5869
2015-11-10	1.398	1.584
2015-11-11	1.399	1.5845
2015-11-12	1.399	1.5714
2015-11-13	1.399	1.5552
2015-11-16	1.399	1.5656
2015-11-17	1.398	1.5644
2015-11-18	1.398	1.5496
2015-11-19	1.398	1.5689
2015-11-20	1.398	1.568
2015-11-23	1.398	1.5607
2015-11-24	1.399	1.561
2015-11-25	1.4	1.5707
2015-11-26	1.4	1.5629
2015-11-27	1.4	1.4926
2015-11-30	1.4	1.496
2015-12-01	1.4	1.5045
2015-12-02	1.401	1.5481
2015-12-03	1.403	1.5575
2015-12-04	1.405	1.5322
2015-12-07	1.406	1.5358
2015-12-08	1.404	1.5127
2015-12-09	1.405	1.5174
2015-12-10	1.404	1.5135
2015-12-11	1.405	1.5081
2015-12-14	1.404	1.5429
2015-12-15	1.403	1.5373
2015-12-16	1.403	1.5338
2015-12-17	1.404	1.556
2015-12-18	1.405	1.5595
2015-12-21	1.408	1.5873
2015-12-22	1.411	1.59
2015-12-23	1.412	1.5872
2015-12-24	1.412	1.5782
2015-12-25	1.413	1.5807
2015-12-28	1.414	1.5536
2015-12-29	1.415	1.5618
2015-12-30	1.416	1.5628
2015-12-31	1.416	1.5539
2016-01-04	1.415	1.4813
2016-01-05	1.416	1.4834
2016-01-06	1.416	1.4999
2016-01-07	1.416	1.4333
2016-01-08	1.417	1.4513
2016-01-11	1.418	1.4058
2016-01-12	1.42	1.412
2016-01-13	1.421	1.3949
2016-01-14	1.422	1.4129
2016-01-15	1.423	1.3849
2016-01-18	1.423	1.3884
2016-01-19	1.422	1.4136
2016-01-20	1.422	1.4005
2016-01-21	1.422	1.3752
2016-01-22	1.422	1.3839
2016-01-25	1.422	1.3881
2016-01-26	1.422	1.336
2016-01-27	1.421	1.3331
2016-01-28	1.421	1.312
2016-01-29	1.421	1.3372
2016-02-01	1.421	1.3252
2016-02-02	1.422	1.342
2016-02-03	1.421	1.3389
2016-02-04	1.422	1.349
2016-02-05	1.422	1.3435
2016-02-15	1.424	1.3387
2016-02-16	1.425	1.3634
2016-02-17	1.425	1.3707
2016-02-18	1.427	1.368
2016-02-19	1.427	1.3676
2016-02-22	1.428	1.3859
2016-02-23	1.428	1.3778
2016-02-24	1.429	1.3833
2016-02-25	1.429	1.3294
2016-02-26	1.429	1.3376
2016-02-29	1.43	1.3169
2016-03-01	1.431	1.3318
2016-03-02	1.431	1.3656
2016-03-03	1.432	1.3677
2016-03-04	1.432	1.3776
2016-03-07	1.433	1.3807
2016-03-08	1.434	1.3813
2016-03-09	1.434	1.371
2016-03-10	1.436	1.3542
2016-03-11	1.436	1.3545
2016-03-14	1.437	1.3679
2016-03-15	1.437	1.3703
2016-03-16	1.438	1.3741
2016-03-17	1.438	1.3839
2016-03-18	1.439	1.3978
2016-03-21	1.441	1.4192
2016-03-22	1.441	1.4128
2016-03-23	1.441	1.4158
2016-03-24	1.442	1.4014
2016-03-25	1.442	1.4058
2016-03-28	1.441	1.3979
2016-03-29	1.441	1.3883
2016-03-30	1.441	1.4108
2016-03-31	1.441	1.4111
2016-04-01	1.441	1.4122
2016-04-05	1.442	1.4242
2016-04-06	1.442	1.4225
2016-04-07	1.442	1.4093
2016-04-08	1.442	1.4029
2016-04-11	1.441	1.4151
2016-04-12	1.439	1.4119
2016-04-13	1.438	1.4235
2016-04-14	1.436	1.4277
2016-04-15	1.436	1.4265
2016-04-18	1.436	1.4145
2016-04-19	1.435	1.4172
2016-04-20	1.433	1.4006
2016-04-21	1.432	1.3948
2016-04-22	1.43	1.3991
2016-04-25	1.427	1.3955
2016-04-26	1.426	1.4005
2016-04-27	1.426	1.397
2016-04-28	1.427	1.3958
2016-04-29	1.427	1.3949
2016-05-03	1.428	1.4107
2016-05-04	1.429	1.4096
2016-05-05	1.43	1.4111
2016-05-06	1.43	1.3884
2016-05-09	1.431	1.3702
2016-05-10	1.432	1.3711
2016-05-11	1.432	1.3744
2016-05-12	1.433	1.3762
2016-05-13	1.433	1.372
2016-05-16	1.434	1.3778
2016-05-17	1.433	1.3757
2016-05-18	1.432	1.3703
2016-05-19	1.433	1.3689
2016-05-20	1.431	1.3733
2016-05-23	1.43	1.3763
2016-05-24	1.427	1.3697
2016-05-25	1.428	1.3686
2016-05-26	1.428	1.3701
2016-05-27	1.428	1.3696
2016-05-30	1.428	1.3707
2016-05-31	1.427	1.3992
2016-06-01	1.428	1.3969
2016-06-02	1.428	1.3989
2016-06-03	1.429	1.4059
2016-06-06	1.429	1.404
2016-06-07	1.429	1.4037
2016-06-08	1.43	1.4008
2016-06-13	1.431	1.3735
2016-06-14	1.432	1.3765
2016-06-15	1.432	1.3883
2016-06-16	1.433	1.3833
2016-06-17	1.436	1.3882
2016-06-20	1.438	1.389
2016-06-21	1.438	1.3872
2016-06-22	1.439	1.3949
2016-06-23	1.44	1.3911
2016-06-24	1.441	1.3814
2016-06-27	1.442	1.3935
2016-06-28	1.443	1.3981
2016-06-29	1.443	1.4023
2016-06-30	1.444	1.4033
2016-07-01	1.445	1.4037
2016-07-04	1.446	1.4196
2016-07-05	1.447	1.4229
2016-07-06	1.447	1.4263
2016-07-07	1.448	1.4262
2016-07-08	1.449	1.4229
2016-07-11	1.449	1.426
2016-07-12	1.45	1.4453
2016-07-13	1.451	1.4498
2016-07-14	1.451	1.4483
2016-07-15	1.452	1.4488
2016-07-18	1.453	1.4447
2016-07-19	1.453	1.4414
2016-07-20	1.454	1.4384
2016-07-21	1.455	1.4424
2016-07-22	1.455	1.4348
2016-07-25	1.456	1.4366
2016-07-26	1.456	1.4474
2016-07-27	1.456	1.4327
2016-07-28	1.457	1.4334
2016-07-29	1.458	1.4293
2016-08-01	1.458	1.4215
2016-08-02	1.459	1.4249
2016-08-03	1.459	1.4262
2016-08-04	1.46	1.4285
2016-08-05	1.461	1.4299
2016-08-08	1.461	1.4379
2016-08-09	1.461	1.4442
2016-08-10	1.462	1.4404
2016-08-11	1.462	1.4378
2016-08-12	1.463	1.4549
2016-08-15	1.464	1.4824
2016-08-16	1.464	1.4788
2016-08-17	1.465	1.4774
2016-08-18	1.465	1.4751
2016-08-19	1.465	1.4756
2016-08-22	1.465	1.4675
2016-08-23	1.465	1.4688
2016-08-24	1.464	1.4657
2016-08-25	1.464	1.4599
2016-08-26	1.465	1.4595
2016-08-29	1.465	1.4596
2016-08-30	1.465	1.4608
2016-08-31	1.465	1.4652
2016-09-01	1.466	1.4577
2016-09-02	1.466	1.4602
2016-09-05	1.466	1.4612
2016-09-06	1.466	1.4679
2016-09-07	1.467	1.4673
2016-09-08	1.467	1.4669
2016-09-09	1.467	1.4609
2016-09-12	1.468	1.4456
2016-09-13	1.468	1.4451
2016-09-14	1.468	1.4392
2016-09-19	1.468	1.4459
2016-09-20	1.468	1.4443
2016-09-21	1.468	1.447
2016-09-22	1.469	1.4536
2016-09-23	1.469	1.4493
2016-09-26	1.47	1.4343
2016-09-27	1.47	1.4399
2016-09-28	1.47	1.4373
2016-09-29	1.47	1.441
2016-09-30	1.471	1.4434
2016-10-10	1.472	1.4542
2016-10-11	1.472	1.4578
2016-10-12	1.472	1.4561
2016-10-13	1.473	1.4568
2016-10-14	1.473	1.4576
2016-10-17	1.474	1.4499
2016-10-18	1.474	1.462
2016-10-19	1.475	1.4605
2016-10-20	1.475	1.4612
2016-10-21	1.476	1.4636
2016-10-24	1.476	1.4741
2016-10-25	1.475	1.474
2016-10-26	1.475	1.4705
2016-10-27	1.474	1.468
2016-10-28	1.475	1.4664
2016-10-31	1.474	1.4652
2016-11-01	1.474	1.4714
2016-11-02	1.475	1.4644
2016-11-03	1.475	1.4731
2016-11-04	1.475	1.4701
2016-11-07	1.476	1.4707
2016-11-08	1.475	1.4746
2016-11-09	1.476	1.4697
2016-11-10	1.475	1.4799
2016-11-11	1.475	1.4871
2016-11-14	1.475	1.4906
2016-11-15	1.475	1.4905
2016-11-16	1.474	1.4904
2016-11-17	1.474	1.4923
2016-11-18	1.473	1.4871
2016-11-21	1.474	1.4935
2016-11-22	1.474	1.5011
2016-11-23	1.474	1.503
2016-11-24	1.474	1.5068
2016-11-25	1.474	1.516
2016-11-28	1.474	1.5196
2016-11-29	1.473	1.5274
2016-11-30	1.471	1.5203
2016-12-01	1.47	1.5275
2016-12-02	1.469	1.5175
2016-12-05	1.469	1.5012
2016-12-06	1.467	1.4985
2016-12-07	1.467	1.5031
2016-12-08	1.468	1.5016
2016-12-09	1.468	1.5079
2016-12-12	1.467	1.4843
2016-12-13	1.465	1.4832
2016-12-14	1.464	1.476
2016-12-15	1.46	1.4656
2016-12-16	1.46	1.4673
2016-12-19	1.459	1.4626
2016-12-20	1.457	1.4572
2016-12-21	1.458	1.4652
2016-12-22	1.46	1.4644
2016-12-23	1.462	1.4566
2016-12-26	1.463	1.4605
2016-12-27	1.463	1.4588
2016-12-28	1.463	1.4548
2016-12-29	1.464	1.4536
2016-12-30	1.465	1.4573
2016-12-31	1.465	1.4573
2017-01-03	1.466	1.466
2017-01-04	1.467	1.4732
2017-01-05	1.465	1.473
2017-01-06	1.465	1.4675
2017-01-09	1.466	1.472
2017-01-10	1.467	1.4705
2017-01-11	1.468	1.4636
2017-01-12	1.469	1.4589
2017-01-13	1.469	1.4595
2017-01-16	1.47	1.4594
2017-01-17	1.469	1.4614
2017-01-18	1.468	1.465
2017-01-19	1.467	1.4623
2017-01-20	1.468	1.4694
2017-01-23	1.469	1.472
2017-01-24	1.469	1.4721
2017-01-25	1.469	1.4754
2017-01-26	1.469	1.4787
2017-02-03	1.468	1.4723
2017-02-06	1.467	1.4747
2017-02-07	1.466	1.4727
2017-02-08	1.466	1.4777
2017-02-09	1.468	1.4813
2017-02-10	1.469	1.486
2017-02-13	1.47	1.4925
2017-02-14	1.47	1.4924
2017-02-15	1.47	1.489
2017-02-16	1.47	1.4945
2017-02-17	1.471	1.489
2017-02-20	1.471	1.5028
2017-02-21	1.471	1.5062
2017-02-22	1.471	1.5082
2017-02-23	1.472	1.5037
2017-02-24	1.473	1.5039
2017-02-27	1.473	1.4957
2017-02-28	1.472	1.4976
2017-03-01	1.472	1.4993
2017-03-02	1.472	1.493
2017-03-03	1.472	1.4911
2017-03-06	1.471	1.4964
2017-03-07	1.471	1.4985
2017-03-08	1.471	1.4972
2017-03-09	1.471	1.4911
2017-03-10	1.47	1.4914
2017-03-13	1.471	1.4999
2017-03-14	1.471	1.4995
2017-03-15	1.471	1.5015
2017-03-16	1.472	1.5069
2017-03-17	1.472	1.497
2017-03-20	1.472	1.4981
2017-03-21	1.471	1.5027
2017-03-22	1.471	1.4983
2017-03-23	1.472	1.5016
2017-03-24	1.473	1.5092
2017-03-27	1.474	1.506
2017-03-28	1.475	1.5037
2017-03-29	1.476	1.5025
2017-03-30	1.476	1.4946
2017-03-31	1.476	1.5004
2017-04-05	1.477	1.5136
2017-04-06	1.476	1.5166
2017-04-07	1.477	1.5176
2017-04-10	1.478	1.5139
2017-04-11	1.478	1.5174
2017-04-12	1.478	1.5148
2017-04-13	1.478	1.5164
2017-04-14	1.478	1.5086
2017-04-17	1.476	1.5065
2017-04-18	1.476	1.5017
2017-04-19	1.474	1.4973
2017-04-20	1.474	1.5015
2017-04-21	1.472	1.5027
2017-04-24	1.471	1.4922
2017-04-25	1.471	1.4948
2017-04-26	1.471	1.4959
2017-04-27	1.472	1.4967
2017-04-28	1.472	1.4948
2017-05-02	1.473	1.4912
2017-05-03	1.472	1.4876
2017-05-04	1.471	1.4851
2017-05-05	1.47	1.4787
2017-05-08	1.469	1.4718
2017-05-09	1.468	1.4706
2017-05-10	1.466	1.4667
2017-05-11	1.466	1.4718
2017-05-12	1.465	1.4796
2017-05-15	1.465	1.4835
2017-05-16	1.465	1.4921
2017-05-17	1.465	1.4872
2017-05-18	1.465	1.4842
2017-05-19	1.465	1.4858
2017-05-22	1.465	1.4874
2017-05-23	1.465	1.4904
2017-05-24	1.465	1.4905
2017-05-25	1.466	1.5076
2017-05-26	1.466	1.5061
2017-05-31	1.466	1.5095
2017-06-01	1.466	1.5102
2017-06-02	1.467	1.5075
2017-06-05	1.467	1.5032
2017-06-06	1.468	1.51
2017-06-07	1.468	1.5218
2017-06-08	1.468	1.5296
2017-06-09	1.468	1.5341
2017-06-12	1.47	1.5333
2017-06-13	1.471	1.5357
2017-06-14	1.472	1.5247
2017-06-15	1.474	1.5236
2017-06-16	1.475	1.5221
2017-06-19	1.478	1.5319
2017-06-20	1.481	1.53
2017-06-21	1.482	1.5413
2017-06-22	1.483	1.5419
2017-06-23	1.483	1.5508
2017-06-26	1.485	1.5634
2017-06-27	1.487	1.5653
2017-06-28	1.488	1.5575
2017-06-29	1.489	1.564
2017-06-30	1.49	1.5636
2017-07-03	1.49	1.5593
2017-07-04	1.49	1.5508
2017-07-05	1.491	1.5631
2017-07-06	1.491	1.5637
2017-07-07	1.492	1.5629
2017-07-10	1.493	1.5629
2017-07-11	1.493	1.5687
2017-07-12	1.494	1.5658
2017-07-13	1.495	1.5743
2017-07-14	1.495	1.5799
2017-07-17	1.496	1.568
2017-07-18	1.496	1.5694
2017-07-19	1.496	1.5879
2017-07-20	1.496	1.593
2017-07-21	1.496	1.5879
2017-07-24	1.497	1.592
2017-07-25	1.499	1.5853
2017-07-26	1.499	1.5813
2017-07-27	1.499	1.5838
2017-07-28	1.499	1.5864
2017-07-31	1.5	1.5911
2017-08-01	1.5	1.6002
2017-08-02	1.5	1.5977
2017-08-03	1.499	1.5887
2017-08-04	1.5	1.583
2017-08-07	1.5	1.5884
2017-08-08	1.5	1.5903
2017-08-09	1.5	1.5903
2017-08-10	1.5	1.586
2017-08-11	1.5	1.5668
2017-08-14	1.5	1.5803
2017-08-15	1.501	1.5833
2017-08-16	1.501	1.5822
2017-08-17	1.501	1.588
2017-08-18	1.501	1.5887
2017-08-21	1.501	1.5938
2017-08-22	1.501	1.5968
2017-08-23	1.501	1.5975
2017-08-24	1.501	1.5914
2017-08-25	1.501	1.6086
2017-08-28	1.501	1.6219
2017-08-29	1.5	1.6202
2017-08-30	1.499	1.6204
2017-08-31	1.499	1.6171
2017-09-01	1.5	1.6194
2017-09-04	1.5	1.6236
2017-09-05	1.5	1.6267
2017-09-06	1.5	1.6248
2017-09-07	1.501	1.6193
2017-09-08	1.501	1.6181
2017-09-11	1.503	1.6181
2017-09-12	1.503	1.6214
2017-09-13	1.504	1.6226
2017-09-14	1.504	1.6191
2017-09-15	1.505	1.6195
2017-09-18	1.505	1.6228
2017-09-19	1.506	1.6196
2017-09-20	1.506	1.6227
2017-09-21	1.506	1.621
2017-09-22	1.506	1.6209
2017-09-25	1.507	1.615
2017-09-26	1.507	1.6161
2017-09-27	1.507	1.6163
2017-09-28	1.507	1.6165
2017-09-29	1.507	1.6205
2017-10-09	1.509	1.6329
2017-10-10	1.508	1.6351
2017-10-11	1.509	1.6385
2017-10-12	1.509	1.6413
2017-10-13	1.509	1.6437
2017-10-16	1.509	1.6413
2017-10-17	1.508	1.6413
2017-10-18	1.509	1.6489
2017-10-19	1.509	1.6452
2017-10-20	1.509	1.6444
2017-10-23	1.51	1.6455
2017-10-24	1.51	1.6534
2017-10-25	1.51	1.6584
2017-10-26	1.51	1.6631
2017-10-27	1.509	1.6708
2017-10-30	1.507	1.666
2017-10-31	1.507	1.6656
2017-11-01	1.507	1.6629
2017-11-02	1.507	1.6625
2017-11-03	1.507	1.6611
2017-11-06	1.507	1.669
2017-11-07	1.507	1.6784
2017-11-08	1.507	1.677
2017-11-09	1.507	1.6848
2017-11-10	1.506	1.6952
2017-11-13	1.505	1.6995
2017-11-14	1.504	1.6914
2017-11-15	1.503	1.6831
2017-11-16	1.504	1.6916
2017-11-17	1.504	1.6955
2017-11-20	1.504	1.7017
2017-11-21	1.503	1.7218
2017-11-22	1.5	1.7246
2017-11-23	1.498	1.69
2017-11-24	1.497	1.6906
2017-11-27	1.497	1.6753
2017-11-28	1.497	1.6772
2017-11-29	1.496	1.6765
2017-11-30	1.496	1.6633
2017-12-01	1.497	1.6615
2017-12-04	1.499	1.6669
2017-12-05	1.499	1.6725
2017-12-06	1.5	1.666
2017-12-07	1.5	1.6536
2017-12-08	1.501	1.6627
2017-12-11	1.501	1.6802
2017-12-12	1.501	1.6657
2017-12-13	1.501	1.6753
2017-12-14	1.501	1.6689
2017-12-15	1.501	1.6565
2017-12-18	1.501	1.6573
2017-12-19	1.501	1.6709
2017-12-20	1.501	1.6693
2017-12-21	1.501	1.6798
2017-12-22	1.5	1.6758
2017-12-25	1.501	1.672
2017-12-26	1.501	1.6751
2017-12-27	1.501	1.6578
2017-12-28	1.501	1.6653
2017-12-29	1.501	1.668
2017-12-31	1.502	1.668
2018-01-02	1.503	1.6836
2018-01-03	1.504	1.6904
2018-01-04	1.503	1.6956
2018-01-05	1.504	1.6983
2018-01-08	1.505	1.7043
2018-01-09	1.506	1.7121
2018-01-10	1.505	1.717
2018-01-11	1.505	1.7165
2018-01-12	1.505	1.7216
2018-01-15	1.506	1.721
2018-01-16	1.506	1.7297
2018-01-17	1.506	1.7268
2018-01-18	1.506	1.7324
2018-01-19	1.505	1.7364
2018-01-22	1.506	1.7499
2018-01-23	1.506	1.7622
2018-01-24	1.507	1.7647
2018-01-25	1.507	1.7581
2018-01-26	1.507	1.7625
2018-01-29	1.508	1.7408
2018-01-30	1.508	1.7284
2018-01-31	1.508	1.7333
2018-02-01	1.508	1.7244
2018-02-02	1.509	1.7315
2018-02-05	1.51	1.7329
2018-02-06	1.51	1.699
2018-02-07	1.51	1.6731
2018-02-08	1.511	1.6629
2018-02-09	1.512	1.6161
2018-02-12	1.512	1.6296
2018-02-13	1.513	1.6417
2018-02-14	1.513	1.6502
2018-02-22	1.515	1.6737
2018-02-23	1.515	1.6787
2018-02-26	1.517	1.692
2018-02-27	1.518	1.6766
2018-02-28	1.518	1.6671
2018-03-01	1.519	1.6743
2018-03-02	1.519	1.6653
2018-03-05	1.52	1.6659
2018-03-06	1.52	1.6793
2018-03-07	1.521	1.6709
2018-03-08	1.521	1.6822
2018-03-09	1.522	1.6907
2018-03-12	1.523	1.6959
2018-03-13	1.522	1.6859
2018-03-14	1.523	1.681
2018-03-15	1.522	1.6871
2018-03-16	1.523	1.6765
2018-03-19	1.523	1.6813
2018-03-20	1.524	1.6819
2018-03-21	1.524	1.6773
2018-03-22	1.524	1.6662
2018-03-23	1.526	1.6347
2018-03-26	1.528	1.6281
2018-03-27	1.529	1.6356
2018-03-28	1.529	1.6159
2018-03-29	1.53	1.6299
2018-03-30	1.53	1.6304
2018-04-02	1.531	1.6276
2018-04-03	1.532	1.6211
2018-04-04	1.533	1.6192
2018-04-09	1.535	1.6187
2018-04-10	1.536	1.6385
2018-04-11	1.537	1.6414
2018-04-12	1.537	1.6308
2018-04-13	1.538	1.6238
2018-04-16	1.539	1.608
2018-04-17	1.54	1.5926
2018-04-18	1.545	1.5959
2018-04-19	1.544	1.6076
2018-04-20	1.544	1.5942
2018-04-23	1.544	1.5956
2018-04-24	1.544	1.6158
2018-04-25	1.544	1.612
2018-04-26	1.543	1.5929
2018-04-27	1.543	1.5933
2018-05-02	1.543	1.595
2018-05-03	1.543	1.6026
2018-05-04	1.543	1.5985
2018-05-07	1.544	1.6138
2018-05-08	1.543	1.6252
2018-05-09	1.543	1.6234
2018-05-10	1.543	1.6289
2018-05-11	1.542	1.6235
2018-05-14	1.542	1.6327
2018-05-15	1.542	1.6365
2018-05-16	1.542	1.6288
2018-05-17	1.542	1.6216
2018-05-18	1.542	1.6317
2018-05-21	1.542	1.6365
2018-05-22	1.542	1.633
2018-05-23	1.542	1.6196
2018-05-24	1.542	1.6126
2018-05-25	1.542	1.6106
2018-05-28	1.543	1.6146
2018-05-29	1.542	1.6072
2018-05-30	1.542	1.5862
2018-05-31	1.542	1.607
2018-06-01	1.543	1.5989
2018-06-04	1.543	1.6088
2018-06-05	1.542	1.6184
2018-06-06	1.542	1.6162
2018-06-07	1.542	1.6157
2018-06-08	1.542	1.6021
2018-06-11	1.542	1.602
2018-06-12	1.542	1.6138
2018-06-13	1.542	1.6048
2018-06-14	1.542	1.6015
2018-06-15	1.542	1.5982
2018-06-19	1.542	1.562
2018-06-20	1.542	1.5669
2018-06-21	1.542	1.5567
2018-06-22	1.543	1.5617
2018-06-25	1.543	1.5501
2018-06-26	1.543	1.5429
2018-06-27	1.543	1.5244
2018-06-28	1.544	1.5153
2018-06-29	1.545	1.539
2018-06-30	1.545	1.539
2018-07-02	1.546	1.5125
2018-07-03	1.547	1.5128
2018-07-04	1.549	1.5009
2018-07-05	1.55	1.4955
2018-07-06	1.551	1.5019
2018-07-09	1.552	1.5267
2018-07-10	1.552	1.5294
2018-07-11	1.552	1.5139
2018-07-12	1.553	1.5341
2018-07-13	1.553	1.538
2018-07-16	1.554	1.5336
2018-07-17	1.554	1.5288
2018-07-18	1.554	1.5242
2018-07-19	1.556	1.5236
2018-07-20	1.558	1.5406
2018-07-23	1.559	1.5492
2018-07-24	1.561	1.5636
2018-07-25	1.562	1.5626
2018-07-26	1.563	1.5517
2018-07-27	1.564	1.5481
2018-07-30	1.566	1.5464
2018-07-31	1.568	1.5471
2018-08-01	1.569	1.5287
2018-08-02	1.571	1.5087
2018-08-03	1.572	1.4939
2018-08-06	1.574	1.4827
2018-08-07	1.575	1.5082
2018-08-08	1.576	1.4945
2018-08-09	1.576	1.5163
2018-08-10	1.575	1.5184
2018-08-13	1.574	1.5146
2018-08-14	1.574	1.51
2018-08-15	1.574	1.489
2018-08-16	1.574	1.4847
2018-08-17	1.574	1.4725
2018-08-20	1.575	1.4827
2018-08-21	1.575	1.4983
2018-08-22	1.575	1.4934
2018-08-23	1.575	1.497
2018-08-24	1.576	1.4988
2018-08-27	1.577	1.5203
2018-08-28	1.577	1.5187
2018-08-29	1.577	1.5151
2018-08-30	1.577	1.5059
2018-08-31	1.577	1.5015
2018-09-03	1.578	1.4983
2018-09-04	1.578	1.5094
2018-09-05	1.578	1.4922
2018-09-06	1.579	1.4835
2018-09-07	1.578	1.4874
2018-09-10	1.579	1.4751
2018-09-11	1.579	1.4736
2018-09-12	1.579	1.468
2018-09-13	1.579	1.4771
2018-09-14	1.579	1.4786
2018-09-17	1.58	1.4689
2018-09-18	1.58	1.486
2018-09-19	1.58	1.4974
2018-09-20	1.58	1.4966
2018-09-21	1.581	1.5231
2018-09-25	1.581	1.515
2018-09-26	1.582	1.525
2018-09-27	1.582	1.5215
2018-09-28	1.583	1.531
2018-10-08	1.585	1.4916
2018-10-09	1.585	1.491
2018-10-10	1.586	1.4892
2018-10-11	1.587	1.4473
2018-10-12	1.587	1.4594
2018-10-15	1.588	1.4476
2018-10-16	1.588	1.4408
2018-10-17	1.588	1.4454
2018-10-18	1.589	1.4243
2018-10-19	1.589	1.4487
2018-10-22	1.59	1.485
2018-10-23	1.59	1.462
2018-10-24	1.591	1.4631
2018-10-25	1.591	1.4646
2018-10-26	1.591	1.4591
2018-10-29	1.592	1.4347
2018-10-30	1.593	1.4437
2018-10-31	1.593	1.4552
2018-11-01	1.594	1.4611
2018-11-02	1.593	1.491
2018-11-05	1.594	1.484
2018-11-06	1.595	1.4791
2018-11-07	1.596	1.4738
2018-11-08	1.596	1.4715
2018-11-09	1.597	1.4595
2018-11-12	1.597	1.4696
2018-11-13	1.598	1.4781
2018-11-14	1.6	1.4695
2018-11-15	1.601	1.4797
2018-11-16	1.602	1.4839
2018-11-19	1.603	1.4937
2018-11-20	1.603	1.4733
2018-11-21	1.604	1.4755
2018-11-22	1.604	1.4723
2018-11-23	1.604	1.4535
2018-11-26	1.604	1.4528
2018-11-27	1.604	1.4518
2018-11-28	1.605	1.4629
2018-11-29	1.605	1.4519
2018-11-30	1.606	1.4613
2018-12-03	1.607	1.4847
2018-12-04	1.607	1.4865
2018-12-05	1.608	1.4822
2018-12-06	1.608	1.4635
2018-12-07	1.608	1.4638
2018-12-10	1.609	1.4542
2018-12-11	1.609	1.4584
2018-12-12	1.609	1.4615
2018-12-13	1.609	1.4746
2018-12-14	1.609	1.46
2018-12-17	1.609	1.4586
2018-12-18	1.608	1.4498
2018-12-19	1.608	1.44
2018-12-20	1.609	1.4338
2018-12-21	1.609	1.4239
2018-12-24	1.609	1.4262
2018-12-25	1.609	1.4207
2018-12-26	1.609	1.4165
2018-12-27	1.61	1.4135
2018-12-28	1.611	1.4187
2018-12-31	1.611	1.4187
2019-01-02	1.613	1.4077
2019-01-03	1.614	1.4066
2019-01-04	1.615	1.4256
2019-01-07	1.617	1.4303
2019-01-08	1.618	1.4285
2019-01-09	1.619	1.4366
2019-01-10	1.62	1.4351
2019-01-11	1.62	1.441
2019-01-14	1.621	1.4337
2019-01-15	1.621	1.4497
2019-01-16	1.621	1.4499
2019-01-17	1.622	1.4452
2019-01-18	1.623	1.4603
2019-01-21	1.623	1.4648
2019-01-22	1.624	1.4536
2019-01-23	1.624	1.4529
2019-01-24	1.624	1.4576
2019-01-25	1.624	1.4645
2019-01-28	1.624	1.4643
2019-01-29	1.624	1.467
2019-01-30	1.624	1.4601
2019-01-31	1.625	1.4689
2019-02-01	1.626	1.4812
2019-02-11	1.628	1.4968
2019-02-12	1.629	1.5032
2019-02-13	1.63	1.521
2019-02-14	1.63	1.5224
2019-02-15	1.631	1.5056
2019-02-18	1.632	1.5341
2019-02-19	1.632	1.5328
2019-02-20	1.632	1.5362
2019-02-21	1.632	1.5335
2019-02-22	1.633	1.5543
2019-02-25	1.633	1.6088
2019-02-26	1.632	1.597
2019-02-27	1.632	1.5953
2019-02-28	1.632	1.593
2019-03-01	1.632	1.6143
2019-03-04	1.632	1.6261
2019-03-05	1.632	1.632
2019-03-06	1.632	1.6406
2019-03-07	1.632	1.6299
2019-03-08	1.633	1.5896
2019-03-11	1.634	1.6086
2019-03-12	1.634	1.6153
2019-03-13	1.634	1.6072
2019-03-14	1.634	1.6003
2019-03-15	1.634	1.6126
2019-03-18	1.634	1.6409
2019-03-19	1.635	1.6361
2019-03-20	1.635	1.6365
2019-03-21	1.635	1.6368
2019-03-22	1.636	1.6361
2019-03-25	1.637	1.6118
2019-03-26	1.637	1.601
2019-03-27	1.638	1.612
2019-03-28	1.638	1.6081
2019-03-29	1.639	1.6458
2019-04-01	1.639	1.6726
2019-04-02	1.639	1.6719
2019-04-03	1.639	1.6852
2019-04-04	1.638	1.6957
2019-04-08	1.639	1.6949
2019-04-09	1.638	1.6994
2019-04-10	1.638	1.7019
2019-04-11	1.638	1.6788
2019-04-12	1.639	1.6763
2019-04-15	1.638	1.6727
2019-04-16	1.638	1.7007
2019-04-17	1.637	1.7012
2019-04-18	1.637	1.6974
2019-04-19	1.638	1.7093
2019-04-22	1.639	1.6859
2019-04-23	1.639	1.6843
2019-04-24	1.639	1.6871
2019-04-25	1.639	1.6646
2019-04-26	1.638	1.651
2019-04-29	1.639	1.6538
2019-04-30	1.639	1.657
2019-05-06	1.641	1.5987
2019-05-07	1.642	1.6066
2019-05-08	1.643	1.5929
2019-05-09	1.644	1.5756
2019-05-10	1.645	1.6092
2019-05-13	1.647	1.5933
2019-05-14	1.647	1.5873
2019-05-15	1.648	1.6084
2019-05-16	1.649	1.6128
2019-05-17	1.65	1.5882
2019-05-20	1.651	1.5803
2019-05-21	1.651	1.5929
2019-05-22	1.651	1.5884
2019-05-23	1.651	1.5726
2019-05-24	1.651	1.5753
2019-05-27	1.651	1.5869
2019-05-28	1.65	1.5962
2019-05-29	1.651	1.5942
2019-05-30	1.652	1.5889
2019-05-31	1.652	1.5866
2019-06-03	1.653	1.5873
2019-06-04	1.653	1.5787
2019-06-05	1.654	1.5785
2019-06-06	1.654	1.5706
2019-06-10	1.654	1.5823
2019-06-11	1.654	1.6108
2019-06-12	1.654	1.6037
2019-06-13	1.654	1.6023
2019-06-14	1.653	1.5949
2019-06-17	1.653	1.5948
2019-06-18	1.654	1.5981
2019-06-19	1.654	1.6121
2019-06-20	1.654	1.6412
2019-06-21	1.655	1.6427
2019-06-24	1.656	1.6441
2019-06-25	1.656	1.6337
2019-06-26	1.656	1.6321
2019-06-27	1.657	1.6432
2019-06-28	1.657	1.6421
2019-06-30	1.657	1.6421
2019-07-01	1.658	1.6704
2019-07-02	1.659	1.6708
2019-07-03	1.659	1.6602
2019-07-04	1.66	1.6546
2019-07-05	1.66	1.6608
2019-07-08	1.661	1.6368
2019-07-09	1.661	1.6354
2019-07-10	1.661	1.6342
2019-07-11	1.661	1.6347
2019-07-12	1.661	1.6423
2019-07-15	1.662	1.6463
2019-07-16	1.662	1.6419
2019-07-17	1.662	1.6416
2019-07-18	1.662	1.6325
2019-07-19	1.662	1.6431
2019-07-22	1.663	1.6363
2019-07-23	1.664	1.6389
2019-07-24	1.664	1.6467
2019-07-25	1.664	1.6549
2019-07-26	1.665	1.6571
2019-07-29	1.665	1.6561
2019-07-30	1.666	1.6603
2019-07-31	1.667	1.6515
2019-08-01	1.667	1.6432
2019-08-02	1.668	1.6285
2019-08-05	1.67	1.6096
2019-08-06	1.67	1.6
2019-08-07	1.67	1.5961
2019-08-08	1.671	1.6086
2019-08-09	1.671	1.5994
2019-08-12	1.672	1.6164
2019-08-13	1.672	1.6077
2019-08-14	1.673	1.6119
2019-08-15	1.674	1.6154
2019-08-16	1.674	1.6198
2019-08-19	1.674	1.6407
2019-08-20	1.675	1.6399
2019-08-21	1.675	1.6383
2019-08-22	1.675	1.6415
2019-08-23	1.675	1.6485
2019-08-26	1.676	1.6343
2019-08-27	1.676	1.6475
2019-08-28	1.676	1.6438
2019-08-29	1.676	1.6405
2019-08-30	1.676	1.643
2019-09-02	1.676	1.6556
2019-09-03	1.676	1.6569
2019-09-04	1.676	1.6659
2019-09-05	1.677	1.6761
2019-09-06	1.677	1.6822
2019-09-09	1.678	1.6885
2019-09-10	1.679	1.6849
2019-09-11	1.679	1.6773
2019-09-12	1.679	1.6883
2019-09-16	1.679	1.6844
2019-09-17	1.679	1.6672
2019-09-18	1.679	1.6721
2019-09-19	1.679	1.6758
2019-09-20	1.679	1.6787
2019-09-23	1.679	1.6669
2019-09-24	1.679	1.6697
2019-09-25	1.679	1.6618
2019-09-26	1.679	1.654
2019-09-27	1.68	1.6569
2019-09-30	1.68	1.6469
2019-10-08	1.682	1.6528
2019-10-09	1.682	1.6543
2019-10-10	1.682	1.6625
2019-10-11	1.683	1.6722
2019-10-14	1.683	1.683
2019-10-15	1.683	1.6786
2019-10-16	1.683	1.6751
2019-10-17	1.683	1.6757
2019-10-18	1.683	1.6611
2019-10-21	1.683	1.6639
2019-10-22	1.683	1.6678
2019-10-23	1.683	1.6613
2019-10-24	1.683	1.6611
2019-10-25	1.683	1.6678
2019-10-28	1.683	1.6756
2019-10-29	1.682	1.6713
2019-10-30	1.682	1.6663
2019-10-31	1.681	1.6651
2019-11-01	1.681	1.6823
2019-11-04	1.682	1.689
2019-11-05	1.682	1.6955
2019-11-06	1.683	1.6907
2019-11-07	1.684	1.6925
2019-11-08	1.684	1.6876
2019-11-11	1.685	1.6694
2019-11-12	1.686	1.6696
2019-11-13	1.686	1.6686
2019-11-14	1.686	1.6701
2019-11-15	1.687	1.6626
2019-11-18	1.688	1.6706
2019-11-19	1.689	1.6807
2019-11-20	1.689	1.6706
2019-11-21	1.69	1.6659
2019-11-22	1.69	1.6557
2019-11-25	1.691	1.6629
2019-11-26	1.691	1.6663
2019-11-27	1.691	1.6621
2019-11-28	1.692	1.6587
2019-11-29	1.692	1.65
2019-12-02	1.693	1.6518
2019-12-03	1.693	1.6557
2019-12-04	1.693	1.6542
2019-12-05	1.694	1.662
2019-12-06	1.694	1.6679
2019-12-09	1.695	1.6661
2019-12-10	1.695	1.6676
2019-12-11	1.695	1.6684
2019-12-12	1.696	1.6654
2019-12-13	1.696	1.686
2019-12-16	1.697	1.6905
2019-12-17	1.698	1.7046
2019-12-18	1.698	1.7022
2019-12-19	1.698	1.7006
2019-12-20	1.699	1.698
2019-12-23	1.699	1.685
2019-12-24	1.7	1.6917
2019-12-25	1.7	1.6912
2019-12-26	1.701	1.7003
2019-12-27	1.702	1.6992
2019-12-30	1.702	1.7147
2019-12-31	1.703	1.7185
2020-01-02	1.704	1.7329
2020-01-03	1.705	1.731
2020-01-06	1.706	1.7268
2020-01-07	1.707	1.7347
2020-01-08	1.707	1.7226
2020-01-09	1.707	1.736
2020-01-10	1.707	1.7356
2020-01-13	1.708	1.7457
2020-01-14	1.709	1.7422
2020-01-15	1.709	1.7364
2020-01-16	1.709	1.732
2020-01-17	1.709	1.7334
2020-01-20	1.71	1.7412
2020-01-21	1.711	1.7232
2020-01-22	1.711	1.7276
2020-01-23	1.71	1.6954
2020-02-03	1.713	1.6162
2020-02-04	1.715	1.6408
2020-02-05	1.715	1.651
2020-02-06	1.716	1.669
2020-02-07	1.716	1.6691
2020-02-10	1.717	1.6731
2020-02-11	1.718	1.6823
2020-02-12	1.719	1.6903
2020-02-13	1.72	1.6842
2020-02-14	1.72	1.6912
2020-02-17	1.721	1.7139
2020-02-18	1.722	1.7088
2020-02-19	1.722	1.7072
2020-02-20	1.723	1.7309
2020-02-21	1.723	1.7319
2020-02-24	1.724	1.7277
2020-02-25	1.724	1.7253
2020-02-26	1.725	1.7125
2020-02-27	1.726	1.7155
2020-02-28	1.726	1.6789
2020-03-02	1.727	1.7116
2020-03-03	1.727	1.7171
2020-03-04	1.729	1.723
2020-03-05	1.73	1.7461
2020-03-06	1.731	1.7288
2020-03-09	1.733	1.6934
2020-03-10	1.732	1.7148
2020-03-11	1.732	1.7011
2020-03-12	1.732	1.6817
2020-03-13	1.73	1.6678
2020-03-16	1.73	1.6257
2020-03-17	1.729	1.6212
2020-03-18	1.729	1.6026
2020-03-19	1.729	1.5908
2020-03-20	1.73	1.6068
2020-03-23	1.731	1.5761
2020-03-24	1.732	1.5996
2020-03-25	1.732	1.6232
2020-03-26	1.733	1.617
2020-03-27	1.733	1.62
2020-03-30	1.734	1.6109
2020-03-31	1.734	1.614
2020-04-01	1.735	1.6111
2020-04-02	1.736	1.626
2020-04-03	1.736	1.6207
2020-04-07	1.741	1.642
2020-04-08	1.743	1.6375
2020-04-09	1.744	1.6406
2020-04-10	1.744	1.6348
2020-04-13	1.744	1.6308
2020-04-14	1.745	1.6489
2020-04-15	1.745	1.6418
2020-04-16	1.746	1.6431
2020-04-17	1.747	1.6524
2020-04-20	1.747	1.6558
2020-04-21	1.747	1.6445
2020-04-22	1.747	1.6523
2020-04-23	1.748	1.6498
2020-04-24	1.749	1.6416
2020-04-27	1.749	1.648
2020-04-28	1.75	1.6546
2020-04-29	1.75	1.6592
2020-04-30	1.75	1.6707
2020-05-06	1.751	1.6766
2020-05-07	1.75	1.6738
2020-05-08	1.749	1.6846
2020-05-11	1.748	1.6836
2020-05-12	1.748	1.6837
2020-05-13	1.748	1.6857
2020-05-14	1.748	1.6748
2020-05-15	1.748	1.6718
2020-05-18	1.748	1.6743
2020-05-19	1.747	1.6826
2020-05-20	1.747	1.6773
2020-05-21	1.748	1.6717
2020-05-22	1.749	1.6494
2020-05-25	1.749	1.6507
2020-05-26	1.748	1.6617
2020-05-27	1.746	1.6549
2020-05-28	1.746	1.6579
2020-05-29	1.746	1.6612
2020-06-01	1.746	1.6874
2020-06-02	1.743	1.6911
2020-06-03	1.74	1.6913
2020-06-04	1.739	1.6911
2020-06-05	1.736	1.696
2020-06-08	1.735	1.701
2020-06-09	1.736	1.7074
2020-06-10	1.737	1.7062
2020-06-11	1.737	1.6961
2020-06-12	1.739	1.6976
2020-06-15	1.74	1.6845
2020-06-16	1.74	1.6995
2020-06-17	1.739	1.7005
2020-06-18	1.739	1.7079
2020-06-19	1.739	1.7222
2020-06-22	1.739	1.7234
2020-06-23	1.737	1.7285
2020-06-24	1.737	1.7343
2020-06-29	1.738	1.7267
2020-06-30	1.738	1.7415
2020-07-01	1.739	1.7631
2020-07-02	1.74	1.7857
2020-07-03	1.74	1.8075
2020-07-06	1.74	1.8711
2020-07-07	1.738	1.8771
2020-07-08	1.736	1.8966
2020-07-09	1.733	1.914
2020-07-10	1.732	1.8927
2020-07-13	1.731	1.9176
2020-07-14	1.73	1.9069
2020-07-15	1.73	1.893
2020-07-16	1.732	1.8375
2020-07-17	1.733	1.8462
2020-07-20	1.734	1.8797
2020-07-21	1.737	1.8822
2020-07-22	1.738	1.8882
2020-07-23	1.739	1.8884
2020-07-24	1.74	1.8372
2020-07-27	1.741	1.8428
2020-07-28	1.742	1.8526
2020-07-29	1.741	1.8801
2020-07-30	1.741	1.8745
2020-07-31	1.741	1.8841
2020-08-03	1.741	1.9028
2020-08-04	1.741	1.9039
2020-08-05	1.741	1.9033
2020-08-06	1.742	1.8998
2020-08-07	1.742	1.8865
2020-08-10	1.743	1.8906
2020-08-11	1.743	1.8801
2020-08-12	1.743	1.8719
2020-08-13	1.744	1.8689
2020-08-14	1.745	1.8865
2020-08-17	1.746	1.9137
2020-08-18	1.746	1.913
2020-08-19	1.746	1.8949
2020-08-20	1.747	1.8792
2020-08-21	1.747	1.8892
2020-08-24	1.747	1.8995
2020-08-25	1.746	1.9011
2020-08-26	1.746	1.8873
2020-08-27	1.746	1.8934
2020-08-28	1.745	1.921
2020-08-31	1.746	1.9141
2020-09-01	1.746	1.9208
2020-09-02	1.745	1.9211
2020-09-03	1.745	1.9144
2020-09-04	1.745	1.9029
2020-09-07	1.745	1.878
2020-09-08	1.744	1.884
2020-09-09	1.745	1.8572
2020-09-10	1.745	1.8567
2020-09-11	1.745	1.8678
2020-09-14	1.745	1.8737
2020-09-15	1.746	1.8829
2020-09-16	1.746	1.8761
2020-09-17	1.746	1.8705
2020-09-18	1.746	1.8961
2020-09-21	1.747	1.8848
2020-09-22	1.747	1.8711
2020-09-23	1.747	1.8752
2020-09-24	1.747	1.8534
2020-09-25	1.747	1.855
2020-09-28	1.747	1.8584
2020-09-29	1.747	1.8607
2020-09-30	1.747	1.8596
2020-10-09	1.748	1.8827
2020-10-12	1.748	1.9177
2020-10-13	1.748	1.9218
2020-10-14	1.748	1.9143
2020-10-15	1.749	1.914
2020-10-16	1.75	1.9118
2020-10-19	1.75	1.9025
2020-10-20	1.751	1.9122
2020-10-21	1.752	1.9121
2020-10-22	1.752	1.9084
2020-10-23	1.753	1.8939
2020-10-26	1.753	1.8872
2020-10-27	1.755	1.8891
2020-10-28	1.755	1.8985
2020-10-29	1.755	1.9074
2020-10-30	1.756	1.8883
2020-11-02	1.756	1.895
2020-11-03	1.756	1.9091
2020-11-04	1.757	1.9181
2020-11-05	1.758	1.9359
2020-11-06	1.758	1.9362
2020-11-09	1.758	1.9598
2020-11-10	1.758	1.9529
2020-11-11	1.758	1.9407
2020-11-12	1.757	1.9421
2020-11-13	1.755	1.9293
2020-11-16	1.754	1.941
2020-11-17	1.752	1.9386
2020-11-18	1.751	1.938
2020-11-19	1.749	1.9469
2020-11-20	1.748	1.9505
2020-11-23	1.748	1.9658
2020-11-24	1.748	1.9583
2020-11-25	1.748	1.9426
2020-11-26	1.749	1.9447
2020-11-27	1.75	1.9595
2020-11-30	1.752	1.9543
2020-12-01	1.752	1.9796
2020-12-02	1.753	1.9795
2020-12-03	1.753	1.9771
2020-12-04	1.754	1.9794
2020-12-07	1.754	1.9689
2020-12-08	1.754	1.9661
2020-12-09	1.755	1.9497
2020-12-10	1.755	1.9491
2020-12-11	1.755	1.9362
2020-12-14	1.756	1.9466
2020-12-15	1.756	1.9492
2020-12-16	1.756	1.9513
2020-12-17	1.757	1.9669
2020-12-18	1.757	1.9626
2020-12-21	1.758	1.9742
2020-12-22	1.759	1.9543
2020-12-23	1.76	1.9647
2020-12-24	1.761	1.9629
2020-12-25	1.761	1.9732
2020-12-28	1.762	1.9786
2020-12-29	1.763	1.9733
2020-12-30	1.763	1.9908
2020-12-31	1.764	2.0148
2021-01-04	1.765	2.0285
2021-01-05	1.765	2.0532
2021-01-06	1.766	2.0653
2021-01-07	1.768	2.0889
2021-01-08	1.769	2.0845
2021-01-11	1.77	2.071
2021-01-12	1.77	2.1091
2021-01-13	1.771	2.1045
2021-01-14	1.772	2.0787
2021-01-15	1.772	2.076
2021-01-18	1.773	2.0893
2021-01-19	1.772	2.0713
2021-01-20	1.773	2.0801
2021-01-21	1.773	2.0999
2021-01-22	1.774	2.1012
2021-01-25	1.774	2.1137
2021-01-26	1.774	2.0884
2021-01-27	1.773	2.0917
2021-01-28	1.772	2.058
2021-01-29	1.772	2.0523
2021-02-01	1.772	2.067
2021-02-02	1.773	2.0855
2021-02-03	1.773	2.0823
2021-02-04	1.773	2.0797
2021-02-05	1.773	2.0816
2021-02-08	1.773	2.0994
2021-02-09	1.773	2.1266
2021-02-10	1.774	2.1533
2021-02-18	1.775	2.1446
2021-02-19	1.775	2.1468
2021-02-22	1.776	2.1059
2021-02-23	1.776	2.1017
2021-02-24	1.777	2.0701
2021-02-25	1.777	2.077
2021-02-26	1.778	2.0475
2021-03-01	1.778	2.0657
2021-03-02	1.779	2.0504
2021-03-03	1.779	2.0729
2021-03-04	1.78	2.0348
2021-03-05	1.78	2.0307
2021-03-08	1.781	1.9901
2021-03-09	1.781	1.966
2021-03-10	1.782	1.9734
2021-03-11	1.782	2.0011
2021-03-12	1.783	2.0053
2021-03-15	1.783	1.9804
2021-03-16	1.784	1.99
2021-03-17	1.784	1.9949
2021-03-18	1.784	2.004
2021-03-19	1.785	1.9742
