2019年4月7日	3,988.62	4,097.10	4,122.60	3,961.73	-	-1.81%
2019年3月31日	4,062.23	3,901.17	4,072.11	3,901.17	989.71K	4.90%
2019年3月24日	3,872.34	3,776.44	3,876.38	3,687.55	859.30K	1.01%
2019年3月17日	3,833.80	3,753.64	3,868.34	3,733.68	941.95K	2.37%
2019年3月10日	3,745.01	3,663.98	3,804.72	3,650.81	1.11M	2.39%
2019年3月3日	3,657.58	3,783.04	3,886.58	3,656.19	1.52M	-2.46%
2019年2月24日	3,749.71	3,575.85	3,762.11	3,574.69	1.38M	6.52%
2019年2月17日	3,520.12	3,366.42	3,520.12	3,366.42	876.74K	5.43%
2019年2月10日	3,338.70	3,239.81	3,415.40	3,239.81	679.67K	2.81%
2019年1月27日	3,247.40	3,203.12	3,247.50	3,148.23	392.30K	1.98%
2019年1月20日	3,184.47	3,170.88	3,203.17	3,125.30	383.68K	0.51%
2019年1月13日	3,168.17	3,092.50	3,171.69	3,064.38	419.25K	2.37%
2019年1月6日	3,094.78	3,055.15	3,117.96	3,035.91	451.76K	1.94%
2018年12月30日	3,035.87	3,017.07	3,036.81	2,935.83	242.85K	0.84%
2018年12月23日	3,010.65	3,015.50	3,047.23	2,964.88	343.23K	-0.62%
2018年12月16日	3,029.40	3,158.28	3,167.51	3,007.61	332.35K	-4.31%
2018年12月9日	3,165.91	3,153.52	3,234.08	3,134.38	344.72K	-0.49%
2018年12月2日	3,181.56	3,260.69	3,273.64	3,176.71	406.75K	0.28%
2018年11月25日	3,172.69	3,148.67	3,204.86	3,126.29	341.09K	0.93%
2018年11月18日	3,143.48	3,258.79	3,294.60	3,139.39	459.17K	-3.51%
2018年11月11日	3,257.67	3,160.25	3,282.39	3,152.44	553.80K	2.85%
2018年11月4日	3,167.44	3,269.47	3,279.88	3,166.31	445.89K	-3.73%
2018年10月28日	3,290.25	3,157.49	3,290.25	3,050.77	605.24K	3.67%
2018年10月21日	3,173.64	3,159.56	3,297.38	3,099.89	586.04K	1.23%
2018年10月14日	3,134.95	3,173.85	3,183.13	3,009.50	387.94K	-1.13%
2018年10月7日	3,170.73	3,361.56	3,364.46	3,094.97	448.66K	-7.80%
2018年9月23日	3,438.86	3,375.97	3,448.26	3,367.03	316.37K	0.83%
2018年9月16日	3,410.49	3,224.93	3,410.49	3,193.64	384.83K	5.19%
2018年9月9日	3,242.09	3,271.38	3,277.88	3,191.40	304.36K	-1.08%
2018年9月2日	3,277.64	3,320.69	3,370.96	3,253.72	324.07K	-1.71%
2018年8月26日	3,334.50	3,339.39	3,416.59	3,310.87	381.33K	0.28%
2018年8月19日	3,325.33	3,238.22	3,353.04	3,209.01	321.78K	2.96%
2018年8月12日	3,229.62	3,369.98	3,396.19	3,224.10	348.96K	-5.15%
2018年8月5日	3,405.02	3,312.82	3,424.04	3,257.69	409.97K	2.71%
2018年7月29日	3,315.28	3,520.85	3,550.90	3,315.20	412.55K	-5.85%
2018年7月22日	3,521.23	3,471.86	3,596.51	3,464.65	533.24K	0.81%
2018年7月15日	3,492.89	3,488.97	3,506.24	3,398.95	367.26K	0.01%
2018年7月8日	3,492.69	3,378.91	3,499.76	3,375.14	387.50K	3.79%
2018年7月1日	3,365.12	3,504.46	3,506.90	3,295.73	422.47K	-4.15%
2018年6月24日	3,510.98	3,625.80	3,631.03	3,416.95	399.53K	-2.71%
2018年6月17日	3,608.90	3,702.67	3,712.82	3,542.46	416.45K	-3.85%
2018年6月10日	3,753.43	3,770.21	3,830.47	3,737.43	362.25K	-0.69%
2018年6月3日	3,779.62	3,785.19	3,859.85	3,759.27	392.02K	0.24%
2018年5月27日	3,770.59	3,816.26	3,846.55	3,722.07	411.48K	-1.20%
2018年5月20日	3,816.50	3,925.54	3,937.46	3,804.13	390.91K	-2.22%
2018年5月13日	3,903.06	3,886.87	3,924.34	3,841.90	361.58K	0.78%
2018年5月6日	3,872.84	3,782.54	3,903.34	3,776.03	392.24K	2.60%
2018年4月29日	3,774.60	3,769.93	3,801.52	3,732.37	248.82K	0.47%
2018年4月22日	3,756.88	3,754.69	3,854.43	3,714.64	459.43K	-0.11%
2018年4月15日	3,760.85	3,862.47	3,869.16	3,708.11	494.84K	-2.85%
2018年4月8日	3,871.14	3,851.95	3,958.71	3,827.41	456.46K	0.42%
2018年4月1日	3,854.86	3,897.01	3,937.02	3,839.93	295.11K	-1.12%
2018年3月25日	3,898.50	3,862.69	3,936.78	3,794.26	544.48K	-0.16%
2018年3月18日	3,904.94	4,054.62	4,110.12	3,834.94	528.89K	-3.73%
2018年3月11日	4,056.42	4,130.71	4,139.53	4,055.82	524.74K	-1.28%
2018年3月4日	4,108.87	4,021.66	4,110.67	3,995.87	538.53K	2.30%
2018年2月25日	4,016.46	4,093.40	4,128.74	3,986.89	579.52K	-1.34%
2018年2月18日	4,071.09	4,020.97	4,085.20	4,009.92	205.27K	2.62%
2018年2月11日	3,966.96	3,846.27	3,986.98	3,828.07	299.83K	3.29%
2018年2月4日	3,840.65	4,204.46	4,274.15	3,759.15	945.01K	-10.08%
2018年1月28日	4,271.23	4,387.06	4,395.91	4,181.78	811.42K	-2.51%
2018年1月21日	4,381.30	4,276.48	4,403.34	4,275.90	968.93K	2.24%
2018年1月14日	4,285.40	4,229.84	4,316.57	4,213.13	928.24K	1.43%
2018年1月7日	4,225.00	4,140.85	4,227.39	4,127.31	696.97K	2.08%
2017年12月31日	4,138.75	4,045.21	4,151.28	4,045.21	582.34K	2.68%
2017年12月24日	4,030.85	4,057.42	4,086.93	3,980.24	497.23K	-0.59%
2017年12月17日	4,054.60	3,983.30	4,080.78	3,967.93	416.30K	1.85%
2017年12月10日	3,980.86	4,006.88	4,070.15	3,974.93	428.85K	-0.56%
2017年12月3日	4,003.38	3,989.05	4,045.93	3,955.44	545.56K	0.13%
2017年11月26日	3,998.14	4,088.93	4,088.93	3,984.38	575.44K	-2.58%
2017年11月19日	4,104.20	4,093.73	4,260.64	4,057.49	813.28K	-0.40%
2017年11月12日	4,120.85	4,115.55	4,137.65	4,055.72	728.49K	0.22%
2017年11月5日	4,111.91	3,989.18	4,116.71	3,975.41	687.90K	2.99%
2017年10月29日	3,992.70	4,022.16	4,033.34	3,960.27	652.49K	-0.73%
2017年10月22日	4,021.97	3,930.89	4,024.46	3,920.66	519.32K	2.42%
2017年10月15日	3,926.85	3,926.28	3,947.42	3,900.48	484.07K	0.15%
2017年10月8日	3,921.00	3,910.11	3,927.17	3,855.47	536.97K	2.20%
2017年9月24日	3,836.50	3,829.22	3,852.22	3,808.38	458.32K	-0.03%
2017年9月17日	3,837.73	3,832.96	3,862.36	3,816.82	543.22K	0.17%
2017年9月10日	3,831.30	3,828.34	3,854.49	3,817.51	601.27K	0.14%
2017年9月3日	3,825.99	3,828.54	3,865.29	3,813.55	635.85K	-0.12%
2017年8月27日	3,830.54	3,805.66	3,866.94	3,800.89	746.75K	0.92%
2017年8月20日	3,795.75	3,731.84	3,795.97	3,728.62	525.46K	1.91%
2017年8月13日	3,724.67	3,651.38	3,733.49	3,651.38	531.11K	2.12%
2017年8月6日	3,647.35	3,701.22	3,746.86	3,645.09	666.63K	-1.62%
2017年7月30日	3,707.58	3,722.43	3,784.35	3,707.00	776.89K	-0.38%
2017年7月23日	3,721.89	3,724.38	3,755.19	3,672.50	649.28K	-0.18%
2017年7月16日	3,728.60	3,700.62	3,751.69	3,621.37	746.27K	0.69%
2017年7月9日	3,703.09	3,647.94	3,703.09	3,640.59	592.83K	1.29%
2017年7月2日	3,655.93	3,667.23	3,667.60	3,610.46	478.24K	-0.30%
2017年6月25日	3,666.80	3,627.02	3,676.53	3,627.02	497.22K	1.21%
2017年6月18日	3,622.88	3,520.06	3,635.53	3,520.06	488.82K	2.96%
2017年6月11日	3,518.76	3,570.22	3,603.69	3,508.95	408.46K	-1.61%
2017年6月4日	3,576.17	3,480.17	3,590.89	3,460.45	439.66K	2.57%
2017年5月28日	3,486.51	3,495.07	3,515.08	3,470.20	290.63K	0.17%
2017年5月21日	3,480.43	3,400.59	3,498.31	3,383.89	526.97K	2.25%
2017年5月14日	3,403.85	3,391.59	3,433.97	3,373.55	445.19K	0.55%
2017年5月7日	3,385.38	3,369.11	3,387.27	3,312.89	495.24K	0.08%
2017年4月30日	3,382.55	3,427.92	3,436.31	3,366.56	397.84K	-1.66%
2017年4月23日	3,439.75	3,458.23	3,466.57	3,399.54	545.60K	-0.78%
2017年4月16日	3,466.79	3,475.74	3,489.08	3,418.51	568.05K	-0.57%
2017年4月9日	3,486.50	3,519.46	3,523.10	3,466.14	755.11K	-0.88%
2017年4月2日	3,517.46	3,476.42	3,526.82	3,475.15	420.46K	1.78%
2017年3月26日	3,456.05	3,488.76	3,505.98	3,422.37	504.02K	-0.96%
2017年3月19日	3,489.60	3,449.05	3,499.32	3,429.83	501.34K	1.27%
2017年3月12日	3,445.81	3,425.67	3,492.13	3,412.69	457.96K	0.52%
2017年3月5日	3,427.89	3,427.25	3,457.04	3,414.68	397.58K	0.00%
2017年2月26日	3,427.86	3,471.13	3,472.84	3,412.83	448.04K	-1.32%
2017年2月19日	3,473.85	3,421.64	3,492.96	3,421.64	545.36K	1.53%
2017年2月12日	3,421.44	3,416.92	3,457.56	3,416.87	565.47K	0.23%
2017年2月5日	3,413.49	3,368.11	3,422.33	3,347.43	429.01K	1.46%
2017年1月29日	3,364.49	3,390.93	3,392.48	3,362.57	55.19K	-0.69%
2017年1月22日	3,387.96	3,359.05	3,395.88	3,355.85	265.45K	0.99%
2017年1月15日	3,354.89	3,314.15	3,358.41	3,264.21	429.32K	1.05%
2017年1月8日	3,319.91	3,345.75	3,370.51	3,309.37	424.02K	-0.83%
2017年1月1日	3,347.67	3,313.95	3,373.41	3,313.95	352.41K	1.14%
2016年12月25日	3,310.08	3,293.22	3,330.23	3,267.05	376.11K	0.07%
2016年12月18日	3,307.60	3,342.34	3,344.86	3,289.27	467.19K	-1.15%
2016年12月11日	3,346.03	3,489.27	3,495.80	3,327.14	638.32K	-4.23%
2016年12月4日	3,493.70	3,473.69	3,507.93	3,445.76	678.41K	-1.00%
2016年11月27日	3,528.95	3,538.68	3,583.72	3,516.79	999.38K	0.22%
2016年11月20日	3,521.30	3,412.65	3,521.30	3,412.08	776.72K	3.04%
2016年11月13日	3,417.46	3,409.22	3,452.62	3,408.14	715.14K	0.01%
2016年11月6日	3,417.22	3,353.44	3,422.67	3,322.08	675.62K	1.88%
2016年10月30日	3,354.17	3,332.41	3,379.99	3,317.33	467.78K	0.42%
2016年10月23日	3,340.13	3,332.51	3,382.83	3,330.97	532.99K	0.37%
2016年10月16日	3,327.74	3,305.96	3,341.56	3,271.54	479.17K	0.66%
2016年10月9日	3,305.85	3,265.36	3,308.00	3,258.96	400.44K	1.62%
2016年9月25日	3,253.28	3,267.69	3,267.69	3,214.44	274.07K	-0.68%
2016年9月18日	3,275.67	3,242.74	3,303.20	3,242.74	304.51K	1.14%
2016年9月11日	3,238.73	3,271.87	3,276.72	3,231.34	260.53K	-2.39%
2016年9月4日	3,318.04	3,321.01	3,357.36	3,300.13	434.09K	0.12%
2016年8月28日	3,314.11	3,306.57	3,333.97	3,295.76	400.07K	0.21%
2016年8月21日	3,307.09	3,364.68	3,372.83	3,279.81	464.19K	-1.72%
2016年8月14日	3,365.02	3,303.47	3,418.69	3,302.38	818.12K	2.15%
2016年8月7日	3,294.23	3,199.57	3,294.23	3,187.25	485.47K	2.78%
2016年7月31日	3,205.11	3,196.43	3,224.87	3,156.75	372.74K	0.04%
2016年7月24日	3,203.93	3,220.17	3,276.51	3,157.41	512.27K	-0.66%
2016年7月17日	3,225.16	3,269.71	3,281.64	3,220.89	443.94K	-1.56%
2016年7月10日	3,276.28	3,199.04	3,300.99	3,197.63	696.45K	2.63%
2016年7月3日	3,192.28	3,136.39	3,220.54	3,134.02	596.77K	1.21%
2016年6月26日	3,154.20	3,065.13	3,170.26	3,064.97	430.46K	2.50%
2016年6月19日	3,077.16	3,114.91	3,155.49	3,033.97	390.58K	-1.07%
2016年6月12日	3,110.36	3,134.05	3,145.61	3,042.23	415.03K	-1.70%
2016年6月5日	3,163.99	3,192.78	3,197.22	3,148.35	221.91K	-0.79%
2016年5月29日	3,189.33	3,056.31	3,201.75	3,037.66	502.61K	4.14%
2016年5月22日	3,062.50	3,078.51	3,098.48	3,027.44	295.95K	-0.51%
2016年5月15日	3,078.22	3,064.53	3,105.20	3,039.46	323.98K	0.11%
2016年5月8日	3,074.94	3,115.43	3,115.43	3,035.02	391.27K	-1.77%
2016年5月1日	3,130.35	3,159.82	3,222.88	3,130.15	372.44K	-0.84%
2016年4月24日	3,156.75	3,164.74	3,188.83	3,135.64	314.45K	-0.57%
2016年4月17日	3,174.90	3,252.67	3,252.67	3,107.37	522.00K	-2.97%
2016年4月10日	3,272.21	3,213.51	3,296.52	3,198.90	626.66K	2.71%
2016年4月3日	3,185.73	3,211.30	3,271.93	3,163.30	479.66K	-1.12%
2016年3月27日	3,221.89	3,206.95	3,241.93	3,122.76	558.21K	0.75%
2016年3月20日	3,197.82	3,203.29	3,267.78	3,174.32	750.50K	0.82%
2016年3月13日	3,171.96	3,039.57	3,197.67	3,028.58	659.12K	5.09%
2016年3月6日	3,018.28	3,109.00	3,130.90	2,982.17	529.57K	-2.44%
2016年2月28日	3,093.89	2,939.58	3,101.66	2,821.21	813.64K	4.95%
2016年2月21日	2,948.03	3,083.93	3,128.21	2,902.95	630.08K	-3.39%
2016年2月14日	3,051.59	2,888.43	3,093.51	2,886.02	525.53K	2.96%
2016年1月31日	2,963.79	2,939.04	2,999.21	2,869.56	421.42K	0.60%
2016年1月24日	2,946.09	3,129.03	3,149.33	2,839.29	553.23K	-5.38%
2016年1月17日	3,113.46	3,068.23	3,227.91	3,053.96	560.57K	-0.17%
2016年1月10日	3,118.73	3,303.12	3,342.48	3,072.04	682.67K	-7.22%
2016年1月3日	3,361.56	3,725.86	3,726.24	3,237.93	653.52K	-9.90%
2015年12月27日	3,731.00	3,847.53	3,853.39	3,710.48	463.38K	-2.79%
2015年12月20日	3,838.20	3,762.10	3,926.69	3,759.99	871.56K	1.87%
2015年12月13日	3,767.91	3,573.88	3,810.22	3,571.00	740.98K	4.43%
2015年12月6日	3,608.06	3,681.58	3,699.34	3,578.15	583.53K	-1.89%
2015年11月29日	3,677.59	3,554.89	3,758.45	3,455.07	872.24K	3.39%
2015年11月22日	3,556.99	3,774.44	3,805.84	3,534.39	853.42K	-5.76%
2015年11月15日	3,774.38	3,682.73	3,852.77	3,680.07	937.50K	0.75%
2015年11月8日	3,746.24	3,796.38	3,891.77	3,727.58	1.30M	-1.24%
2015年11月1日	3,793.37	3,489.23	3,801.70	3,452.62	1.13M	7.34%
2015年10月25日	3,534.08	3,614.70	3,620.76	3,486.10	833.43K	-1.04%
2015年10月18日	3,571.24	3,548.95	3,601.24	3,417.41	1.05M	1.05%
2015年10月11日	3,534.07	3,351.14	3,537.54	3,347.25	899.13K	5.81%
2015年10月4日	3,340.12	3,324.98	3,352.38	3,293.97	256.44K	4.28%
2015年9月27日	3,202.95	3,226.61	3,246.55	3,159.04	239.93K	-0.90%
2015年9月20日	3,231.95	3,222.60	3,371.41	3,201.91	615.61K	-0.59%
2015年9月13日	3,251.27	3,367.64	3,373.92	3,131.37	785.03K	-2.87%
2015年9月6日	3,347.19	3,347.29	3,426.65	3,170.81	832.72K	-0.55%
2015年8月30日	3,365.83	3,307.40	3,387.02	3,190.58	980.50K	0.70%
2015年8月23日	3,342.29	3,454.60	3,468.15	2,952.01	1.41M	-6.89%
2015年8月16日	3,589.54	4,058.11	4,103.05	3,578.17	1.28M	-11.88%
2015年8月9日	4,073.54	3,947.47	4,113.16	3,932.84	1.38M	4.26%
2015年8月2日	3,906.94	3,766.07	3,962.28	3,742.58	997.15K	2.36%
2015年7月26日	3,816.70	4,097.80	4,156.31	3,627.42	1.52M	-8.61%
2015年7月19日	4,176.28	4,157.06	4,299.65	4,081.70	1.74M	0.60%
2015年7月12日	4,151.50	4,132.23	4,278.16	3,856.32	2.04M	1.09%
2015年7月5日	4,106.56	4,218.27	4,218.27	3,537.83	2.91M	5.68%
2015年6月28日	3,885.92	4,446.84	4,526.13	3,785.90	2.37M	-10.38%
2015年6月21日	4,336.19	4,641.42	4,919.26	4,278.68	1.69M	-6.49%
2015年6月14日	4,637.05	5,354.01	5,362.45	4,634.69	2.01M	-13.08%
2015年6月7日	5,335.12	5,259.41	5,380.43	5,202.59	2.47M	2.00%
2015年5月31日	5,230.55	4,862.76	5,288.34	4,835.77	2.27M	8.05%
2015年5月24日	4,840.83	4,949.11	5,226.84	4,665.52	2.42M	-2.23%
2015年5月17日	4,951.34	4,582.06	4,951.99	4,565.06	1.71M	7.23%
2015年5月10日	4,617.47	4,582.09	4,758.00	4,535.15	1.79M	1.30%
2015年5月3日	4,558.40	4,757.64	4,795.91	4,445.59	1.81M	-4.03%
2015年4月26日	4,749.89	4,753.87	4,839.08	4,695.79	1.92M	1.00%
2015年4月19日	4,702.64	4,615.03	4,782.04	4,492.60	2.67M	2.32%
2015年4月12日	4,596.14	4,394.05	4,630.27	4,335.63	2.32M	5.79%
2015年4月5日	4,344.42	4,213.89	4,351.69	4,197.02	1.66M	4.17%
2015年3月29日	4,170.54	3,999.02	4,170.56	3,999.02	1.85M	5.01%
2015年3月22日	3,971.70	3,923.08	3,993.03	3,883.78	1.89M	2.03%
2015年3月15日	3,892.57	3,641.77	3,916.86	3,621.12	1.86M	7.60%
2015年3月8日	3,617.66	3,449.70	3,641.39	3,417.49	1.13M	4.00%
2015年3月1日	3,478.52	3,603.45	3,608.69	3,467.68	1.11M	-2.64%
2015年2月22日	3,572.84	3,529.55	3,594.81	3,456.87	617.65K	1.43%
2015年2月15日	3,522.32	3,473.29	3,536.82	3,466.61	330.97K	1.51%
2015年2月8日	3,469.83	3,305.73	3,509.51	3,298.60	833.45K	4.75%
2015年2月1日	3,312.42	3,360.19	3,487.95	3,285.93	1.02M	-3.55%
2015年1月25日	3,434.39	3,580.12	3,616.26	3,431.94	1.15M	-3.85%
2015年1月18日	3,571.73	3,414.01	3,627.81	3,325.68	1.51M	-1.74%
2015年1月11日	3,635.15	3,531.51	3,662.16	3,461.32	1.17M	2.49%
2015年1月4日	3,546.72	3,566.09	3,689.75	3,536.39	1.84M	0.37%
2014年12月28日	3,533.70	3,502.18	3,542.34	3,405.84	1.10M	2.55%
2014年12月21日	3,445.84	3,396.25	3,455.21	3,188.49	1.93M	1.85%
2014年12月14日	3,383.17	3,176.83	3,397.18	3,143.30	1.86M	5.95%
2014年12月7日	3,193.23	3,108.27	3,387.83	3,058.19	2.21M	2.19%
2014年11月30日	3,124.89	2,825.61	3,195.80	2,804.29	2.14M	11.25%
2014年11月23日	2,808.82	2,614.16	2,809.54	2,602.94	1.39M	8.72%
2014年11月16日	2,583.45	2,613.51	2,614.09	2,522.84	680.74K	0.09%
2014年11月9日	2,581.09	2,529.83	2,607.52	2,514.71	1.12M	3.15%
2014年11月2日	2,502.15	2,515.82	2,541.55	2,482.98	972.95K	-0.25%
2014年10月26日	2,508.32	2,377.54	2,512.19	2,361.68	762.77K	4.92%
2014年10月19日	2,390.71	2,448.45	2,459.26	2,385.72	454.80K	-2.09%
2014年10月12日	2,441.73	2,457.41	2,480.30	2,410.40	685.72K	-1.02%
2014年10月5日	2,466.79	2,460.87	2,488.11	2,445.27	407.51K	0.64%
2014年9月28日	2,450.99	2,443.91	2,454.89	2,435.61	239.21K	0.57%
2014年9月21日	2,437.20	2,419.33	2,462.67	2,374.11	567.95K	0.49%
2014年9月14日	2,425.21	2,433.00	2,442.92	2,379.09	652.00K	-0.54%
2014年9月7日	2,438.36	2,452.23	2,461.47	2,412.62	469.51K	-0.45%
2014年8月31日	2,449.26	2,340.93	2,450.63	2,338.53	566.32K	4.75%
2014年8月24日	2,338.29	2,367.02	2,367.61	2,309.64	392.60K	-1.14%
2014年8月17日	2,365.36	2,366.27	2,379.80	2,333.30	512.16K	0.20%
2014年8月10日	2,360.64	2,338.01	2,370.51	2,333.12	485.43K	1.27%
2014年8月3日	2,331.13	2,336.63	2,380.77	2,319.29	548.39K	0.07%
2014年7月27日	2,329.40	2,272.38	2,371.50	2,272.38	674.47K	3.05%
2014年7月20日	2,260.45	2,164.22	2,260.89	2,158.95	435.34K	4.45%
2014年7月13日	2,164.14	2,149.54	2,183.25	2,145.28	344.46K	0.75%
2014年7月6日	2,148.01	2,178.55	2,186.20	2,134.80	280.11K	-1.41%
2014年6月29日	2,178.70	2,152.31	2,184.96	2,152.31	283.86K	1.32%
2014年6月22日	2,150.26	2,137.93	2,159.53	2,126.03	216.08K	0.63%
2014年6月15日	2,136.73	2,176.44	2,196.34	2,119.50	258.25K	-1.82%
2014年6月8日	2,176.24	2,128.22	2,183.64	2,126.66	234.66K	1.94%
2014年6月1日	2,134.72	2,157.64	2,168.99	2,117.31	156.02K	-1.01%
2014年5月25日	2,156.46	2,161.89	2,178.09	2,142.01	214.32K	0.37%
2014年5月18日	2,148.41	2,139.36	2,160.91	2,096.51	203.02K	0.11%
2014年5月11日	2,145.95	2,150.31	2,185.05	2,132.19	285.89K	0.56%
2014年5月4日	2,133.91	2,152.59	2,173.62	2,120.59	239.55K	-1.15%
2014年4月27日	2,158.66	2,165.77	2,171.39	2,131.78	154.03K	-0.42%
2014年4月20日	2,167.83	2,209.94	2,231.71	2,165.07	266.44K	-2.55%
2014年4月13日	2,224.48	2,267.94	2,275.83	2,203.05	281.25K	-2.03%
2014年4月6日	2,270.67	2,179.92	2,290.74	2,178.91	368.74K	3.90%
2014年3月30日	2,185.47	2,156.05	2,196.14	2,134.42	288.84K	1.56%
2014年3月23日	2,151.97	2,161.90	2,191.49	2,144.58	391.01K	-0.32%
2014年3月16日	2,158.80	2,132.79	2,163.22	2,077.76	338.72K	1.69%
2014年3月9日	2,122.84	2,149.68	2,149.68	2,088.73	326.95K	-2.10%
2014年3月2日	2,168.36	2,173.91	2,194.22	2,136.45	349.83K	-0.49%
2014年2月23日	2,178.97	2,246.72	2,246.72	2,133.55	427.22K	-3.77%
2014年2月16日	2,264.29	2,308.79	2,331.70	2,250.65	457.04K	-1.36%
2014年2月9日	2,295.57	2,221.54	2,307.47	2,221.54	422.19K	3.76%
2014年2月2日	2,212.48	2,187.34	2,212.50	2,177.12	50.46K	0.46%
2014年1月26日	2,202.45	2,233.01	2,233.26	2,200.22	217.47K	-1.93%
2014年1月19日	2,245.68	2,173.65	2,257.36	2,156.46	269.02K	3.08%
2014年1月12日	2,178.49	2,207.00	2,227.26	2,175.88	255.71K	-1.20%
2014年1月5日	2,204.85	2,286.37	2,286.37	2,200.22	271.56K	-3.75%
2013年12月29日	2,290.78	2,313.38	2,333.07	2,280.89	210.02K	-0.55%
2013年12月22日	2,303.48	2,283.80	2,315.18	2,259.57	240.07K	1.11%
2013年12月15日	2,278.14	2,408.68	2,412.73	2,278.10	266.38K	-5.34%
2013年12月8日	2,406.64	2,460.03	2,468.95	2,386.25	293.83K	-1.86%
2013年12月1日	2,452.29	2,423.97	2,486.64	2,397.01	440.58K	0.55%
2013年11月24日	2,438.94	2,385.78	2,460.56	2,380.41	353.09K	1.71%
2013年11月17日	2,397.96	2,367.88	2,435.43	2,361.04	423.68K	2.01%
2013年11月10日	2,350.73	2,305.94	2,377.21	2,279.01	301.98K	1.85%
2013年11月3日	2,307.95	2,397.21	2,404.90	2,306.04	286.27K	-3.23%
2013年10月27日	2,384.96	2,372.57	2,408.62	2,327.90	407.59K	0.69%
2013年10月20日	2,368.56	2,431.91	2,474.37	2,353.99	408.79K	-2.37%
2013年10月13日	2,426.05	2,472.27	2,483.13	2,407.78	409.75K	-1.72%
2013年10月6日	2,468.51	2,406.41	2,471.16	2,392.57	344.78K	2.47%
2013年9月29日	2,409.04	2,406.20	2,415.07	2,397.22	59.51K	0.59%
2013年9月22日	2,394.97	2,441.52	2,473.16	2,379.86	420.71K	-1.54%
2013年9月15日	2,432.51	2,501.08	2,503.69	2,407.24	275.88K	-2.27%
2013年9月8日	2,488.90	2,374.26	2,527.38	2,372.69	727.61K	5.56%
2013年9月1日	2,357.78	2,319.96	2,361.18	2,297.45	375.08K	1.90%
2013年8月25日	2,313.91	2,294.76	2,345.36	2,288.50	379.36K	1.18%
2013年8月18日	2,286.93	2,286.20	2,353.41	2,251.92	324.88K	-0.75%
2013年8月11日	2,304.14	2,296.22	2,423.08	2,293.18	434.52K	0.79%
2013年8月4日	2,286.01	2,249.98	2,313.88	2,243.22	319.84K	1.72%
2013年7月28日	2,247.26	2,205.08	2,274.71	2,162.98	281.62K	1.05%
2013年7月21日	2,224.01	2,170.09	2,276.74	2,159.81	312.40K	1.53%
2013年7月14日	2,190.48	2,289.76	2,336.04	2,188.75	335.72K	-3.73%
2013年7月7日	2,275.37	2,194.42	2,351.22	2,149.79	372.95K	2.18%
2013年6月30日	2,226.85	2,187.09	2,252.03	2,166.35	319.80K	1.19%
2013年6月23日	2,200.64	2,308.07	2,308.07	2,023.17	428.27K	-5.04%
2013年6月16日	2,317.39	2,422.76	2,427.53	2,269.57	267.28K	-4.11%
2013年6月9日	2,416.77	2,448.72	2,448.72	2,375.20	125.70K	-2.71%
2013年6月2日	2,484.16	2,605.97	2,625.94	2,475.69	285.26K	-4.69%
2013年5月26日	2,606.43	2,593.52	2,661.23	2,585.90	360.34K	0.35%
2013年5月19日	2,597.23	2,597.15	2,630.07	2,572.88	377.60K	0.20%
2013年5月12日	2,592.05	2,542.41	2,598.71	2,479.87	305.81K	2.02%
2013年5月5日	2,540.84	2,502.98	2,562.01	2,500.45	283.52K	1.92%
2013年4月28日	2,492.91	2,434.60	2,521.12	2,423.08	109.35K	1.86%
2013年4月21日	2,447.31	2,525.11	2,539.05	2,439.80	293.90K	-3.41%
2013年4月14日	2,533.83	2,453.97	2,542.45	2,416.62	264.90K	2.91%
2013年4月7日	2,462.11	2,443.24	2,508.59	2,429.50	236.10K	-0.86%
2013年3月31日	2,483.55	2,486.43	2,524.46	2,474.93	148.59K	-0.46%
2013年3月24日	2,495.08	2,628.41	2,641.61	2,482.49	317.11K	-4.71%
2013年3月17日	2,618.31	2,526.08	2,626.54	2,491.85	330.25K	3.09%
2013年3月10日	2,539.87	2,600.28	2,619.51	2,504.46	308.29K	-2.57%
2013年3月3日	2,606.93	2,619.42	2,658.97	2,528.69	449.62K	-2.32%
2013年2月24日	2,668.84	2,607.15	2,680.85	2,564.67	356.66K	2.78%
2013年2月17日	2,596.60	2,784.07	2,787.74	2,584.76	387.95K	-6.32%
2013年2月3日	2,771.72	2,753.69	2,791.30	2,722.87	494.26K	1.04%
2013年1月27日	2,743.32	2,577.27	2,744.32	2,577.27	492.81K	6.67%
2013年1月20日	2,571.67	2,605.65	2,663.40	2,564.21	435.40K	-0.92%
2013年1月13日	2,595.44	2,474.18	2,607.45	2,474.00	433.57K	4.52%
2013年1月6日	2,483.23	2,518.05	2,553.35	2,473.70	362.56K	-1.63%
2012年12月30日	2,524.41	2,485.56	2,558.53	2,485.56	179.99K	1.79%
2012年12月23日	2,480.05	2,368.01	2,481.59	2,365.41	360.60K	4.56%
2012年12月16日	2,372.00	2,359.20	2,414.22	2,346.55	377.54K	0.69%
2012年12月9日	2,355.86	2,254.91	2,357.11	2,242.56	322.69K	4.86%
2012年12月2日	2,246.76	2,136.70	2,250.53	2,102.14	283.65K	5.01%
2012年11月25日	2,139.66	2,187.24	2,191.36	2,109.96	152.78K	-2.42%
2012年11月18日	2,192.68	2,175.18	2,202.47	2,149.54	133.02K	0.71%
2012年11月11日	2,177.24	2,242.96	2,254.70	2,162.98	154.13K	-2.84%
2012年11月4日	2,240.92	2,302.74	2,318.23	2,235.23	177.79K	-2.85%
2012年10月28日	2,306.77	2,241.80	2,309.67	2,227.65	189.43K	2.62%
2012年10月21日	2,247.91	2,320.47	2,347.89	2,237.06	194.38K	-3.63%
2012年10月14日	2,332.47	2,306.01	2,342.53	2,278.46	180.60K	1.21%
2012年10月7日	2,304.53	2,291.96	2,332.15	2,258.11	208.94K	0.50%
2012年9月23日	2,293.11	2,183.97	2,297.03	2,172.88	203.73K	4.28%
2012年9月16日	2,199.06	2,312.05	2,314.99	2,186.53	197.23K	-5.03%
2012年9月9日	2,315.54	2,320.56	2,337.20	2,294.82	264.84K	-0.07%
2012年9月2日	2,317.18	2,201.12	2,341.52	2,186.96	234.38K	5.09%
2012年8月26日	2,204.87	2,268.49	2,268.49	2,188.72	161.63K	-3.11%
2012年8月19日	2,275.68	2,294.90	2,327.38	2,274.57	157.21K	-1.63%
2012年8月12日	2,313.48	2,394.50	2,394.50	2,295.16	167.18K	-3.59%
2012年8月5日	2,399.75	2,350.12	2,413.42	2,348.12	188.28K	1.95%
2012年7月29日	2,353.74	2,350.78	2,371.12	2,325.61	155.29K	0.20%
2012年7月22日	2,349.11	2,379.89	2,392.35	2,341.29	150.00K	-2.06%
2012年7月15日	2,398.45	2,452.59	2,452.59	2,373.65	202.52K	-2.13%
2012年7月8日	2,450.63	2,455.89	2,470.20	2,402.15	215.84K	-0.89%
2012年7月1日	2,472.61	2,473.55	2,490.55	2,420.00	197.99K	0.45%
2012年6月24日	2,461.61	2,501.16	2,501.16	2,417.49	170.39K	-2.01%
2012年6月17日	2,512.18	2,576.63	2,593.22	2,502.42	133.64K	-2.18%
2012年6月10日	2,568.05	2,529.60	2,584.71	2,523.77	206.08K	1.73%
2012年6月3日	2,524.33	2,598.73	2,608.32	2,520.41	202.81K	-4.13%
2012年5月27日	2,633.00	2,562.60	2,658.26	2,545.34	268.63K	2.33%
2012年5月20日	2,573.10	2,572.37	2,635.78	2,563.97	207.21K	-0.03%
2012年5月13日	2,573.98	2,653.81	2,656.28	2,567.30	228.28K	-2.39%
2012年5月6日	2,636.92	2,699.45	2,717.82	2,636.52	278.03K	-2.91%
2012年4月29日	2,715.88	2,660.67	2,716.03	2,643.53	202.73K	3.42%
2012年4月22日	2,626.16	2,624.75	2,643.77	2,559.46	299.47K	-0.03%
2012年4月15日	2,626.84	2,564.23	2,627.38	2,541.53	245.24K	1.80%
2012年4月8日	2,580.45	2,510.53	2,593.79	2,459.35	228.80K	2.41%
2012年4月1日	2,519.83	2,449.21	2,525.53	2,441.27	96.70K	2.64%
2012年3月25日	2,454.90	2,551.43	2,571.90	2,429.73	200.93K	-3.84%
2012年3月18日	2,552.94	2,617.66	2,631.05	2,544.53	262.02K	-2.69%
2012年3月11日	2,623.52	2,663.24	2,705.75	2,575.44	359.82K	-1.53%
2012年3月4日	2,664.30	2,687.74	2,694.61	2,594.13	303.60K	-0.58%
2012年2月26日	2,679.93	2,658.12	2,693.84	2,621.86	344.50K	1.21%
2012年2月19日	2,648.02	2,571.91	2,648.02	2,520.79	336.80K	4.37%
2012年2月12日	2,537.09	2,504.41	2,562.07	2,496.30	243.82K	0.14%
2012年2月5日	2,533.62	2,511.17	2,560.03	2,441.70	261.82K	1.10%
2012年1月29日	2,506.09	2,508.88	2,514.64	2,423.45	201.25K	0.08%
2012年1月15日	2,504.09	2,376.95	2,510.34	2,329.25	268.77K	4.58%
2012年1月8日	2,394.33	2,291.18	2,464.38	2,271.72	287.22K	4.53%
2012年1月1日	2,290.60	2,361.50	2,365.99	2,254.57	112.56K	-2.35%
2011年12月25日	2,345.74	2,345.55	2,369.82	2,267.11	157.14K	-0.57%
2011年12月18日	2,359.16	2,370.42	2,412.57	2,294.61	171.37K	-1.30%
2011年12月11日	2,390.13	2,497.92	2,502.05	2,332.14	155.99K	-4.53%
2011年12月4日	2,503.46	2,561.20	2,561.20	2,494.69	133.43K	-2.11%
2011年11月27日	2,557.31	2,578.34	2,630.66	2,507.18	193.75K	-0.49%
2011年11月20日	2,569.97	2,608.56	2,617.09	2,557.70	139.81K	-1.40%
2011年11月13日	2,606.49	2,717.54	2,754.00	2,601.18	221.76K	-3.28%
2011年11月6日	2,695.00	2,750.99	2,769.30	2,685.10	227.95K	-2.49%
2011年10月30日	2,763.75	2,704.53	2,781.99	2,653.72	316.76K	2.02%
2011年10月23日	2,709.02	2,517.06	2,729.14	2,501.96	297.87K	8.02%
2011年10月16日	2,507.88	2,658.95	2,687.10	2,500.49	176.33K	-5.50%
2011年10月9日	2,653.78	2,588.35	2,672.91	2,523.34	238.06K	2.81%
2011年9月25日	2,581.35	2,645.24	2,679.56	2,572.19	177.51K	-3.30%
2011年9月18日	2,669.48	2,718.32	2,778.35	2,631.43	200.58K	-2.36%
2011年9月11日	2,733.99	2,712.44	2,755.89	2,677.13	115.87K	-0.62%
2011年9月4日	2,751.09	2,780.83	2,796.35	2,711.07	148.90K	-1.88%
2011年8月28日	2,803.85	2,875.78	2,901.73	2,790.77	178.95K	-3.36%
2011年8月21日	2,901.22	2,809.33	2,907.40	2,768.42	219.95K	3.33%
2011年8月14日	2,807.66	2,883.17	2,932.14	2,782.56	234.05K	-2.35%
2011年8月7日	2,875.36	2,864.51	2,894.22	2,697.06	316.22K	-0.76%
2011年7月31日	2,897.42	2,969.11	2,991.05	2,868.16	193.84K	-2.51%
2011年7月24日	2,972.08	3,050.90	3,050.90	2,948.08	253.52K	-3.13%
2011年7月17日	3,067.99	3,131.80	3,137.92	3,058.26	239.54K	-1.95%
2011年7月10日	3,128.89	3,097.87	3,130.78	3,054.80	281.01K	0.63%
2011年7月3日	3,109.18	3,064.93	3,140.10	3,064.93	332.88K	1.95%
2011年6月26日	3,049.74	3,028.50	3,071.21	2,999.95	294.13K	0.74%
2011年6月19日	3,027.47	2,888.93	3,047.94	2,862.41	248.75K	4.68%
2011年6月12日	2,892.16	2,940.39	3,000.53	2,891.01	221.04K	-2.36%
2011年6月5日	2,961.93	2,977.68	3,012.81	2,925.87	169.46K	-0.82%
2011年5月29日	2,986.35	2,956.57	3,006.56	2,923.02	204.47K	0.78%
2011年5月22日	2,963.31	3,115.31	3,115.31	2,962.07	216.58K	-5.07%
2011年5月15日	3,121.60	3,120.44	3,154.93	3,076.95	217.62K	-0.21%
2011年5月8日	3,128.09	3,126.26	3,164.65	3,080.19	230.35K	0.21%
2011年5月1日	3,121.40	3,192.84	3,212.05	3,083.91	229.64K	-2.23%
2011年4月24日	3,192.72	3,292.48	3,292.48	3,147.14	314.70K	-3.25%
2011年4月17日	3,299.94	3,346.15	3,372.90	3,281.83	384.44K	-1.76%
2011年4月10日	3,358.94	3,363.37	3,380.53	3,296.51	460.88K	0.17%
2011年4月3日	3,353.36	3,269.19	3,353.89	3,268.76	264.44K	2.46%
2011年3月27日	3,272.73	3,307.41	3,328.07	3,210.17	408.90K	-0.66%
2011年3月20日	3,294.48	3,220.68	3,304.26	3,175.93	336.63K	2.45%
2011年3月13日	3,215.68	3,238.91	3,263.91	3,147.96	385.61K	-0.98%
2011年3月6日	3,247.38	3,287.41	3,355.49	3,240.18	426.51K	-0.71%
2011年2月27日	3,270.67	3,200.68	3,273.66	3,178.83	427.34K	2.28%
2011年2月20日	3,197.62	3,192.15	3,269.05	3,145.99	386.70K	-0.44%
2011年2月13日	3,211.88	3,123.25	3,265.26	3,123.25	486.53K	2.91%
2011年2月6日	3,120.96	3,055.40	3,133.50	3,024.35	202.97K	1.42%
2011年1月30日	3,077.28	3,035.42	3,087.22	3,032.45	116.97K	1.33%
2011年1月23日	3,036.74	2,986.09	3,047.27	2,919.16	303.43K	1.79%
2011年1月16日	2,983.46	3,067.43	3,078.88	2,935.14	300.50K	-3.51%
2011年1月9日	3,091.86	3,162.09	3,182.78	3,083.51	286.27K	-2.36%
2011年1月2日	3,166.62	3,155.56	3,209.90	3,141.12	308.45K	1.23%
2010年12月26日	3,128.26	3,176.11	3,219.66	3,025.22	288.38K	-1.10%
2010年12月19日	3,162.95	3,239.02	3,263.45	3,118.00	341.00K	-1.94%
2010年12月12日	3,225.66	3,176.34	3,282.77	3,173.56	353.81K	2.01%
2010年12月5日	3,161.98	3,168.88	3,215.28	3,101.08	297.62K	0.12%
2010年11月28日	3,158.16	3,183.54	3,206.76	3,060.44	305.14K	-1.15%
2010年11月21日	3,194.85	3,148.22	3,227.05	3,061.62	383.86K	0.50%
2010年11月14日	3,178.85	3,298.74	3,319.98	3,076.21	442.93K	-3.43%
2010年11月7日	3,291.83	3,534.19	3,557.99	3,284.35	668.72K	-6.50%
2010年10月31日	3,520.80	3,390.41	3,554.47	3,390.41	662.03K	4.17%
2010年10月24日	3,379.98	3,386.85	3,499.82	3,351.60	610.64K	0.04%
2010年10月17日	3,378.66	3,345.80	3,439.22	3,280.00	755.10K	1.53%
2010年10月10日	3,327.68	3,069.19	3,327.68	3,069.19	803.73K	9.31%
2010年10月3日	3,044.23	2,965.65	3,055.84	2,963.24	100.00K	3.70%
2010年9月26日	2,935.57	2,869.93	2,935.59	2,857.42	227.52K	2.73%
2010年9月19日	2,857.48	2,865.04	2,872.22	2,829.76	86.04K	-0.14%
2010年9月12日	2,861.37	2,933.59	2,984.47	2,834.03	335.02K	-2.43%
2010年9月5日	2,932.55	2,935.89	2,991.43	2,890.03	386.73K	0.42%
2010年8月29日	2,920.20	2,874.25	2,931.76	2,859.17	351.83K	2.16%
2010年8月22日	2,858.57	2,895.71	2,933.12	2,833.42	263.08K	-1.37%
2010年8月15日	2,898.33	2,851.22	2,975.19	2,843.02	376.86K	1.50%
2010年8月8日	2,855.55	2,894.10	2,925.30	2,799.22	326.54K	-1.45%
2010年8月1日	2,897.66	2,868.28	2,929.61	2,818.25	366.88K	1.00%
2010年7月25日	2,868.85	2,798.76	2,888.60	2,775.78	341.91K	2.71%
2010年7月18日	2,793.08	2,592.09	2,806.98	2,585.01	323.34K	6.76%
2010年7月11日	2,616.13	2,647.42	2,689.81	2,573.79	223.88K	-1.17%
2010年7月4日	2,647.10	2,507.35	2,662.16	2,476.49	200.17K	4.46%
2010年6月27日	2,534.11	2,734.51	2,751.45	2,462.20	189.94K	-7.39%
2010年6月20日	2,736.29	2,698.98	2,795.32	2,686.32	189.85K	1.49%
2010年6月13日	2,696.17	2,778.53	2,784.92	2,686.61	74.42K	-2.27%
2010年6月6日	2,758.87	2,692.83	2,787.82	2,672.06	218.36K	0.53%
2010年5月30日	2,744.39	2,835.33	2,857.42	2,700.07	202.99K	-3.72%
2010年5月23日	2,850.30	2,787.75	2,893.69	2,771.59	274.51K	2.94%
2010年5月16日	2,768.79	2,828.88	2,828.88	2,647.60	248.90K	-3.46%
2010年5月9日	2,868.02	2,842.37	2,922.12	2,756.42	259.22K	1.10%
2010年5月2日	2,836.79	3,005.49	3,056.08	2,817.15	220.81K	-7.52%
2010年4月25日	3,067.36	3,195.46	3,207.72	3,014.07	264.93K	-3.84%
2010年4月18日	3,190.00	3,313.50	3,313.50	3,130.96	351.82K	-4.96%
2010年4月11日	3,356.33	3,388.36	3,412.94	3,324.05	322.97K	-0.68%
2010年4月4日	3,379.17	3,422.85	3,436.29	3,336.16	232.67K	-0.83%
2010年3月28日	3,407.35	3,295.76	3,412.20	3,293.67	331.13K	4.04%
2010年3月21日	3,275.00	3,297.82	3,313.92	3,220.59	232.96K	-0.57%
2010年3月14日	3,293.87	3,231.22	3,296.41	3,169.10	207.50K	1.88%
2010年3月7日	3,233.13	3,268.40	3,322.51	3,232.12	229.61K	-0.82%
2010年2月28日	3,259.76	3,290.01	3,345.91	3,239.68	293.14K	-0.67%
2010年2月21日	3,281.67	3,248.95	3,301.15	3,152.93	250.71K	0.93%
2010年2月7日	3,251.28	3,152.25	3,253.20	3,133.81	177.38K	3.11%
2010年1月31日	3,153.09	3,198.23	3,242.52	3,094.57	290.01K	-1.59%
2010年1月24日	3,204.16	3,340.01	3,372.43	3,168.46	268.55K	-4.81%
2010年1月17日	3,366.20	3,471.78	3,528.39	3,293.19	409.76K	-3.35%
2010年1月10日	3,482.74	3,593.11	3,594.53	3,411.81	452.08K	0.08%
2010年1月3日	3,480.13	3,592.47	3,597.75	3,426.70	371.52K	-2.67%
2009年12月27日	3,575.68	3,432.82	3,579.52	3,432.82	268.58K	4.41%
2009年12月20日	3,424.78	3,386.33	3,445.70	3,296.29	261.63K	0.97%
2009年12月13日	3,391.74	3,572.53	3,623.27	3,385.68	339.33K	-5.13%
2009年12月6日	3,575.02	3,644.62	3,672.80	3,543.42	354.80K	-1.88%
2009年11月29日	3,643.49	3,415.08	3,646.26	3,415.08	508.10K	7.72%
2009年11月22日	3,382.51	3,636.53	3,698.13	3,367.29	573.34K	-6.84%
2009年11月15日	3,631.01	3,541.05	3,658.21	3,541.05	499.47K	3.19%
2009年11月8日	3,518.72	3,487.11	3,532.19	3,445.36	406.15K	1.02%
2009年11月1日	3,483.02	3,205.84	3,506.03	3,198.31	424.68K	6.18%
2009年10月25日	3,280.37	3,421.70	3,432.89	3,239.01	327.20K	-3.89%
2009年10月18日	3,413.25	3,238.85	3,436.39	3,231.81	398.26K	5.29%
2009年10月11日	3,241.71	3,181.58	3,287.63	3,140.50	306.85K	2.47%
2009年10月4日	3,163.71	3,078.75	3,164.03	3,071.27	56.87K	5.29%
2009年9月27日	3,004.80	3,066.37	3,088.08	2,923.93	130.04K	-1.76%
2009年9月20日	3,058.53	3,163.51	3,237.22	2,989.24	323.21K	-4.41%
2009年9月13日	3,199.69	3,248.35	3,330.43	3,170.96	454.55K	-1.19%
2009年9月6日	3,238.13	3,097.79	3,253.45	3,047.30	405.20K	5.23%
2009年8月30日	3,077.14	3,003.54	3,099.39	2,795.49	396.04K	1.00%
2009年8月23日	3,046.78	3,222.40	3,241.52	3,019.12	424.12K	-4.90%
2009年8月16日	3,203.62	3,283.44	3,319.80	2,982.22	416.81K	-4.21%
2009年8月9日	3,344.46	3,589.72	3,613.46	3,334.73	417.23K	-5.92%
2009年8月2日	3,555.09	3,754.22	3,803.06	3,539.70	629.57K	-4.81%
2009年7月26日	3,734.62	3,680.15	3,765.59	3,453.64	719.69K	1.83%
2009年7月19日	3,667.56	3,532.52	3,687.49	3,515.53	626.67K	4.20%
2009年7月12日	3,519.81	3,382.57	3,543.02	3,358.52	576.49K	3.58%
2009年7月5日	3,398.31	3,333.10	3,428.03	3,261.32	597.99K	2.14%
2009年6月28日	3,327.14	3,132.11	3,327.67	3,122.16	487.45K	6.35%
2009年6月21日	3,128.42	3,106.39	3,141.17	3,028.45	478.19K	1.57%
2009年6月14日	3,080.00	2,911.42	3,086.72	2,898.07	420.62K	5.98%
2009年6月7日	2,906.29	2,937.64	3,000.86	2,883.32	457.08K	-1.12%
2009年5月31日	2,939.31	2,798.93	2,975.18	2,798.93	567.58K	6.51%
2009年5月24日	2,759.71	2,684.21	2,768.57	2,675.28	214.39K	0.69%
2009年5月17日	2,740.68	2,782.59	2,849.64	2,719.12	407.51K	-1.98%
2009年5月10日	2,796.12	2,808.14	2,839.61	2,699.95	468.74K	0.25%
2009年5月3日	2,789.22	2,635.13	2,800.22	2,632.30	539.86K	6.34%
2009年4月26日	2,622.93	2,566.92	2,640.02	2,485.80	299.00K	1.94%
2009年4月19日	2,572.89	2,643.73	2,713.30	2,543.91	482.38K	-2.94%
2009年4月12日	2,650.69	2,621.98	2,706.62	2,619.37	595.43K	2.13%
2009年4月5日	2,595.53	2,570.62	2,597.06	2,457.42	364.15K	0.97%
2009年3月29日	2,570.50	2,501.31	2,612.37	2,423.57	574.72K	2.86%
2009年3月22日	2,498.93	2,384.67	2,516.38	2,375.52	572.74K	5.00%
2009年3月15日	2,379.84	2,197.25	2,397.21	2,180.05	450.34K	7.91%
2009年3月8日	2,205.42	2,302.01	2,333.98	2,156.60	323.84K	-3.55%
2009年3月1日	2,286.58	2,123.37	2,340.37	2,100.64	457.62K	6.83%
2009年2月22日	2,140.49	2,333.81	2,419.53	2,117.06	533.64K	-8.69%
2009年2月15日	2,344.32	2,421.19	2,470.62	2,259.59	586.27K	-2.28%
2009年2月8日	2,399.07	2,271.59	2,402.44	2,248.48	653.63K	7.23%
2009年2月1日	2,237.28	2,052.44	2,240.02	2,029.72	461.75K	10.07%
2009年1月18日	2,032.68	2,010.58	2,054.33	1,986.06	315.69K	2.13%
2009年1月11日	1,990.21	1,911.74	2,026.65	1,873.63	338.82K	3.74%
2009年1月4日	1,918.37	1,848.33	1,959.25	1,837.84	279.72K	5.54%
2008年12月28日	1,817.72	1,852.41	1,867.41	1,813.73	109.20K	-2.38%
2008年12月21日	1,862.10	2,050.77	2,055.37	1,848.71	235.22K	-9.26%
2008年12月14日	2,052.11	1,991.55	2,075.38	1,919.87	278.80K	4.68%
2008年12月7日	1,960.38	2,040.47	2,107.60	1,936.28	424.33K	-2.62%
2008年11月30日	2,013.17	1,823.77	2,046.47	1,799.84	388.30K	10.01%
2008年11月23日	1,829.92	1,913.99	1,969.02	1,801.56	278.54K	-4.73%
2008年11月16日	1,920.73	1,934.74	1,994.82	1,823.27	433.47K	-1.18%
2008年11月9日	1,943.65	1,714.12	1,943.65	1,714.12	348.51K	15.84%
2008年11月2日	1,677.83	1,648.56	1,714.66	1,606.73	156.21K	0.85%
2008年10月26日	1,663.66	1,746.67	1,746.67	1,607.67	191.70K	-6.62%
2008年10月19日	1,781.60	1,828.41	1,928.19	1,769.11	173.89K	-2.82%
2008年10月12日	1,833.26	1,889.75	2,060.49	1,805.67	199.01K	-3.86%
2008年10月5日	1,906.96	2,206.56	2,206.56	1,881.67	198.25K	-15.01%
2008年9月21日	2,243.66	2,228.37	2,258.42	2,050.97	359.36K	8.23%
2008年9月14日	2,073.11	2,050.32	2,073.11	1,804.77	150.77K	-0.23%
2008年9月7日	2,077.85	2,189.82	2,198.76	2,066.44	103.24K	-4.84%
2008年8月31日	2,183.43	2,372.64	2,372.64	2,172.94	103.98K	-8.71%
2008年8月24日	2,391.64	2,408.03	2,439.91	2,291.35	115.53K	-0.55%
2008年8月17日	2,404.93	2,451.31	2,535.86	2,273.89	151.96K	-1.74%
2008年8月10日	2,447.61	2,579.80	2,580.72	2,369.58	124.44K	-5.55%
2008年8月3日	2,591.46	2,816.94	2,832.89	2,581.81	134.92K	-8.78%
2008年7月27日	2,840.79	2,959.11	2,997.60	2,748.76	167.13K	-3.35%
2008年7月20日	2,939.20	2,792.83	2,979.75	2,780.28	211.87K	4.40%
2008年7月13日	2,815.46	2,927.24	2,997.67	2,690.07	194.16K	-4.67%
2008年7月6日	2,953.50	2,747.61	3,056.91	2,747.61	282.27K	7.72%
2008年6月29日	2,741.85	2,782.84	2,834.27	2,617.26	165.63K	-2.63%
2008年6月22日	2,816.02	2,798.43	3,010.28	2,770.99	184.33K	-1.18%
2008年6月15日	2,849.67	2,981.09	3,012.99	2,691.87	183.83K	-4.35%
2008年6月8日	2,979.12	3,344.45	3,352.32	2,975.66	119.13K	-14.63%
2008年6月1日	3,489.50	3,600.23	3,650.48	3,470.56	137.34K	-3.37%
2008年5月25日	3,611.33	3,643.01	3,698.00	3,533.47	141.99K	-1.74%
2008年5月18日	3,675.15	3,926.31	3,946.44	3,591.57	187.19K	-6.63%
2008年5月11日	3,936.12	3,804.99	4,038.85	3,766.58	236.82K	1.47%
2008年5月4日	3,878.92	4,015.21	4,075.57	3,761.28	273.16K	-2.03%
2008年4月27日	3,959.12	3,740.95	3,970.57	3,702.02	163.28K	4.10%
2008年4月20日	3,803.07	3,516.43	3,915.84	3,122.39	299.56K	16.21%
2008年4月13日	3,272.50	3,699.14	3,710.79	3,248.53	148.03K	-13.51%
2008年4月6日	3,783.73	3,611.96	3,935.33	3,578.38	178.68K	3.64%
2008年3月30日	3,650.70	3,802.21	3,891.66	3,457.62	140.50K	-6.83%
2008年3月23日	3,918.16	4,086.07	4,103.57	3,661.38	170.22K	-2.96%
2008年3月16日	4,037.83	4,138.88	4,138.88	3,658.04	189.43K	-2.89%
2008年3月9日	4,157.87	4,588.73	4,588.77	4,092.79	143.08K	-10.04%
2008年3月2日	4,621.69	4,648.73	4,836.66	4,519.74	196.90K	-1.13%
2008年2月24日	4,674.55	4,704.32	4,722.64	4,394.59	145.27K	-0.59%
2008年2月17日	4,702.24	4,875.22	5,062.26	4,649.81	177.65K	-2.31%
2008年2月10日	4,813.31	4,858.81	4,913.32	4,742.10	65.58K	-2.20%
2008年2月3日	4,921.83	4,695.55	4,995.57	4,695.55	73.75K	7.65%
2008年1月27日	4,571.94	5,038.51	5,038.51	4,414.12	170.57K	-9.96%
2008年1月20日	5,077.43	5,424.64	5,434.35	4,708.39	268.13K	-6.22%
2008年1月13日	5,414.47	5,717.52	5,756.92	5,226.64	262.36K	-5.00%
2008年1月6日	5,699.15	5,480.44	5,707.67	5,455.50	285.58K	3.93%
2007年12月30日	5,483.65	5,349.76	5,499.09	5,283.45	162.06K	2.72%
2007年12月23日	5,338.27	5,142.16	5,391.66	5,129.60	228.47K	4.63%
2007年12月16日	5,101.85	4,976.24	5,103.77	4,799.00	160.62K	2.50%
2007年12月9日	4,977.65	4,961.67	5,181.41	4,800.24	190.74K	-1.26%
2007年12月2日	5,041.35	4,714.92	5,041.78	4,689.52	127.58K	6.42%
2007年11月25日	4,737.41	4,931.60	4,954.18	4,619.51	133.25K	-2.45%
2007年11月18日	4,856.16	5,017.40	5,135.25	4,711.79	132.57K	-3.03%
2007年11月11日	5,007.66	4,916.82	5,170.97	4,795.43	165.58K	-0.65%
2007年11月4日	5,040.52	5,438.81	5,494.62	4,962.30	161.45K	-7.90%
2007年10月28日	5,472.93	5,428.68	5,702.21	5,428.68	214.66K	1.45%
2007年10月21日	5,394.81	5,543.79	5,644.97	5,266.37	209.14K	-3.91%
2007年10月14日	5,614.06	5,761.87	5,891.72	5,563.78	271.31K	-2.15%
2007年10月7日	5,737.22	5,703.28	5,796.28	5,485.56	327.22K	2.80%
2007年9月23日	5,580.81	5,481.38	5,590.85	5,338.04	220.96K	2.06%
2007年9月16日	5,468.10	5,389.50	5,533.53	5,357.50	314.72K	1.31%
2007年9月9日	5,397.28	5,226.74	5,414.00	5,059.46	315.52K	1.94%
2007年9月2日	5,294.80	5,335.05	5,448.84	5,265.06	378.04K	-0.04%
2007年8月26日	5,296.81	5,250.62	5,307.42	5,136.61	364.71K	1.52%
2007年8月19日	5,217.58	4,749.20	5,231.15	4,747.27	358.10K	12.77%
2007年8月12日	4,626.58	4,724.52	4,836.59	4,616.97	337.63K	-2.12%
2007年8月5日	4,726.68	4,642.78	4,779.14	4,579.40	395.99K	2.79%
2007年7月29日	4,598.38	4,305.18	4,599.25	4,271.06	367.26K	6.76%
2007年7月22日	4,307.14	4,009.06	4,325.93	4,009.06	356.48K	8.44%
2007年7月15日	3,971.88	3,824.91	3,971.89	3,650.25	193.99K	3.97%
2007年7月8日	3,820.12	3,743.87	3,852.93	3,722.23	197.87K	2.96%
2007年7月1日	3,710.28	3,746.18	3,848.08	3,475.27	228.98K	-1.43%
2007年6月24日	3,764.08	4,066.45	4,105.99	3,718.16	319.99K	-7.09%
2007年6月17日	4,051.43	4,178.76	4,292.20	3,970.35	409.57K	-1.17%
2007年6月10日	4,099.38	3,876.07	4,146.52	3,834.02	455.21K	6.81%
2007年6月3日	3,837.87	3,804.96	3,861.21	3,246.73	483.52K	0.89%
2007年5月27日	3,803.95	4,033.92	4,168.53	3,683.56	606.06K	-4.55%
2007年5月20日	3,985.25	3,650.80	3,996.85	3,643.08	515.85K	5.52%
2007年5月13日	3,776.63	3,648.27	3,805.21	3,557.20	443.58K	2.00%
2007年5月6日	3,702.61	3,643.81	3,742.23	3,556.61	451.82K	4.04%
2007年4月29日	3,558.71	3,487.36	3,568.68	3,478.93	94.30K	2.54%
2007年4月22日	3,470.52	3,330.80	3,503.89	3,330.80	484.88K	5.51%
2007年4月15日	3,289.28	3,177.30	3,311.98	3,065.28	504.40K	3.79%
2007年4月8日	3,169.23	2,988.38	3,211.61	2,988.38	486.65K	6.64%
2007年4月1日	2,972.01	2,793.96	2,977.46	2,793.96	375.01K	6.84%
2007年3月25日	2,781.78	2,725.40	2,830.08	2,689.11	438.53K	2.41%
2007年3月18日	2,716.27	2,533.71	2,740.28	2,523.30	357.07K	4.30%
2007年3月11日	2,604.23	2,612.96	2,665.39	2,546.65	336.32K	-0.27%
2007年3月4日	2,611.39	2,503.82	2,643.81	2,409.72	306.67K	4.09%
2007年2月25日	2,508.73	2,679.26	2,719.52	2,413.33	405.20K	-6.28%
2007年2月11日	2,676.74	2,397.85	2,717.57	2,396.79	316.84K	11.66%
2007年2月4日	2,397.24	2,282.77	2,417.64	2,198.90	302.88K	4.32%
2007年1月28日	2,298.00	2,529.94	2,599.45	2,293.28	369.03K	-8.55%
2007年1月21日	2,512.92	2,424.82	2,556.10	2,356.98	440.37K	4.88%
2007年1月14日	2,396.09	2,170.94	2,396.09	2,170.94	393.77K	10.23%
2007年1月7日	2,173.75	2,072.01	2,289.95	2,071.72	414.05K	4.87%
2006年12月31日	2,072.88	2,073.25	2,139.49	2,030.76	199.46K	1.56%
2006年12月24日	2,041.05	1,898.82	2,052.86	1,898.82	306.27K	7.67%
2006年12月17日	1,895.64	1,875.01	1,945.47	1,875.01	292.49K	1.50%
2006年12月10日	1,867.64	1,705.91	1,867.78	1,705.91	253.79K	9.12%
2006年12月3日	1,711.58	1,731.90	1,820.72	1,710.00	366.66K	-1.02%
2006年11月26日	1,729.22	1,632.66	1,741.80	1,604.82	256.24K	5.66%
2006年11月19日	1,636.58	1,567.34	1,642.81	1,567.34	260.15K	4.77%
2006年11月12日	1,562.08	1,498.06	1,562.24	1,453.26	220.76K	3.86%
2006年11月5日	1,504.06	1,477.44	1,535.20	1,472.00	201.75K	1.06%
2006年10月29日	1,488.29	1,436.66	1,497.47	1,428.33	192.94K	3.42%
2006年10月22日	1,439.05	1,439.54	1,460.45	1,403.01	163.19K	-0.08%
2006年10月15日	1,440.18	1,432.31	1,447.95	1,410.67	127.39K	0.65%
2006年10月8日	1,430.88	1,420.36	1,443.50	1,418.21	175.46K	1.97%
2006年9月24日	1,403.27	1,372.81	1,405.56	1,351.18	110.72K	2.07%
2006年9月17日	1,374.85	1,367.64	1,393.53	1,362.14	135.91K	0.92%
2006年9月10日	1,362.32	1,331.89	1,362.40	1,319.21	139.34K	2.26%
2006年9月3日	1,332.15	1,315.71	1,348.28	1,315.61	110.23K	1.07%
2006年8月27日	1,318.10	1,298.46	1,349.20	1,298.36	127.31K	1.75%
2006年8月20日	1,295.44	1,235.43	1,301.75	1,229.16	85.00K	2.17%
2006年8月13日	1,267.87	1,275.14	1,283.57	1,239.90	80.99K	-0.61%
2006年8月6日	1,275.65	1,233.49	1,277.97	1,221.99	75.23K	2.72%
2006年7月30日	1,241.91	1,338.04	1,338.04	1,239.38	86.43K	-7.42%
2006年7月23日	1,341.39	1,340.28	1,380.80	1,327.66	107.00K	-1.08%
2006年7月16日	1,356.03	1,354.14	1,373.59	1,329.18	111.00K	-0.08%
2006年7月9日	1,357.13	1,410.50	1,430.94	1,327.59	174.07K	-3.78%
2006年7月2日	1,410.43	1,398.74	1,426.40	1,377.22	180.53K	1.18%
2006年6月25日	1,393.96	1,341.61	1,408.79	1,341.61	162.68K	4.07%
2006年6月18日	1,339.45	1,306.26	1,347.00	1,294.90	142.57K	1.63%
2006年6月11日	1,318.01	1,283.83	1,318.02	1,269.52	133.31K	1.84%
2006年6月4日	1,294.18	1,391.46	1,413.11	1,286.90	237.06K	-6.90%
2006年5月28日	1,390.12	1,339.90	1,411.78	1,330.63	254.18K	4.44%
2006年5月21日	1,331.02	1,366.32	1,387.57	1,277.33	244.74K	-2.57%
2006年5月14日	1,366.10	1,312.14	1,387.40	1,301.11	334.20K	5.39%
2006年5月7日	1,296.26	1,179.58	1,296.38	1,179.58	272.63K	10.57%
2006年4月23日	1,172.35	1,156.91	1,173.88	1,123.10	199.15K	2.02%
2006年4月16日	1,149.16	1,120.19	1,152.89	1,114.53	181.00K	2.73%
2006年4月9日	1,118.61	1,104.32	1,126.09	1,091.67	165.36K	1.40%
2006年4月2日	1,103.15	1,061.96	1,109.68	1,061.96	160.55K	3.96%
2006年3月26日	1,061.09	1,042.63	1,074.04	1,037.08	114.22K	1.77%
2006年3月19日	1,042.60	1,024.50	1,051.76	1,019.65	93.68K	1.81%
2006年3月12日	1,024.02	1,008.80	1,029.81	1,008.51	67.74K	1.50%
2006年3月5日	1,008.90	1,041.66	1,044.42	999.93	79.29K	-3.15%
2006年2月26日	1,041.68	1,055.95	1,057.69	1,029.56	107.73K	-0.74%
2006年2月19日	1,049.44	1,020.74	1,049.69	1,014.66	107.34K	2.85%
2006年2月12日	1,020.37	1,034.38	1,048.34	1,015.99	112.69K	-1.16%
2006年2月5日	1,032.34	1,013.42	1,038.50	1,012.81	130.85K	2.25%
2006年1月22日	1,009.60	993.74	1,009.65	989.34	68.55K	1.64%
2006年1月15日	993.34	977.89	994.50	952.23	109.77K	1.48%
2006年1月8日	978.81	971.09	988.11	963.39	117.77K	0.91%
2006年1月1日	970.03	926.56	975.63	926.41	78.73K	5.04%
2005年12月25日	923.45	916.67	934.00	915.12	72.38K	0.83%
2005年12月18日	915.89	902.05	915.89	898.79	51.36K	1.48%
2005年12月11日	902.56	887.06	904.01	880.74	62.83K	1.71%
2005年12月4日	887.36	869.43	887.57	855.72	53.41K	2.00%
2005年11月27日	869.94	883.24	886.74	866.37	41.76K	-1.60%
2005年11月20日	884.11	882.79	886.11	866.19	58.41K	0.21%
2005年11月13日	882.24	864.08	886.58	847.49	50.00K	2.02%
2005年11月6日	864.79	877.62	884.94	857.79	49.69K	-1.54%
2005年10月30日	878.36	866.62	885.68	862.69	55.38K	1.23%
2005年10月23日	867.73	905.13	908.45	859.69	56.48K	-4.06%
2005年10月16日	904.41	903.27	907.88	889.57	56.93K	-0.05%
2005年10月9日	904.83	917.21	926.09	902.81	48.08K	-1.37%
2005年9月25日	917.39	915.84	921.13	901.38	49.71K	0.14%
2005年9月18日	916.15	967.44	971.99	914.23	81.58K	-5.31%
2005年9月11日	967.50	949.78	970.96	945.40	78.57K	1.94%
2005年9月4日	949.07	949.08	959.90	932.65	97.32K	0.13%
2005年8月28日	947.87	928.34	947.92	911.50	83.44K	2.11%
2005年8月21日	928.26	923.11	935.23	915.03	79.12K	0.57%
2005年8月14日	923.04	937.71	959.34	910.08	119.85K	-1.63%
2005年8月7日	938.32	926.57	959.27	919.11	118.90K	1.57%
2005年7月31日	923.80	887.72	923.81	885.85	85.53K	4.01%
2005年7月24日	888.16	858.33	901.00	854.28	88.07K	3.31%
2005年7月17日	859.69	839.22	867.16	829.28	11.97K	2.22%
2005年7月10日	841.00	837.86	856.10	818.86	51.08K	1.39%
2005年7月3日	829.49	855.32	856.74	827.23	36.91K	-3.49%
2005年6月26日	859.49	904.21	920.65	858.37	58.70K	-4.32%
2005年6月19日	898.30	881.62	906.48	872.56	60.67K	2.04%
2005年6月12日	880.35	895.00	905.41	861.83	67.44K	-1.59%
2005年6月5日	894.56	816.73	925.37	807.78	110.52K	9.36%
2005年5月29日	818.03	847.63	863.20	807.97	39.37K	-3.71%
2005年5月22日	849.51	880.28	880.28	848.40	38.10K	-3.77%
2005年5月15日	882.76	885.39	891.02	868.21	40.25K	-0.54%
2005年5月8日	887.54	934.65	937.39	875.58	49.54K	-4.81%
2005年4月24日	932.39	935.99	945.50	914.83	59.52K	-0.71%
2005年4月17日	939.10	970.91	970.91	934.96	47.30K	-3.59%
2005年4月10日	974.08	1,003.88	1,008.74	971.93	65.59K	-2.93%
2005年4月3日	1,003.45	968.49	1,003.70	948.95	70.77K	2.59%
2005年3月27日	978.14	961.65	989.90	928.34	47.40K	1.58%
2005年3月20日	962.96	977.30	983.18	948.53	45.93K	-1.60%
2005年3月13日	978.66	1,027.18	1,041.57	975.71	56.72K	-4.75%
2005年3月6日	1,027.43	1,024.48	1,054.64	1,016.93	62.33K	0.37%
2005年2月27日	1,023.67	1,046.21	1,048.28	1,014.75	54.54K	-2.21%
2005年2月20日	1,046.76	1,006.69	1,059.48	1,006.69	79.37K	4.05%
2005年2月13日	1,006.05	1,023.32	1,033.25	1,005.63	29.24K	-1.06%
2005年1月30日	1,016.86	965.79	1,021.03	952.74	63.99K	4.92%
2005年1月23日	969.21	1,001.85	1,001.85	965.21	44.58K	-1.36%
2005年1月16日	982.60	979.11	984.27	943.44	43.12K	-0.58%
2005年1月9日	988.31	983.76	1,006.46	979.79	30.00K	0.44%
2005年1月2日	983.96	994.77	997.32	979.81	28.12K	-1.60%