2019年4月7日	7,594.89	7,564.98	7,621.34	7,536.71	-	0.21%
2019年3月31日	7,578.84	7,450.81	7,589.69	7,422.44	851.11M	2.71%
2019年3月24日	7,378.77	7,299.93	7,417.26	7,252.06	859.82M	0.72%
2019年3月17日	7,326.06	7,311.63	7,505.41	7,293.85	1.06B	0.26%
2019年3月10日	7,306.99	7,050.05	7,331.30	7,049.56	1.20B	4.15%
2019年3月3日	7,015.69	7,193.88	7,205.94	6,940.72	906.89M	-1.90%
2019年2月24日	7,151.57	7,144.34	7,161.73	7,045.41	922.55M	0.86%
2019年2月17日	7,090.62	7,033.37	7,096.15	7,001.80	676.44M	0.50%
2019年2月10日	7,055.18	6,941.26	7,073.99	6,893.80	894.34M	2.05%
2019年2月3日	6,913.13	6,876.56	7,034.94	6,836.70	950.19M	0.55%
2019年1月27日	6,875.52	6,691.84	6,936.34	6,613.42	1.19B	1.30%
2019年1月20日	6,787.37	6,736.65	6,800.97	6,584.50	920.90M	0.04%
2019年1月13日	6,784.61	6,536.37	6,816.23	6,512.64	951.79M	2.78%
2019年1月6日	6,601.40	6,434.55	6,631.06	6,412.98	1.03B	2.78%
2018年12月30日	6,422.67	6,354.85	6,445.19	6,139.40	954.58M	2.19%
2018年12月23日	6,285.27	5,994.08	6,388.36	5,895.12	878.68M	3.95%
2018年12月16日	6,046.56	6,570.99	6,621.63	6,013.98	1.70B	-8.32%
2018年12月9日	6,594.96	6,603.36	6,867.66	6,534.33	948.45M	-0.28%
2018年12月2日	6,613.27	7,106.84	7,106.99	6,594.54	974.15M	-4.83%
2018年11月25日	6,949.01	6,616.79	6,951.13	6,590.89	1.08B	6.46%
2018年11月18日	6,527.35	6,832.25	6,841.44	6,442.36	790.56M	-4.95%
2018年11月11日	6,867.02	6,990.37	6,998.80	6,702.42	1.10B	-2.45%
2018年11月4日	7,039.15	6,946.15	7,205.96	6,859.80	913.42M	1.06%
2018年10月28日	6,965.29	6,954.69	7,085.27	6,574.74	1.27B	1.65%
2018年10月21日	6,852.40	7,146.03	7,193.72	6,743.77	1.19B	-3.59%
2018年10月14日	7,107.23	7,129.31	7,311.85	7,047.47	918.90M	-0.70%
2018年10月7日	7,157.21	7,356.54	7,430.36	6,892.89	1.15B	-3.27%
2018年9月30日	7,399.01	7,673.00	7,700.56	7,327.44	822.64M	-3.00%
2018年9月23日	7,627.65	7,477.45	7,657.80	7,447.23	828.76M	1.28%
2018年9月16日	7,531.07	7,522.59	7,603.86	7,427.79	1.14B	-0.19%
2018年9月9日	7,545.50	7,466.76	7,581.30	7,401.72	790.90M	1.55%
2018年9月2日	7,430.26	7,629.34	7,643.45	7,400.99	723.80M	-2.93%
2018年8月26日	7,654.55	7,527.37	7,691.10	7,512.02	696.78M	2.26%
2018年8月19日	7,485.40	7,393.57	7,489.54	7,343.47	656.32M	1.46%
2018年8月12日	7,377.54	7,420.18	7,468.82	7,308.52	799.51M	-0.42%
2018年8月5日	7,408.30	7,390.81	7,498.37	7,381.58	687.13M	0.17%
2018年7月29日	7,395.49	7,292.72	7,395.49	7,158.78	860.86M	1.35%
2018年7月22日	7,296.78	7,335.42	7,511.39	7,255.32	868.30M	-0.73%
2018年7月15日	7,350.23	7,381.03	7,418.43	7,288.30	764.47M	-0.35%
2018年7月8日	7,375.82	7,251.18	7,387.74	7,220.23	720.23M	2.34%
2018年7月1日	7,207.33	6,979.54	7,217.00	6,969.16	555.00M	2.37%
2018年6月24日	7,040.80	7,131.05	7,144.28	6,950.23	944.23M	-2.18%
2018年6月17日	7,197.51	7,201.18	7,309.99	7,138.02	969.20M	-0.80%
2018年6月10日	7,255.76	7,149.65	7,291.31	7,146.09	1.08B	1.44%
2018年6月3日	7,152.62	7,099.50	7,212.45	7,099.09	776.25M	0.97%
2018年5月27日	7,083.93	6,928.49	7,084.84	6,887.12	750.92M	1.77%
2018年5月20日	6,960.92	6,920.32	6,982.52	6,846.94	707.00M	1.38%
2018年5月13日	6,866.25	6,977.35	7,008.26	6,852.73	771.53M	-1.24%
2018年5月6日	6,952.56	6,803.45	6,969.30	6,770.30	806.38M	2.71%
2018年4月29日	6,769.12	6,669.44	6,783.36	6,539.86	896.49M	1.69%
2018年4月22日	6,656.35	6,699.16	6,750.78	6,426.57	911.79M	-0.17%
2018年4月15日	6,667.75	6,675.92	6,856.96	6,633.08	786.09M	0.59%
2018年4月8日	6,628.34	6,488.48	6,703.31	6,466.04	787.73M	3.03%
2018年4月1日	6,433.21	6,528.23	6,632.21	6,322.60	1.02B	-2.25%
2018年3月25日	6,581.13	6,644.40	6,793.50	6,410.04	958.13M	1.12%
2018年3月18日	6,508.09	6,945.97	6,949.02	6,507.84	1.02B	-7.29%
2018年3月11日	7,019.95	7,122.47	7,186.09	7,010.01	1.08B	-1.14%
2018年3月4日	7,101.18	6,777.63	7,101.31	6,753.83	857.63M	4.26%
2018年2月25日	6,811.04	6,933.82	7,003.14	6,645.03	983.64M	-1.24%
2018年2月18日	6,896.60	6,742.15	6,897.53	6,740.48	637.97M	1.86%
2018年2月11日	6,770.66	6,477.04	6,840.60	6,424.30	957.04M	5.58%
2018年2月4日	6,412.68	6,687.47	6,807.96	6,164.43	1.44B	-5.14%
2018年1月28日	6,760.29	7,000.68	7,020.64	6,756.54	1.02B	-3.74%
2018年1月21日	7,022.97	6,829.55	7,022.97	6,822.85	872.75M	2.76%
2018年1月14日	6,834.33	6,807.85	6,843.24	6,719.11	720.37M	1.12%
2018年1月7日	6,758.54	6,651.68	6,763.98	6,619.35	747.63M	1.58%
2017年12月31日	6,653.29	6,431.59	6,654.98	6,417.75	626.35M	4.02%
2017年12月24日	6,396.42	6,427.32	6,452.07	6,396.42	393.41M	-1.06%
2017年12月17日	6,465.17	6,504.89	6,522.70	6,447.93	753.13M	-0.02%
2017年12月10日	6,466.32	6,351.24	6,470.92	6,347.91	1.07B	1.92%
2017年12月3日	6,344.57	6,380.68	6,380.77	6,234.22	883.34M	0.11%
2017年11月26日	6,337.87	6,409.52	6,426.04	6,244.84	988.00M	-1.11%
2017年11月19日	6,409.29	6,319.57	6,410.77	6,301.88	463.93M	1.50%
2017年11月12日	6,314.51	6,286.01	6,352.47	6,227.99	753.95M	0.09%
2017年11月5日	6,309.07	6,292.15	6,346.98	6,248.29	777.11M	0.21%
2017年10月29日	6,295.58	6,209.80	6,297.62	6,194.58	896.41M	1.32%
2017年10月22日	6,213.47	6,122.24	6,223.52	6,011.24	854.61M	1.71%
2017年10月15日	6,108.82	6,108.66	6,129.49	6,051.47	688.65M	0.27%
2017年10月8日	6,092.45	6,071.96	6,100.06	6,036.72	679.04M	0.46%
2017年10月1日	6,064.57	5,988.96	6,064.67	5,955.83	634.98M	1.43%
2017年9月24日	5,979.30	5,904.06	5,980.22	5,839.89	762.42M	0.79%
2017年9月17日	5,932.32	5,997.51	6,012.95	5,911.48	695.50M	-0.93%
2017年9月10日	5,988.00	5,962.35	6,009.44	5,957.85	967.25M	1.26%
2017年9月3日	5,913.37	5,966.64	5,980.91	5,890.25	572.37M	-1.24%
2017年8月27日	5,987.90	5,839.27	6,009.61	5,785.22	654.81M	2.84%
2017年8月20日	5,822.53	5,791.04	5,879.00	5,750.50	632.69M	0.55%
2017年8月13日	5,790.91	5,878.64	5,944.98	5,770.14	742.09M	-0.70%
2017年8月6日	5,831.53	5,909.45	5,972.93	5,783.36	737.72M	-1.16%
2017年7月30日	5,899.90	5,928.69	5,936.15	5,859.62	802.43M	-0.15%
2017年7月23日	5,908.92	5,920.93	5,995.77	5,847.05	835.45M	-0.21%
2017年7月16日	5,921.52	5,845.82	5,932.61	5,818.20	702.02M	1.43%
2017年7月9日	5,838.08	5,662.71	5,844.80	5,650.26	677.38M	3.21%
2017年7月2日	5,656.47	5,680.36	5,684.98	5,579.64	560.13M	0.17%
2017年6月25日	5,646.92	5,832.31	5,845.15	5,599.44	837.76M	-2.69%
2017年6月18日	5,803.10	5,729.54	5,810.31	5,724.49	875.72M	2.14%
2017年6月11日	5,681.48	5,677.16	5,774.19	5,633.34	1.39B	-1.05%
2017年6月4日	5,741.94	5,881.22	5,897.69	5,657.76	857.17M	-2.37%
2017年5月28日	5,881.46	5,785.38	5,881.46	5,762.56	666.56M	1.61%
2017年5月21日	5,788.36	5,662.95	5,793.13	5,661.59	682.12M	2.42%
2017年5月14日	5,651.56	5,687.97	5,724.71	5,568.47	893.31M	-0.62%
2017年5月7日	5,686.81	5,649.18	5,691.21	5,637.40	753.09M	0.72%
2017年4月30日	5,646.09	5,602.44	5,646.09	5,600.31	746.58M	1.12%
2017年4月23日	5,583.53	5,503.27	5,600.00	5,494.46	816.97M	2.60%
2017年4月16日	5,442.05	5,369.21	5,455.88	5,367.59	669.28M	1.65%
2017年4月9日	5,353.59	5,423.57	5,442.71	5,353.59	519.87M	-1.20%
2017年4月2日	5,418.37	5,440.20	5,479.86	5,400.08	686.33M	-0.33%
2017年3月26日	5,436.23	5,320.96	5,451.50	5,316.02	647.88M	1.35%
2017年3月19日	5,363.99	5,406.02	5,439.58	5,327.25	734.45M	-0.83%
2017年3月12日	5,408.76	5,387.73	5,426.84	5,360.70	924.54M	0.42%
2017年3月5日	5,385.90	5,352.61	5,394.66	5,336.08	700.31M	0.23%
2017年2月26日	5,373.48	5,330.56	5,398.43	5,316.70	742.48M	0.56%
2017年2月19日	5,343.31	5,334.57	5,358.53	5,304.01	583.00M	0.35%
2017年2月12日	5,324.72	5,242.49	5,324.72	5,238.69	766.27M	1.88%
2017年2月5日	5,226.69	5,154.18	5,234.27	5,148.06	740.93M	1.26%
2017年1月29日	5,161.60	5,146.41	5,165.47	5,086.33	778.88M	-0.12%
2017年1月22日	5,168.06	5,055.97	5,172.43	5,035.49	816.39M	2.07%
2017年1月15日	5,063.20	5,043.07	5,085.34	5,029.61	593.56M	0.07%
2017年1月8日	5,059.51	5,013.82	5,066.95	4,995.07	654.51M	1.05%
2017年1月1日	5,007.08	4,900.85	5,020.70	4,884.52	565.44M	2.95%
2016年12月25日	4,863.62	4,948.92	4,992.08	4,853.93	425.54M	-1.55%
2016年12月18日	4,940.02	4,919.16	4,963.00	4,911.75	563.48M	0.51%
2016年12月11日	4,914.86	4,878.04	4,960.48	4,854.27	1.01B	0.39%
2016年12月4日	4,895.90	4,762.34	4,897.24	4,743.53	774.22M	3.30%
2016年11月27日	4,739.37	4,861.73	4,896.57	4,721.41	874.98M	-2.68%
2016年11月20日	4,870.02	4,822.03	4,884.63	4,819.57	505.26M	1.29%
2016年11月13日	4,808.04	4,752.61	4,840.81	4,677.41	869.63M	1.18%
2016年11月6日	4,751.95	4,737.98	4,855.79	4,685.74	1.03B	1.96%
2016年10月30日	4,660.46	4,821.31	4,823.91	4,647.59	827.09M	-3.02%
2016年10月23日	4,805.59	4,884.16	4,911.76	4,794.07	756.08M	-0.95%
2016年10月16日	4,851.86	4,808.47	4,860.68	4,790.45	723.72M	0.90%
2016年10月9日	4,808.48	4,887.73	4,904.72	4,760.07	696.77M	-1.15%
2016年10月2日	4,864.52	4,864.63	4,891.50	4,840.93	651.65M	-0.23%
2016年9月25日	4,875.70	4,830.17	4,889.23	4,811.28	751.68M	0.35%
2016年9月18日	4,858.91	4,833.84	4,895.50	4,787.44	697.91M	0.85%
2016年9月11日	4,818.05	4,656.59	4,826.02	4,656.51	1.07B	2.92%
2016年9月4日	4,681.53	4,806.66	4,839.59	4,681.53	660.28M	-2.44%
2016年8月28日	4,798.74	4,787.93	4,816.70	4,750.24	615.24M	0.31%
2016年8月21日	4,783.69	4,797.95	4,836.45	4,758.10	605.30M	-0.47%
2016年8月14日	4,806.14	4,814.77	4,837.67	4,772.43	624.66M	-0.02%
2016年8月7日	4,807.08	4,791.10	4,813.36	4,770.22	594.33M	0.33%
2016年7月31日	4,791.21	4,734.44	4,799.86	4,689.55	732.06M	1.29%
2016年7月24日	4,730.23	4,662.90	4,743.26	4,648.92	850.86M	1.38%
2016年7月17日	4,666.07	4,595.06	4,670.54	4,591.83	713.38M	1.66%
2016年7月10日	4,589.83	4,544.33	4,607.18	4,544.33	740.72M	1.36%
2016年7月3日	4,528.36	4,414.35	4,529.72	4,375.72	590.78M	2.05%
2016年6月26日	4,437.44	4,247.71	4,453.86	4,179.73	959.17M	3.54%
2016年6月19日	4,285.70	4,424.11	4,467.48	4,274.54	977.17M	-2.03%
2016年6月12日	4,374.38	4,436.11	4,461.27	4,362.16	944.76M	-1.94%
2016年6月5日	4,461.05	4,517.88	4,536.55	4,447.33	659.05M	-1.08%
2016年5月29日	4,509.79	4,513.85	4,531.35	4,480.80	724.01M	-0.06%
2016年5月22日	4,512.54	4,364.73	4,512.54	4,353.36	708.75M	3.43%
2016年5月15日	4,362.90	4,335.33	4,395.70	4,284.36	826.56M	0.84%
2016年5月8日	4,326.53	4,331.66	4,407.93	4,312.88	739.11M	-0.08%
2016年5月1日	4,330.17	4,350.83	4,386.98	4,282.00	792.25M	-0.26%
2016年4月24日	4,341.30	4,459.67	4,490.06	4,307.10	951.45M	-2.97%
2016年4月17日	4,474.19	4,535.21	4,574.38	4,440.14	816.48M	-1.52%
2016年4月10日	4,543.16	4,496.26	4,569.73	4,435.05	757.13M	1.52%
2016年4月3日	4,474.93	4,526.39	4,544.59	4,459.56	720.30M	-1.26%
2016年3月27日	4,532.08	4,415.04	4,534.32	4,384.27	705.34M	2.87%
2016年3月20日	4,405.53	4,403.09	4,450.76	4,374.71	552.73M	-0.12%
2016年3月13日	4,410.83	4,347.94	4,420.88	4,339.86	1.01B	1.12%
2016年3月6日	4,361.83	4,303.81	4,361.83	4,232.08	803.48M	0.76%
2016年2月28日	4,329.00	4,228.57	4,356.34	4,200.15	883.79M	2.20%
2016年2月21日	4,235.62	4,203.60	4,275.82	4,088.12	769.00M	1.72%
2016年2月14日	4,164.09	4,077.33	4,212.58	4,049.88	833.29M	3.61%
2016年2月7日	4,019.19	3,947.99	4,045.48	3,888.78	1.19B	-0.13%
2016年1月31日	4,024.47	4,254.41	4,301.63	4,008.45	1.16B	-5.95%
2016年1月24日	4,279.17	4,245.47	4,279.17	4,111.93	1.16B	0.46%
2016年1月17日	4,259.77	4,199.56	4,260.55	3,992.91	937.57M	2.87%
2016年1月10日	4,141.08	4,300.97	4,359.50	4,085.79	1.17B	-3.04%
2016年1月3日	4,270.78	4,485.06	4,522.12	4,264.81	1.03B	-7.02%
2015年12月27日	4,593.27	4,610.41	4,702.74	4,580.13	393.04M	-0.64%
2015年12月20日	4,622.77	4,547.92	4,635.59	4,519.82	451.64M	2.39%
2015年12月13日	4,514.82	4,535.56	4,681.13	4,478.25	1.21B	-0.50%
2015年12月6日	4,537.56	4,718.55	4,720.82	4,534.05	829.13M	-3.79%
2015年11月29日	4,716.12	4,692.57	4,739.75	4,579.91	953.09M	0.76%
2015年11月22日	4,680.47	4,689.98	4,706.62	4,621.63	449.96M	-0.13%
2015年11月15日	4,686.36	4,494.56	4,691.59	4,486.09	824.34M	4.09%
2015年11月8日	4,502.14	4,687.35	4,694.27	4,499.15	779.82M	-4.36%
2015年11月1日	4,707.23	4,658.79	4,737.11	4,652.45	802.98M	1.26%
2015年10月25日	4,648.83	4,621.14	4,681.23	4,606.66	853.33M	0.54%
2015年10月18日	4,624.09	4,428.06	4,645.97	4,409.90	930.27M	4.18%
2015年10月11日	4,438.62	4,378.64	4,438.75	4,328.96	795.76M	1.57%
2015年10月4日	4,370.01	4,296.54	4,378.26	4,273.70	911.45M	2.40%
2015年9月27日	4,267.45	4,206.68	4,267.45	4,053.11	1.09B	1.01%
2015年9月20日	4,224.74	4,343.77	4,372.42	4,198.11	847.00M	-2.29%
2015年9月13日	4,323.86	4,334.86	4,450.66	4,293.77	1.20B	0.01%
2015年9月6日	4,323.23	4,267.40	4,352.96	4,242.47	722.15M	3.31%
2015年8月30日	4,184.72	4,299.88	4,324.73	4,121.83	1.00B	-3.34%
2015年8月23日	4,329.12	3,847.12	4,340.70	3,787.23	1.59B	3.14%
2015年8月16日	4,197.27	4,516.88	4,568.59	4,197.27	958.85M	-7.36%
2015年8月9日	4,530.74	4,558.68	4,583.63	4,436.54	801.91M	0.24%
2015年8月2日	4,520.08	4,595.26	4,634.70	4,485.50	862.78M	-1.50%
2015年7月26日	4,588.91	4,530.36	4,616.48	4,506.19	879.95M	0.69%
2015年7月19日	4,557.38	4,670.23	4,694.13	4,552.40	849.54M	-2.24%
2015年7月12日	4,661.60	4,457.76	4,661.60	4,456.54	812.86M	5.46%
2015年7月5日	4,420.15	4,394.44	4,444.41	4,344.15	809.67M	-0.30%
2015年6月28日	4,433.39	4,433.11	4,460.08	4,377.23	639.80M	-1.13%
2015年6月21日	4,484.28	4,541.85	4,561.64	4,469.23	842.84M	-0.65%
2015年6月14日	4,513.42	4,416.14	4,540.69	4,396.13	910.35M	1.34%
2015年6月7日	4,453.79	4,476.69	4,511.32	4,392.45	704.72M	-0.52%
2015年5月31日	4,477.19	4,530.03	4,539.35	4,452.32	721.71M	-0.69%
2015年5月24日	4,508.25	4,516.63	4,551.52	4,456.76	690.63M	-0.42%
2015年5月17日	4,527.16	4,487.14	4,542.46	4,483.76	720.45M	0.73%
2015年5月10日	4,494.29	4,457.62	4,509.13	4,380.52	757.82M	0.80%
2015年5月3日	4,458.65	4,491.19	4,510.47	4,349.93	827.69M	-0.46%
2015年4月26日	4,479.06	4,548.51	4,562.33	4,395.10	917.06M	-1.27%
2015年4月19日	4,536.78	4,373.65	4,543.64	4,373.09	834.58M	4.25%
2015年4月12日	4,351.80	4,428.13	4,448.20	4,333.10	781.50M	-1.59%
2015年4月5日	4,422.02	4,286.16	4,422.63	4,283.91	743.04M	2.46%
2015年3月29日	4,316.01	4,359.78	4,384.18	4,284.06	685.30M	-0.39%
2015年3月22日	4,332.86	4,454.15	4,467.79	4,280.95	879.14M	-2.82%
2015年3月15日	4,458.54	4,338.29	4,478.69	4,327.27	1.08B	3.33%
2015年3月8日	4,314.90	4,406.87	4,424.22	4,289.30	794.80M	-1.92%
2015年3月1日	4,399.23	4,452.80	4,483.97	4,389.82	752.48M	-0.93%
2015年2月22日	4,440.67	4,441.26	4,464.31	4,428.82	737.35M	-0.05%
2015年2月15日	4,443.05	4,379.31	4,444.62	4,370.63	589.13M	1.35%
2015年2月8日	4,384.03	4,209.81	4,384.03	4,206.76	816.58M	3.67%
2015年2月1日	4,228.68	4,162.19	4,271.28	4,094.73	957.83M	1.93%
2015年1月25日	4,148.43	4,271.10	4,282.48	4,103.72	1.11B	-3.03%
2015年1月18日	4,278.14	4,164.43	4,292.88	4,117.15	701.53M	3.28%
2015年1月11日	4,142.14	4,221.52	4,252.70	4,078.85	1.00B	-1.69%
2015年1月4日	4,213.28	4,206.55	4,253.97	4,090.33	927.35M	-0.40%
2014年12月28日	4,230.24	4,309.70	4,321.20	4,206.45	447.01M	-1.94%
2014年12月21日	4,314.10	4,271.87	4,322.45	4,270.54	471.18M	0.75%
2014年12月14日	4,281.78	4,224.17	4,300.40	4,089.09	1.29B	1.96%
2014年12月7日	4,199.28	4,301.27	4,320.08	4,199.28	823.32M	-2.60%
2014年11月30日	4,311.57	4,323.95	4,332.55	4,274.68	740.39M	-0.60%
2014年11月23日	4,337.78	4,262.09	4,347.09	4,258.41	551.14M	2.03%
2014年11月16日	4,251.32	4,215.29	4,285.27	4,194.18	807.44M	0.62%
2014年11月9日	4,224.99	4,162.59	4,228.68	4,151.48	707.87M	1.55%
2014年11月2日	4,160.50	4,160.60	4,179.93	4,126.72	794.47M	0.06%
2014年10月26日	4,158.21	4,031.88	4,170.87	4,019.23	886.53M	2.87%
2014年10月19日	4,042.02	3,813.59	4,045.19	3,804.97	940.00M	5.94%
2014年10月12日	3,815.47	3,866.89	3,893.66	3,700.22	1.37B	-1.43%
2014年10月5日	3,870.86	4,041.40	4,048.79	3,870.86	1.01B	-3.88%
2014年9月28日	4,027.31	4,009.66	4,070.44	3,934.94	882.81M	-0.65%
2014年9月21日	4,053.72	4,091.87	4,096.27	4,007.63	868.60M	-1.13%
2014年9月14日	4,100.09	4,070.20	4,118.91	4,009.98	1.19B	0.76%
2014年9月7日	4,069.23	4,086.52	4,110.86	4,053.11	780.25M	-0.51%
2014年8月31日	4,089.92	4,093.12	4,104.43	4,051.75	603.00M	0.18%
2014年8月24日	4,082.56	4,073.47	4,082.97	4,054.61	583.99M	0.74%
2014年8月17日	4,052.75	4,007.19	4,060.90	4,003.46	637.77M	1.64%
2014年8月10日	3,987.51	3,899.98	3,997.08	3,887.58	690.79M	2.56%
2014年8月3日	3,888.09	3,890.63	3,922.25	3,845.20	802.44M	0.22%
2014年7月27日	3,879.67	3,966.31	3,989.00	3,855.35	853.07M	-2.16%
2014年7月20日	3,965.16	3,933.11	3,997.50	3,917.74	806.92M	0.64%
2014年7月13日	3,939.89	3,923.60	3,947.49	3,866.22	900.54M	0.90%
2014年7月6日	3,904.58	3,917.89	3,923.92	3,837.16	710.49M	-0.47%
2014年6月29日	3,923.01	3,844.45	3,923.15	3,841.70	514.26M	2.04%
2014年6月22日	3,844.44	3,802.25	3,844.89	3,791.12	817.58M	1.10%
2014年6月15日	3,802.64	3,768.37	3,811.24	3,761.42	946.60M	0.72%
2014年6月8日	3,775.56	3,795.85	3,804.04	3,751.69	741.19M	-0.50%
2014年6月1日	3,794.57	3,740.71	3,795.14	3,707.89	670.37M	1.55%
2014年5月25日	3,736.82	3,693.18	3,741.57	3,691.09	588.46M	1.62%
2014年5月18日	3,677.33	3,577.85	3,678.16	3,572.28	703.08M	2.51%
2014年5月11日	3,587.20	3,574.24	3,625.77	3,542.63	852.52M	0.89%
2014年5月4日	3,555.70	3,566.26	3,605.26	3,506.35	864.13M	-0.89%
2014年4月27日	3,587.64	3,546.96	3,613.03	3,489.60	882.03M	1.54%
2014年4月20日	3,533.09	3,543.65	3,613.20	3,525.59	853.42M	-0.04%
2014年4月13日	3,534.53	3,479.66	3,551.02	3,414.11	770.66M	2.54%
2014年4月6日	3,446.84	3,522.21	3,602.35	3,440.55	1.14B	-2.61%
2014年3月30日	3,539.38	3,598.08	3,676.36	3,532.28	945.89M	-0.90%
2014年3月23日	3,571.49	3,665.38	3,665.58	3,543.07	967.47M	-2.23%
2014年3月16日	3,653.07	3,653.19	3,717.36	3,643.35	1.07B	0.69%
2014年3月9日	3,627.87	3,702.14	3,725.71	3,626.86	814.78M	-2.04%
2014年3月2日	3,703.40	3,657.32	3,738.32	3,637.66	774.41M	0.20%
2014年2月23日	3,696.10	3,670.07	3,722.38	3,663.75	857.29M	0.91%
2014年2月16日	3,662.60	3,668.99	3,687.16	3,640.63	724.22M	-0.03%
2014年2月9日	3,663.88	3,558.59	3,671.04	3,557.78	890.13M	2.86%
2014年2月2日	3,561.91	3,524.23	3,563.14	3,418.88	1.03B	1.14%
2014年1月26日	3,521.92	3,543.50	3,548.48	3,461.64	1.07B	-0.55%
2014年1月19日	3,541.48	3,611.62	3,634.65	3,541.38	776.50M	-1.39%
2014年1月12日	3,591.25	3,559.39	3,615.70	3,499.37	990.22M	0.73%
2014年1月5日	3,565.08	3,539.01	3,579.40	3,512.45	941.55M	0.74%
2013年12月29日	3,538.73	3,570.86	3,592.00	3,537.61	471.89M	-0.99%
2013年12月22日	3,574.02	3,563.19	3,591.31	3,552.30	372.85M	1.21%
2013年12月15日	3,531.19	3,470.43	3,540.97	3,422.86	1.16B	2.16%
2013年12月8日	3,456.40	3,515.67	3,524.01	3,449.74	798.68M	-1.37%
2013年12月1日	3,504.26	3,496.19	3,511.10	3,453.22	815.99M	0.47%
2013年11月24日	3,487.82	3,433.92	3,495.97	3,420.36	560.83M	1.92%
2013年11月17日	3,422.02	3,423.47	3,429.20	3,359.31	771.92M	-0.02%
2013年11月10日	3,422.58	3,359.83	3,422.58	3,346.41	833.17M	1.66%
2013年11月3日	3,366.84	3,388.70	3,401.27	3,318.39	806.68M	-0.38%
2013年10月27日	3,379.76	3,382.18	3,408.28	3,364.65	944.81M	-0.12%
2013年10月20日	3,383.83	3,361.76	3,400.04	3,330.20	858.03M	0.89%
2013年10月13日	3,353.88	3,213.38	3,355.63	3,212.05	830.84M	3.71%
2013年10月6日	3,233.83	3,215.76	3,240.11	3,117.69	855.04M	-0.27%
2013年9月29日	3,242.57	3,190.40	3,256.71	3,186.86	748.81M	0.38%
2013年9月22日	3,230.30	3,242.32	3,243.43	3,202.75	757.41M	0.17%
2013年9月15日	3,224.73	3,203.19	3,248.52	3,163.13	967.80M	1.46%
2013年9月8日	3,178.28	3,146.02	3,189.24	3,146.02	685.45M	1.43%
2013年9月1日	3,133.38	3,097.65	3,148.99	3,077.13	641.07M	1.94%
2013年8月25日	3,073.81	3,127.01	3,147.87	3,053.26	698.81M	-1.62%
2013年8月18日	3,124.27	3,074.38	3,127.05	3,061.42	651.02M	1.64%
2013年8月11日	3,073.91	3,107.06	3,149.24	3,068.07	719.05M	-1.43%
2013年8月4日	3,118.57	3,136.77	3,145.25	3,096.41	650.61M	-0.79%
2013年7月28日	3,143.52	3,067.48	3,143.52	3,062.91	802.94M	2.19%
2013年7月21日	3,076.23	3,061.50	3,076.23	3,029.07	914.95M	1.03%
2013年7月14日	3,044.93	3,077.02	3,091.21	3,035.99	842.37M	-1.11%
2013年7月7日	3,079.07	2,976.61	3,079.07	2,955.37	892.94M	3.91%
2013年6月30日	2,963.22	2,933.48	2,963.82	2,913.48	492.85M	1.84%
2013年6月23日	2,909.60	2,852.65	2,927.49	2,825.18	1.02B	1.10%
2013年6月16日	2,877.94	2,967.33	3,001.89	2,853.69	1.19B	-2.24%
2013年6月9日	2,943.86	2,995.03	3,004.67	2,914.20	709.46M	-1.57%
2013年6月2日	2,990.87	2,984.59	3,007.30	2,911.94	943.09M	0.31%
2013年5月26日	2,981.76	3,024.38	3,037.00	2,979.90	705.21M	-0.31%
2013年5月19日	2,991.02	3,019.28	3,053.51	2,965.30	863.74M	-1.25%
2013年5月12日	3,028.96	2,972.96	3,028.96	2,971.73	882.75M	1.61%
2013年5月5日	2,981.02	2,948.90	2,981.02	2,942.25	725.00M	1.24%
2013年4月28日	2,944.59	2,849.54	2,952.22	2,849.04	859.15M	3.66%
2013年4月21日	2,840.55	2,791.77	2,860.69	2,780.82	922.55M	2.16%
2013年4月14日	2,780.46	2,841.26	2,849.16	2,730.97	1.02B	-2.66%
2013年4月7日	2,856.48	2,772.30	2,863.66	2,764.34	815.27M	3.06%
2013年3月31日	2,771.75	2,819.78	2,828.64	2,744.26	773.76M	-1.67%
2013年3月24日	2,818.69	2,810.75	2,820.67	2,778.78	584.92M	0.64%
2013年3月17日	2,800.81	2,771.53	2,811.48	2,763.12	752.01M	0.05%
2013年3月10日	2,799.41	2,798.13	2,812.29	2,787.72	929.41M	-0.17%
2013年3月3日	2,804.11	2,738.21	2,812.73	2,734.92	772.43M	2.05%
2013年2月24日	2,747.75	2,756.19	2,763.96	2,689.83	910.43M	0.38%
2013年2月17日	2,737.28	2,770.70	2,782.86	2,700.32	672.99M	-0.99%
2013年2月10日	2,764.67	2,774.44	2,783.19	2,756.43	859.87M	-0.39%
2013年2月3日	2,775.56	2,749.40	2,780.13	2,715.51	955.88M	0.42%
2013年1月27日	2,763.96	2,737.62	2,768.63	2,722.52	895.37M	0.99%
2013年1月20日	2,736.73	2,744.27	2,769.31	2,719.83	672.56M	-0.24%
2013年1月13日	2,743.24	2,733.46	2,756.68	2,710.80	953.57M	-0.18%
2013年1月6日	2,748.26	2,713.44	2,749.36	2,703.75	753.10M	0.87%
2012年12月30日	2,724.49	2,600.92	2,750.82	2,598.57	656.39M	4.53%
2012年12月23日	2,606.36	2,658.65	2,663.56	2,599.63	405.35M	-2.19%
2012年12月16日	2,664.67	2,629.76	2,713.39	2,627.37	1.23B	1.39%
2012年12月9日	2,628.09	2,634.54	2,696.90	2,620.08	870.99M	-0.47%
2012年12月2日	2,640.54	2,697.44	2,699.04	2,623.63	847.87M	-1.39%
2012年11月25日	2,677.88	2,634.43	2,688.95	2,613.22	940.39M	1.45%
2012年11月18日	2,639.59	2,564.23	2,640.39	2,562.52	576.65M	4.16%
2012年11月11日	2,534.16	2,596.57	2,600.65	2,494.38	1.05B	-1.93%
2012年11月4日	2,584.10	2,657.73	2,696.46	2,571.86	892.34M	-2.72%
2012年10月28日	2,656.28	2,663.56	2,701.91	2,639.63	555.04M	-0.36%
2012年10月21日	2,665.83	2,678.89	2,699.08	2,636.83	932.36M	-0.47%
2012年10月14日	2,678.32	2,729.20	2,784.81	2,675.57	971.58M	-1.54%
2012年10月7日	2,720.14	2,797.33	2,801.85	2,714.17	761.57M	-3.26%
2012年9月30日	2,811.94	2,811.45	2,845.97	2,779.01	789.18M	0.46%
2012年9月23日	2,799.19	2,836.35	2,858.68	2,768.58	924.23M	-2.18%
2012年9月16日	2,861.64	2,857.52	2,878.38	2,842.59	1.09B	0.22%
2012年9月9日	2,855.23	2,821.03	2,865.37	2,775.40	837.65M	1.07%
2012年9月2日	2,825.11	2,766.93	2,829.95	2,744.29	639.01M	1.91%
2012年8月26日	2,772.24	2,792.00	2,794.27	2,746.68	662.99M	-0.21%
2012年8月19日	2,778.05	2,777.71	2,802.91	2,750.64	751.47M	-0.08%
2012年8月12日	2,780.30	2,721.49	2,780.77	2,708.38	840.38M	2.11%
2012年8月5日	2,722.96	2,686.38	2,727.31	2,681.72	849.36M	1.75%
2012年7月29日	2,676.00	2,649.78	2,684.58	2,606.54	873.93M	1.09%
2012年7月22日	2,647.03	2,575.29	2,649.98	2,535.04	1.03B	1.11%
2012年7月15日	2,618.04	2,579.96	2,663.12	2,554.34	930.78M	1.28%
2012年7月8日	2,584.97	2,610.38	2,630.03	2,522.89	847.86M	-1.05%
2012年7月1日	2,612.29	2,616.52	2,660.26	2,596.10	578.11M	-0.13%
2012年6月24日	2,615.72	2,562.98	2,615.82	2,510.37	974.87M	1.17%
2012年6月17日	2,585.53	2,570.98	2,633.21	2,554.65	958.63M	0.56%
2012年6月10日	2,571.23	2,578.73	2,579.23	2,510.75	995.06M	0.47%
2012年6月3日	2,559.21	2,458.97	2,570.48	2,443.92	873.46M	4.08%
2012年5月27日	2,458.83	2,542.66	2,570.79	2,458.73	852.76M	-2.70%
2012年5月20日	2,527.05	2,482.31	2,562.48	2,478.36	974.17M	1.96%
2012年5月13日	2,478.53	2,593.75	2,617.23	2,474.70	1.12B	-5.25%
2012年5月6日	2,615.98	2,622.67	2,651.74	2,587.53	1.05B	-0.83%
2012年4月29日	2,637.92	2,731.26	2,756.81	2,637.73	902.82M	-3.77%
2012年4月22日	2,741.34	2,651.13	2,750.50	2,628.96	943.96M	2.44%
2012年4月15日	2,676.04	2,713.89	2,738.59	2,660.96	1.02B	-0.85%
2012年4月8日	2,698.99	2,726.08	2,751.44	2,688.21	875.16M	-2.30%
2012年4月1日	2,762.50	2,752.25	2,795.35	2,729.21	807.55M	0.26%
2012年3月25日	2,755.27	2,746.98	2,794.00	2,741.32	915.77M	0.98%
2012年3月18日	2,728.55	2,716.98	2,752.46	2,710.63	803.33M	0.58%
2012年3月11日	2,712.78	2,646.98	2,720.49	2,635.76	1.04B	2.49%
2012年3月4日	2,646.85	2,636.60	2,651.98	2,575.13	869.33M	0.20%
2012年2月26日	2,641.58	2,589.44	2,650.00	2,579.63	1.00B	1.43%
2012年2月19日	2,604.21	2,589.21	2,609.45	2,570.07	690.28M	0.77%
2012年2月12日	2,584.24	2,564.93	2,600.96	2,551.35	1.01B	1.45%
2012年2月5日	2,547.32	2,519.33	2,567.28	2,513.51	914.14M	0.72%
2012年1月29日	2,529.17	2,438.52	2,532.26	2,433.63	1.00B	2.74%
2012年1月22日	2,461.77	2,437.06	2,479.31	2,423.24	1.01B	1.02%
2012年1月15日	2,437.02	2,396.14	2,445.59	2,385.79	956.94M	2.74%
2012年1月8日	2,371.98	2,362.53	2,384.26	2,342.34	924.78M	0.67%
2012年1月1日	2,356.17	2,323.16	2,362.58	2,307.56	774.59M	3.44%
2011年12月25日	2,277.83	2,284.29	2,301.30	2,262.22	372.22M	-0.43%
2011年12月18日	2,287.57	2,244.37	2,287.96	2,209.57	857.30M	2.21%
2011年12月11日	2,238.18	2,295.43	2,316.90	2,219.68	1.24B	-3.47%
2011年12月4日	2,318.68	2,336.55	2,343.10	2,278.42	898.20M	0.72%
2011年11月27日	2,302.04	2,207.68	2,331.12	2,205.77	1.01B	7.03%
2011年11月20日	2,150.88	2,219.88	2,225.54	2,150.71	737.79M	-4.57%
2011年11月13日	2,253.95	2,350.91	2,375.10	2,250.94	1.10B	-4.32%
2011年11月6日	2,355.78	2,353.82	2,402.51	2,290.53	1.08B	-0.02%
2011年10月30日	2,356.32	2,376.99	2,389.29	2,287.74	1.17B	-1.87%
2011年10月23日	2,401.29	2,341.71	2,412.52	2,291.78	1.20B	2.80%
2011年10月16日	2,335.93	2,359.53	2,375.26	2,274.49	1.19B	-1.52%
2011年10月9日	2,371.94	2,241.17	2,371.94	2,237.48	966.41M	7.68%
2011年10月2日	2,202.76	2,128.02	2,227.38	2,042.90	1.45B	2.97%
2011年9月25日	2,139.18	2,216.66	2,290.71	2,139.17	1.31B	-3.07%
2011年9月18日	2,206.86	2,277.64	2,337.70	2,151.48	1.38B	-4.30%
2011年9月11日	2,306.09	2,145.78	2,308.96	2,139.58	1.51B	6.58%
2011年9月4日	2,163.66	2,116.48	2,244.51	2,112.84	988.40M	-0.19%
2011年8月28日	2,167.83	2,188.67	2,268.07	2,156.99	1.04B	0.27%
2011年8月21日	2,161.97	2,084.27	2,169.41	2,038.14	1.17B	6.07%
2011年8月14日	2,038.22	2,189.49	2,214.26	2,035.30	1.36B	-6.59%
2011年8月7日	2,182.05	2,127.87	2,195.25	2,034.92	2.13B	-0.56%
2011年7月31日	2,194.38	2,391.42	2,396.50	2,131.52	1.62B	-7.13%
2011年7月24日	2,362.81	2,408.65	2,438.44	2,341.82	1.14B	-2.75%
2011年7月17日	2,429.50	2,346.53	2,432.84	2,322.62	1.08B	3.09%
2011年7月10日	2,356.67	2,380.56	2,392.09	2,318.20	1.13B	-2.05%
2011年7月3日	2,405.89	2,363.08	2,418.99	2,357.31	728.71M	1.88%
2011年6月26日	2,361.39	2,217.63	2,363.36	2,215.14	984.63M	6.51%
2011年6月19日	2,217.06	2,187.21	2,256.70	2,186.77	1.25B	1.10%
2011年6月12日	2,192.96	2,225.21	2,256.46	2,180.94	1.32B	-1.27%
2011年6月5日	2,221.09	2,288.61	2,299.40	2,220.83	1.10B	-3.11%
2011年5月29日	2,292.31	2,359.05	2,373.82	2,289.41	987.61M	-1.87%
2011年5月22日	2,336.09	2,318.16	2,339.10	2,298.72	999.39M	-0.65%
2011年5月15日	2,351.43	2,368.47	2,375.36	2,320.33	1.20B	-1.17%
2011年5月8日	2,379.24	2,384.20	2,415.90	2,372.19	1.24B	-0.17%
2011年5月1日	2,383.18	2,410.24	2,417.83	2,366.73	1.21B	-0.87%
2011年4月24日	2,404.08	2,377.91	2,415.85	2,375.12	1.48B	1.13%
2011年4月17日	2,377.30	2,281.92	2,381.20	2,254.88	858.75M	3.02%
2011年4月10日	2,307.58	2,330.26	2,333.98	2,288.68	960.61M	-0.59%
2011年4月3日	2,321.18	2,347.71	2,352.25	2,313.33	975.20M	-0.93%
2011年3月27日	2,342.92	2,325.13	2,359.16	2,291.78	971.99M	1.15%
2011年3月20日	2,316.36	2,250.89	2,331.63	2,234.94	940.93M	4.29%
2011年3月13日	2,221.07	2,286.77	2,302.92	2,188.92	1.42B	-3.40%
2011年3月6日	2,299.26	2,367.92	2,370.91	2,275.07	1.10B	-2.57%
2011年2月27日	2,359.96	2,354.87	2,375.67	2,308.05	1.09B	0.58%
2011年2月20日	2,346.29	2,353.81	2,366.43	2,284.65	954.34M	-1.93%
2011年2月13日	2,392.47	2,379.52	2,403.52	2,371.19	1.12B	0.56%
2011年2月6日	2,379.15	2,340.44	2,381.40	2,338.87	1.13B	1.75%
2011年1月30日	2,338.20	2,274.22	2,338.66	2,258.05	1.00B	2.98%
2011年1月23日	2,270.51	2,271.73	2,336.04	2,260.60	1.11B	0.10%
2011年1月16日	2,268.32	2,300.93	2,331.63	2,267.17	896.01M	-2.37%
2011年1月9日	2,323.43	2,270.65	2,323.43	2,265.00	959.01M	2.05%
2011年1月2日	2,276.70	2,238.66	2,282.87	2,237.73	1.00B	2.65%
2010年12月26日	2,217.86	2,223.76	2,236.19	2,208.80	431.47M	-0.56%
2010年12月19日	2,230.27	2,225.41	2,238.92	2,206.30	518.44M	0.54%
2010年12月12日	2,218.29	2,223.89	2,227.04	2,196.88	1.18B	0.13%
2010年12月5日	2,215.34	2,192.12	2,217.48	2,182.99	826.56M	1.10%
2010年11月28日	2,191.17	2,144.04	2,192.89	2,110.24	1.08B	1.73%
2010年11月21日	2,153.91	2,126.40	2,165.15	2,105.61	667.40M	0.87%
2010年11月14日	2,135.27	2,147.06	2,152.89	2,085.27	1.21B	-0.13%
2010年11月7日	2,137.95	2,179.70	2,200.16	2,122.42	1.11B	-2.23%
2010年10月31日	2,186.71	2,135.57	2,193.66	2,117.59	1.09B	2.93%
2010年10月24日	2,124.45	2,113.23	2,137.33	2,094.84	1.09B	0.96%
2010年10月17日	2,104.21	2,100.21	2,106.24	2,054.61	1.13B	0.31%
2010年10月10日	2,097.73	2,028.53	2,097.73	2,007.13	1.23B	3.49%
2010年10月3日	2,027.03	1,990.13	2,030.89	1,963.68	1.17B	1.52%
2010年9月26日	1,996.60	2,021.68	2,029.65	1,979.74	1.22B	-1.35%
2010年9月19日	2,023.84	1,962.15	2,023.85	1,960.43	1.25B	3.48%
2010年9月12日	1,955.83	1,908.75	1,961.01	1,908.41	1.40B	3.36%
2010年9月5日	1,892.34	1,862.88	1,897.93	1,854.43	884.26M	1.18%
2010年8月29日	1,870.31	1,785.98	1,870.31	1,755.38	1.15B	4.39%
2010年8月22日	1,791.64	1,833.33	1,842.79	1,747.32	1.26B	-1.87%
2010年8月15日	1,825.75	1,806.97	1,862.37	1,801.74	1.28B	0.38%
2010年8月8日	1,818.80	1,911.38	1,918.78	1,807.46	1.25B	-4.42%
2010年8月1日	1,902.88	1,886.61	1,911.01	1,873.44	1.10B	2.09%
2010年7月25日	1,864.00	1,875.77	1,900.15	1,833.90	1.30B	-0.61%
2010年7月18日	1,875.38	1,807.99	1,875.38	1,784.55	1.39B	3.99%
2010年7月11日	1,803.48	1,814.49	1,863.52	1,802.54	1.38B	-0.62%
2010年7月4日	1,814.79	1,752.98	1,815.24	1,719.20	986.41M	5.00%
2010年6月27日	1,728.34	1,843.27	1,852.66	1,700.04	1.45B	-5.99%
2010年6月20日	1,838.52	1,939.77	1,939.77	1,829.30	1.46B	-3.92%
2010年6月13日	1,913.48	1,862.70	1,925.20	1,844.16	1.24B	3.59%
2010年6月6日	1,847.15	1,839.77	1,848.62	1,770.46	1.34B	0.82%
2010年5月30日	1,832.04	1,846.60	1,898.93	1,824.71	1.06B	-1.10%
2010年5月23日	1,852.39	1,818.46	1,867.72	1,756.63	1.59B	1.62%
2010年5月16日	1,822.77	1,911.38	1,933.25	1,767.94	1.74B	-4.42%
2010年5月9日	1,907.10	1,931.52	1,983.13	1,885.51	1.48B	3.12%
2010年5月2日	1,849.44	2,010.94	2,039.52	1,752.31	1.91B	-7.56%
2010年4月25日	2,000.63	2,054.84	2,059.42	1,991.95	1.39B	-2.66%
2010年4月18日	2,055.33	2,011.40	2,055.63	1,988.37	1.34B	2.11%
2010年4月11日	2,012.84	1,995.35	2,040.49	1,986.83	1.35B	0.92%
2010年4月4日	1,994.43	1,964.03	1,994.48	1,958.01	1.02B	1.78%
2010年3月28日	1,959.56	1,960.63	1,979.49	1,943.97	833.32M	0.35%
2010年3月21日	1,952.63	1,922.73	1,976.38	1,921.71	1.21B	1.05%
2010年3月14日	1,932.43	1,918.14	1,949.14	1,906.01	1.30B	0.42%
2010年3月7日	1,924.43	1,888.04	1,930.17	1,885.99	1.13B	1.90%
2010年2月28日	1,888.56	1,826.62	1,889.68	1,826.61	1.19B	3.84%
2010年2月21日	1,818.68	1,828.69	1,829.18	1,781.12	1.16B	-0.25%
2010年2月14日	1,823.32	1,792.90	1,830.38	1,782.73	968.16M	2.48%
2010年2月7日	1,779.11	1,744.02	1,783.70	1,734.12	1.38B	1.89%
2010年1月31日	1,746.12	1,745.91	1,787.89	1,712.89	1.57B	0.29%
2010年1月24日	1,741.04	1,806.60	1,825.95	1,734.03	1.75B	-3.00%
2010年1月17日	1,794.82	1,869.24	1,896.54	1,791.40	1.17B	-3.74%
2010年1月10日	1,864.52	1,896.05	1,897.49	1,852.31	1.34B	-1.48%
2010年1月3日	1,892.59	1,882.69	1,893.25	1,867.62	1.10B	1.74%
2009年12月27日	1,860.31	1,874.71	1,882.58	1,860.31	477.67M	-0.51%
2009年12月20日	1,869.84	1,818.39	1,869.90	1,818.39	563.64M	3.46%
2009年12月13日	1,807.36	1,802.28	1,814.49	1,777.08	1.36B	0.85%
2009年12月6日	1,792.06	1,791.35	1,810.31	1,759.34	1.12B	0.01%
2009年11月29日	1,791.91	1,762.99	1,815.60	1,750.88	1.23B	1.50%
2009年11月22日	1,765.46	1,782.92	1,801.22	1,742.20	706.75M	0.06%
2009年11月15日	1,764.39	1,794.88	1,814.25	1,758.00	1.24B	-1.35%
2009年11月8日	1,788.61	1,743.55	1,794.12	1,742.97	1.22B	3.34%
2009年11月1日	1,730.76	1,667.06	1,733.22	1,652.44	1.40B	3.82%
2009年10月25日	1,667.13	1,756.50	1,778.48	1,663.94	1.61B	-4.93%
2009年10月18日	1,753.63	1,741.43	1,780.83	1,732.02	1.47B	0.82%
2009年10月11日	1,739.32	1,732.75	1,756.25	1,719.02	1.33B	0.67%
2009年10月4日	1,727.76	1,668.70	1,732.11	1,660.37	1.25B	3.93%
2009年9月27日	1,662.49	1,702.95	1,733.79	1,656.57	1.33B	-1.87%
2009年9月20日	1,694.15	1,717.37	1,754.54	1,690.68	1.26B	-1.80%
2009年9月13日	1,725.24	1,673.55	1,732.42	1,673.13	1.46B	2.36%
2009年9月6日	1,685.46	1,651.64	1,689.68	1,643.44	986.46M	2.89%
2009年8月30日	1,638.07	1,628.21	1,648.27	1,585.56	1.12B	-0.31%
2009年8月23日	1,643.24	1,641.45	1,668.01	1,611.73	1.15B	0.33%
2009年8月16日	1,637.78	1,583.29	1,639.23	1,563.14	1.18B	1.63%
2009年8月9日	1,611.58	1,612.73	1,634.12	1,587.40	1.15B	-0.49%
2009年8月2日	1,619.49	1,619.24	1,633.16	1,595.36	1.32B	1.01%
2009年7月26日	1,603.36	1,597.02	1,632.97	1,580.52	1.36B	0.27%
2009年7月19日	1,599.06	1,534.39	1,605.09	1,529.45	1.55B	4.70%
2009年7月12日	1,527.26	1,423.20	1,527.26	1,402.19	1.57B	7.57%
2009年7月5日	1,419.84	1,435.40	1,444.30	1,394.87	1.38B	-1.83%
2009年6月28日	1,446.28	1,483.66	1,497.71	1,443.75	1.02B	-2.29%
2009年6月21日	1,480.20	1,455.78	1,483.57	1,413.54	1.46B	0.61%
2009年6月14日	1,471.23	1,472.77	1,477.95	1,439.38	1.53B	-1.26%
2009年6月7日	1,489.97	1,482.21	1,511.94	1,467.13	1.28B	-0.22%
2009年5月31日	1,493.21	1,451.37	1,505.77	1,446.97	1.52B	4.02%
2009年5月24日	1,435.57	1,351.13	1,435.57	1,350.95	1.30B	5.31%
2009年5月17日	1,363.17	1,367.05	1,423.13	1,353.53	1.30B	0.59%
2009年5月10日	1,355.11	1,375.05	1,410.43	1,339.82	1.47B	-2.80%
2009年5月3日	1,394.16	1,407.65	1,435.80	1,377.06	1.78B	-0.18%
2009年4月26日	1,396.62	1,359.88	1,418.77	1,355.99	1.61B	1.70%
2009年4月19日	1,373.28	1,330.18	1,379.38	1,303.73	2.09B	1.43%
2009年4月12日	1,353.92	1,333.72	1,361.68	1,295.10	1.63B	1.02%
2009年4月5日	1,340.28	1,301.43	1,341.77	1,268.79	1.22B	1.83%
2009年3月29日	1,316.16	1,230.89	1,316.71	1,204.96	1.79B	5.17%
2009年3月22日	1,251.47	1,213.12	1,281.30	1,203.85	1.75B	5.42%
2009年3月15日	1,187.18	1,177.33	1,225.16	1,144.21	2.06B	1.60%
2009年3月8日	1,168.52	1,058.85	1,170.48	1,040.41	1.92B	9.75%
2009年3月1日	1,064.70	1,098.99	1,124.67	1,043.60	2.24B	-4.68%
2009年2月22日	1,116.99	1,180.10	1,183.93	1,112.12	2.19B	-4.75%
2009年2月15日	1,172.71	1,197.59	1,204.56	1,153.18	1.58B	-5.19%
2009年2月8日	1,236.85	1,276.72	1,286.90	1,204.38	1.89B	-3.18%
2009年2月1日	1,277.49	1,168.13	1,280.40	1,167.49	2.00B	8.24%
2009年1月25日	1,180.25	1,177.44	1,245.98	1,169.21	1.86B	0.37%
2009年1月18日	1,175.89	1,193.98	1,195.89	1,136.61	1.68B	-1.86%
2009年1月11日	1,198.14	1,225.12	1,225.78	1,141.74	1.91B	-2.03%
2009年1月4日	1,223.01	1,254.70	1,286.08	1,217.59	1.70B	-3.22%
2008年12月28日	1,263.70	1,185.96	1,266.45	1,158.07	861.23M	6.60%
2008年12月21日	1,185.44	1,212.31	1,214.55	1,169.23	656.76M	-2.61%
2008年12月14日	1,217.19	1,206.88	1,244.81	1,167.45	2.23B	0.87%
2008年12月7日	1,206.65	1,202.78	1,251.56	1,157.15	2.10B	2.44%
2008年11月30日	1,177.87	1,156.53	1,180.09	1,091.04	2.27B	-0.66%
2008年11月23日	1,185.75	1,106.02	1,193.09	1,096.55	1.59B	9.23%
2008年11月16日	1,085.57	1,157.54	1,187.98	1,018.86	2.83B	-7.97%
2008年11月9日	1,179.63	1,297.97	1,298.09	1,109.89	2.17B	-7.23%
2008年11月2日	1,271.62	1,333.19	1,382.65	1,235.85	2.03B	-4.73%
2008年10月26日	1,334.78	1,182.62	1,358.75	1,167.70	2.75B	11.02%
2008年10月19日	1,202.27	1,329.68	1,352.76	1,149.12	2.77B	-8.34%
2008年10月12日	1,311.72	1,338.60	1,470.99	1,192.25	3.59B	3.30%
2008年10月5日	1,269.80	1,431.01	1,440.19	1,196.11	3.78B	-13.67%
2008年9月28日	1,470.84	1,638.38	1,643.22	1,469.00	2.40B	-12.03%
2008年9月21日	1,672.04	1,742.52	1,743.34	1,635.54	1.78B	-4.18%
2008年9月14日	1,745.06	1,721.78	1,773.83	1,606.30	3.25B	-1.25%
2008年9月7日	1,767.13	1,794.08	1,796.82	1,713.86	2.16B	-0.06%
2008年8月31日	1,768.23	1,904.21	1,912.72	1,740.44	1.55B	-5.57%
2008年8月24日	1,872.54	1,918.45	1,921.19	1,866.81	1.32B	-3.05%
2008年8月17日	1,931.47	1,962.17	1,963.51	1,886.24	1.36B	-1.33%
2008年8月10日	1,957.56	1,921.76	1,973.56	1,917.85	1.68B	1.63%
2008年8月3日	1,926.23	1,825.68	1,928.52	1,802.09	1.95B	5.46%
2008年7月27日	1,826.56	1,841.32	1,874.54	1,798.31	2.02B	-1.08%
2008年7月20日	1,846.55	1,831.86	1,865.19	1,784.26	2.08B	1.28%
2008年7月13日	1,823.23	1,834.86	1,862.99	1,761.08	2.32B	0.68%
2008年7月6日	1,810.88	1,834.28	1,871.28	1,784.39	2.27B	-0.30%
2008年6月29日	1,816.35	1,852.83	1,874.83	1,801.66	1.56B	-2.12%
2008年6月22日	1,855.72	1,936.71	1,951.49	1,829.30	2.04B	-3.77%
2008年6月15日	1,928.39	1,954.04	1,993.12	1,920.32	1.97B	-1.91%
2008年6月8日	1,966.01	1,995.37	1,997.94	1,909.89	2.08B	-1.22%
2008年6月1日	1,990.39	2,026.58	2,055.82	1,977.87	2.01B	-2.08%
2008年5月25日	2,032.57	1,965.00	2,040.97	1,963.05	1.38B	3.76%
2008年5月18日	1,958.96	2,031.82	2,050.79	1,943.85	1.73B	-3.56%
2008年5月11日	2,031.27	1,969.50	2,035.81	1,959.48	1.82B	3.62%
2008年5月4日	1,960.29	1,980.84	2,000.72	1,946.28	1.87B	-1.09%
2008年4月27日	1,981.87	1,920.53	1,996.52	1,912.81	1.88B	3.30%
2008年4月20日	1,918.58	1,892.97	1,942.98	1,867.72	1.92B	0.96%
2008年4月13日	1,900.28	1,796.77	1,908.00	1,776.60	1.69B	5.65%
2008年4月6日	1,798.72	1,878.30	1,885.93	1,794.82	1.72B	-3.60%
2008年3月30日	1,865.87	1,772.96	1,884.13	1,767.86	1.81B	5.56%
2008年3月23日	1,767.57	1,760.14	1,831.98	1,760.14	1.99B	0.89%
2008年3月16日	1,751.99	1,680.54	1,772.09	1,668.57	2.06B	2.23%
2008年3月9日	1,713.83	1,705.55	1,764.72	1,672.76	2.40B	0.37%
2008年3月2日	1,707.50	1,743.92	1,768.13	1,682.03	2.40B	-2.16%
2008年2月24日	1,745.27	1,773.05	1,808.65	1,740.90	2.37B	-1.59%
2008年2月17日	1,773.44	1,802.17	1,807.45	1,739.15	1.83B	-0.39%
2008年2月10日	1,780.38	1,780.36	1,824.22	1,767.34	2.23B	0.37%
2008年2月3日	1,773.74	1,854.62	1,854.62	1,714.86	2.68B	-4.39%
2008年1月27日	1,855.27	1,788.14	1,864.97	1,773.70	2.83B	3.69%
2008年1月20日	1,789.17	1,740.53	1,864.00	1,693.06	2.91B	-2.98%
2008年1月13日	1,844.09	1,940.33	1,952.55	1,829.62	3.21B	-3.59%
2008年1月6日	1,912.81	1,971.28	1,983.14	1,889.92	2.72B	-2.58%
2007年12月30日	1,963.52	2,097.91	2,102.39	1,963.02	1.57B	-6.81%
2007年12月23日	2,107.05	2,113.12	2,141.08	2,092.03	739.60M	-0.22%
2007年12月16日	2,111.77	2,064.45	2,111.77	1,999.59	2.00B	1.91%
2007年12月9日	2,072.11	2,131.67	2,147.68	2,069.94	1.97B	-2.72%
2007年12月2日	2,130.00	2,080.10	2,135.24	2,048.65	1.88B	1.96%
2007年11月25日	2,089.10	2,033.24	2,122.64	1,988.30	2.19B	2.97%
2007年11月18日	2,028.90	2,040.17	2,064.08	1,986.45	1.50B	-0.96%
2007年11月11日	2,048.62	2,028.91	2,091.06	1,980.18	2.58B	0.70%
2007年11月4日	2,034.30	2,193.06	2,224.43	2,033.88	2.86B	-8.11%
2007年10月28日	2,213.86	2,202.96	2,239.23	2,181.50	2.26B	0.88%
2007年10月21日	2,194.59	2,121.01	2,205.18	2,116.64	2.65B	2.98%
2007年10月14日	2,131.08	2,182.06	2,191.66	2,131.08	2.34B	-2.15%
2007年10月7日	2,177.99	2,151.11	2,194.14	2,127.07	1.96B	1.32%
2007年9月30日	2,149.67	2,092.60	2,151.72	2,088.79	1.67B	2.80%
2007年9月23日	2,091.11	2,054.77	2,101.96	2,047.51	1.83B	2.03%
2007年9月16日	2,049.48	1,993.50	2,056.27	1,975.29	2.23B	2.43%
2007年9月9日	2,000.82	1,975.67	2,006.37	1,943.27	1.93B	2.17%
2007年9月2日	1,958.35	1,989.28	2,032.10	1,949.87	1.64B	-1.53%
2007年8月26日	1,988.73	1,954.88	1,993.73	1,899.24	1.70B	1.39%
2007年8月19日	1,961.38	1,891.13	1,961.38	1,874.27	1.80B	3.84%
2007年8月12日	1,888.78	1,941.41	1,946.75	1,805.66	2.62B	-1.89%
2007年8月5日	1,925.14	1,931.38	1,995.00	1,896.69	2.81B	0.34%
2007年7月29日	1,918.56	1,961.78	1,992.53	1,912.10	2.66B	-1.92%
2007年7月22日	1,956.19	2,043.82	2,045.81	1,955.62	2.58B	-3.91%
2007年7月15日	2,035.88	2,030.34	2,060.29	2,019.17	2.29B	0.18%
2007年7月8日	2,032.16	1,989.76	2,032.28	1,965.61	1.97B	2.21%
2007年7月1日	1,988.31	1,943.28	1,989.43	1,939.74	1.16B	2.80%
2007年6月24日	1,934.10	1,924.18	1,947.00	1,899.92	2.06B	0.63%
2007年6月17日	1,921.94	1,947.79	1,948.58	1,915.77	2.06B	-1.05%
2007年6月10日	1,942.41	1,904.91	1,946.70	1,887.77	2.18B	1.90%
2007年6月3日	1,906.26	1,921.95	1,935.85	1,876.52	2.06B	-1.14%
2007年5月27日	1,928.26	1,891.07	1,940.81	1,884.45	1.56B	2.06%
2007年5月20日	1,889.25	1,899.60	1,925.43	1,869.51	1.90B	-0.40%
2007年5月13日	1,896.93	1,902.10	1,906.38	1,866.98	2.06B	-0.10%
2007年5月6日	1,898.79	1,896.10	1,909.30	1,874.24	1.87B	0.16%
2007年4月29日	1,895.70	1,891.81	1,905.85	1,857.33	2.19B	0.25%
2007年4月22日	1,891.06	1,848.49	1,896.77	1,844.05	2.43B	2.45%
2007年4月15日	1,845.89	1,823.69	1,856.43	1,819.31	2.06B	1.60%
2007年4月8日	1,816.85	1,818.75	1,819.04	1,788.40	1.80B	0.22%
2007年4月1日	1,812.94	1,775.92	1,812.94	1,761.65	1.29B	2.29%
2007年3月25日	1,772.36	1,796.01	1,802.95	1,753.43	1.90B	-1.21%
2007年3月18日	1,794.04	1,752.19	1,807.43	1,747.05	3.81B	2.97%
2007年3月11日	1,742.23	1,742.98	1,758.49	1,711.28	4.19B	-0.14%
2007年3月4日	1,744.74	1,726.03	1,760.96	1,710.97	4.34B	1.08%
2007年2月25日	1,726.03	1,848.48	1,849.09	1,717.95	5.57B	-6.18%
2007年2月18日	1,839.77	1,817.84	1,851.47	1,808.11	3.71B	1.00%
2007年2月11日	1,821.49	1,787.11	1,824.09	1,774.25	3.90B	2.01%
2007年2月4日	1,785.53	1,796.48	1,819.30	1,776.51	4.45B	-0.70%
2007年1月28日	1,798.13	1,771.05	1,806.81	1,764.63	4.44B	1.42%
2007年1月21日	1,772.97	1,800.33	1,810.24	1,763.30	4.86B	-1.33%
2007年1月14日	1,796.81	1,844.73	1,847.54	1,787.52	4.35B	-2.60%
2007年1月7日	1,844.81	1,786.39	1,845.68	1,776.73	6.17B	3.33%
2006年12月31日	1,785.30	1,769.22	1,799.07	1,731.71	2.95B	1.62%
2006年12月24日	1,756.90	1,746.86	1,774.64	1,746.07	1.79B	0.47%
2006年12月17日	1,748.61	1,812.93	1,820.94	1,748.61	3.48B	-3.31%
2006年12月10日	1,808.56	1,786.21	1,821.18	1,771.30	4.15B	1.25%
2006年12月3日	1,786.21	1,782.60	1,810.82	1,767.83	4.05B	0.62%
2006年11月26日	1,775.12	1,810.91	1,813.92	1,760.01	3.94B	-2.23%
2006年11月19日	1,815.53	1,795.68	1,824.21	1,790.47	2.51B	0.83%
2006年11月12日	1,800.67	1,751.84	1,806.00	1,749.52	4.12B	2.83%
2006年11月5日	1,751.11	1,712.03	1,762.95	1,712.03	4.39B	2.77%
2006年10月29日	1,703.98	1,715.79	1,739.79	1,693.19	3.92B	-0.79%
2006年10月22日	1,717.61	1,706.18	1,745.79	1,702.58	4.50B	0.47%
2006年10月15日	1,709.58	1,728.23	1,733.73	1,693.19	4.18B	-1.02%
2006年10月8日	1,727.21	1,683.20	1,729.26	1,675.98	4.01B	2.51%
2006年10月1日	1,684.88	1,650.32	1,690.80	1,623.07	4.26B	1.86%
2006年9月24日	1,654.13	1,631.34	1,666.03	1,615.14	4.32B	1.96%
2006年9月17日	1,622.37	1,631.48	1,654.40	1,608.51	4.70B	-0.62%
2006年9月10日	1,632.44	1,563.08	1,645.60	1,558.17	4.62B	3.67%
2006年9月3日	1,574.71	1,589.92	1,605.02	1,560.05	3.02B	-0.93%
2006年8月27日	1,589.47	1,557.21	1,593.66	1,552.40	3.35B	2.04%
2006年8月20日	1,557.70	1,566.16	1,577.54	1,542.57	3.19B	-1.19%
2006年8月13日	1,576.46	1,500.65	1,584.72	1,493.74	4.27B	6.03%
2006年8月6日	1,486.74	1,501.43	1,517.90	1,476.48	3.59B	-1.14%
2006年7月30日	1,503.84	1,506.81	1,530.04	1,476.06	3.86B	-0.43%
2006年7月23日	1,510.30	1,459.39	1,511.00	1,457.11	4.59B	4.02%
2006年7月16日	1,451.88	1,462.39	1,498.32	1,446.77	5.04B	-0.70%
2006年7月9日	1,462.17	1,538.78	1,543.12	1,456.38	4.28B	-4.66%
2006年7月2日	1,533.71	1,580.63	1,586.44	1,529.40	2.31B	-2.64%
2006年6月25日	1,575.23	1,553.48	1,590.83	1,520.93	3.92B	1.56%
2006年6月18日	1,551.05	1,568.38	1,585.88	1,543.85	3.82B	-0.75%
2006年6月11日	1,562.84	1,553.65	1,576.79	1,511.53	1.78B	0.77%
2006年6月4日	1,550.97	1,606.11	1,612.90	1,525.78	-	-3.84%
2006年5月28日	1,612.90	1,599.11	1,626.29	1,568.22	-	0.41%
2006年5月21日	1,606.37	1,587.98	1,606.46	1,554.76	-	0.34%
2006年5月14日	1,600.86	1,629.25	1,640.10	1,575.81	-	-2.14%
2006年5月7日	1,635.81	1,713.74	1,721.13	1,634.65	-	-4.55%
2006年4月30日	1,713.84	1,706.80	1,716.19	1,679.26	-	0.77%
2006年4月23日	1,700.71	1,706.51	1,727.79	1,688.25	-	-0.49%
2006年4月16日	1,709.02	1,710.91	1,741.35	1,684.35	-	-0.18%
2006年4月9日	1,712.07	1,724.65	1,727.82	1,696.67	-	-0.64%
2006年4月2日	1,723.03	1,715.12	1,750.23	1,704.92	-	1.14%
2006年3月26日	1,703.66	1,678.93	1,720.20	1,667.95	-	1.42%
2006年3月19日	1,679.81	1,690.90	1,707.69	1,660.82	-	-0.35%
2006年3月12日	1,685.66	1,655.35	1,703.11	1,650.93	-	2.27%
2006年3月5日	1,648.23	1,688.87	1,691.11	1,634.25	-	-2.14%
2006年2月26日	1,684.32	1,681.45	1,706.41	1,665.63	-	0.47%
2006年2月19日	1,676.50	1,675.88	1,687.59	1,650.94	-	0.08%
2006年2月12日	1,675.21	1,653.76	1,688.61	1,638.53	-	0.69%
2006年2月5日	1,663.75	1,663.71	1,681.92	1,637.26	-	-0.05%
2006年1月29日	1,664.53	1,712.84	1,720.88	1,658.38	-	-2.72%
2006年1月22日	1,711.11	1,681.46	1,722.93	1,670.33	-	2.07%
2006年1月15日	1,676.38	1,733.91	1,740.59	1,674.32	-	-4.03%
2006年1月8日	1,746.78	1,734.50	1,761.46	1,729.60	-	0.68%
2006年1月1日	1,734.99	1,654.39	1,735.50	1,633.62	-	5.46%
2005年12月25日	1,645.20	1,686.92	1,693.58	1,641.86	-	-2.24%
2005年12月18日	1,682.92	1,692.21	1,694.65	1,657.71	-	-0.34%
2005年12月11日	1,688.68	1,698.15	1,711.83	1,688.07	-	-0.23%
2005年12月4日	1,692.62	1,704.12	1,716.65	1,674.74	-	-0.96%
2005年11月27日	1,709.10	1,702.40	1,709.10	1,671.34	-	0.47%
2005年11月20日	1,701.05	1,678.70	1,704.42	1,673.05	-	1.26%
2005年11月13日	1,679.85	1,653.65	1,689.59	1,638.97	-	1.60%
2005年11月6日	1,653.36	1,630.76	1,659.72	1,620.74	-	1.56%
2005年10月30日	1,628.03	1,559.84	1,631.79	1,559.84	-	4.55%
2005年10月23日	1,557.11	1,570.33	1,593.47	1,538.78	-	-0.51%
2005年10月16日	1,565.12	1,544.58	1,576.46	1,526.82	-	1.35%
2005年10月9日	1,544.29	1,554.74	1,560.65	1,515.42	-	-0.75%
2005年10月2日	1,555.92	1,603.47	1,617.77	1,540.34	-	-2.86%
2005年9月25日	1,601.66	1,581.16	1,601.69	1,560.87	-	1.90%
2005年9月18日	1,571.75	1,595.08	1,604.02	1,551.81	-	-1.73%
2005年9月11日	1,599.44	1,607.60	1,619.12	1,585.07	-	-0.52%
2005年9月4日	1,607.83	1,580.21	1,610.12	1,578.99	-	2.21%
2005年8月28日	1,573.12	1,551.36	1,587.82	1,551.31	-	0.92%
2005年8月21日	1,558.84	1,577.15	1,588.92	1,552.99	-	-0.95%
2005年8月14日	1,573.72	1,587.59	1,606.96	1,572.44	-	-1.13%
2005年8月7日	1,591.75	1,604.23	1,610.21	1,581.41	-	-0.61%
2005年7月31日	1,601.59	1,609.74	1,628.57	1,600.25	-	-0.22%
2005年7月24日	1,605.14	1,600.62	1,619.95	1,591.40	-	0.27%
2005年7月17日	1,600.76	1,573.62	1,610.84	1,570.02	-	1.45%
2005年7月10日	1,577.82	1,536.45	1,582.40	1,535.07	-	2.91%
2005年7月3日	1,533.27	1,485.96	1,534.29	1,484.18	-	2.87%
2005年6月26日	1,490.53	1,497.29	1,512.77	1,489.74	-	-0.64%
2005年6月19日	1,500.18	1,529.65	1,549.00	1,500.18	-	-2.47%
2005年6月12日	1,538.13	1,519.61	1,550.63	1,510.82	-	1.12%
2005年6月5日	1,521.02	1,544.96	1,559.53	1,515.96	-	-1.52%
2005年5月29日	1,544.48	1,549.48	1,568.96	1,538.54	-	-0.34%
2005年5月22日	1,549.80	1,526.97	1,551.12	1,524.41	-	1.42%
2005年5月15日	1,528.06	1,470.31	1,528.06	1,465.85	-	3.91%
2005年5月8日	1,470.63	1,455.68	1,478.89	1,432.83	-	1.00%
2005年5月1日	1,456.00	1,421.90	1,460.76	1,415.60	-	2.48%
2005年4月24日	1,420.79	1,430.99	1,446.82	1,394.36	-	-0.03%
2005年4月17日	1,421.21	1,406.30	1,448.37	1,404.86	-	0.90%
2005年4月10日	1,408.59	1,490.43	1,492.32	1,407.82	-	-5.18%
2005年4月3日	1,485.60	1,469.42	1,503.21	1,461.27	-	1.11%
2005年3月27日	1,469.35	1,476.40	1,495.58	1,458.26	-	-0.04%
2005年3月20日	1,469.94	1,483.16	1,490.57	1,463.43	-	-0.97%
2005年3月13日	1,484.40	1,509.19	1,520.43	1,475.26	-	-1.41%
2005年3月6日	1,505.64	1,524.04	1,552.53	1,501.99	-	-0.98%
2005年2月27日	1,520.58	1,517.06	1,541.14	1,498.17	-	-0.41%
2005年2月20日	1,526.90	1,502.94	1,528.00	1,489.99	-	0.76%
2005年2月13日	1,515.40	1,531.19	1,561.17	1,512.73	-	-0.99%
2005年2月6日	1,530.51	1,534.48	1,542.41	1,497.35	-	-0.26%
2005年1月30日	1,534.49	1,515.16	1,534.97	1,501.96	-	2.34%
2005年1月23日	1,499.46	1,507.79	1,513.44	1,480.66	-	-0.28%
2005年1月16日	1,503.64	1,554.19	1,574.39	1,502.48	-	-3.68%
2005年1月9日	1,561.11	1,561.23	1,577.71	1,543.04	-	-0.24%
2005年1月2日	1,564.81	1,628.75	1,635.45	1,551.29	-	-3.47%
2004年12月26日	1,621.12	1,621.33	1,629.90	1,600.25	-	0.46%
2004年12月19日	1,613.77	1,603.84	1,619.56	1,587.21	-	1.07%
2004年12月12日	1,596.61	1,617.53	1,635.70	1,596.48	-	-0.53%
2004年12月5日	1,605.16	1,612.33	1,628.25	1,577.77	-	-0.57%
2004年11月28日	1,614.40	1,586.46	1,631.90	1,567.27	-	2.29%
2004年11月21日	1,578.26	1,551.16	1,587.08	1,543.97	-	1.68%
2004年11月14日	1,552.11	1,554.31	1,581.79	1,541.84	-	-0.40%
2004年11月7日	1,558.41	1,525.13	1,558.41	1,514.32	-	2.17%
2004年10月31日	1,525.24	1,486.25	1,534.84	1,479.86	-	2.59%
2004年10月24日	1,486.72	1,435.68	1,496.98	1,423.98	-	3.37%
2004年10月17日	1,438.25	1,428.08	1,478.46	1,424.82	-	0.51%
2004年10月10日	1,430.98	1,435.54	1,453.72	1,416.29	-	0.00%
2004年10月3日	1,430.96	1,463.22	1,474.70	1,428.11	-	-1.51%
2004年9月26日	1,452.94	1,389.94	1,452.94	1,376.99	-	3.85%
2004年9月19日	1,399.05	1,417.39	1,440.81	1,397.50	-	-1.91%
2004年9月12日	1,426.30	1,417.84	1,435.95	1,412.54	-	0.94%
2004年9月5日	1,413.00	1,382.48	1,414.55	1,372.53	-	3.00%
2004年8月29日	1,371.82	1,383.12	1,402.07	1,354.10	-	-1.21%
2004年8月22日	1,388.56	1,370.51	1,393.23	1,360.82	-	1.60%
2004年8月15日	1,366.73	1,309.50	1,373.01	1,309.50	-	4.50%
2004年8月8日	1,307.82	1,320.83	1,346.71	1,301.93	-	-0.57%
2004年8月1日	1,315.30	1,390.21	1,408.31	1,314.97	-	-6.08%
2004年7月25日	1,400.39	1,376.80	1,412.00	1,359.20	-	1.81%
2004年7月18日	1,375.48	1,398.92	1,433.27	1,370.70	-	-1.20%
2004年7月11日	1,392.17	1,429.91	1,439.78	1,392.17	-	-3.32%
2004年7月4日	1,440.00	1,470.47	1,471.21	1,430.81	-	-2.78%
2004年6月27日	1,481.19	1,507.32	1,523.48	1,473.73	-	-1.15%
2004年6月20日	1,498.38	1,467.98	1,503.91	1,448.82	-	2.30%
2004年6月13日	1,464.65	1,470.62	1,487.83	1,451.78	-	-1.12%
2004年6月6日	1,481.27	1,465.56	1,496.00	1,464.01	-	1.80%
2004年5月30日	1,455.04	1,457.71	1,474.10	1,445.21	-	-0.76%
2004年5月23日	1,466.22	1,418.77	1,469.23	1,406.20	-	4.12%
2004年5月16日	1,408.17	1,379.99	1,427.51	1,372.46	-	0.59%
2004年5月9日	1,399.85	1,395.21	1,425.69	1,378.64	-	-0.45%
2004年5月2日	1,406.19	1,409.06	1,438.49	1,403.36	-	0.34%
2004年4月25日	1,401.36	1,496.67	1,499.45	1,401.36	-	-6.39%
2004年4月18日	1,497.01	1,448.89	1,497.17	1,434.16	-	3.31%
2004年4月11日	1,449.06	1,489.59	1,502.52	1,440.56	-	-2.45%
2004年4月4日	1,485.51	1,488.45	1,508.37	1,475.62	-	-0.32%
2004年3月28日	1,490.30	1,429.54	1,490.30	1,429.09	-	5.29%
2004年3月21日	1,415.39	1,386.76	1,431.23	1,368.08	-	1.20%
2004年3月14日	1,398.58	1,423.15	1,432.23	1,394.11	-	-2.29%
2004年3月7日	1,431.40	1,476.85	1,481.19	1,402.20	-	-2.82%
2004年2月29日	1,472.99	1,476.04	1,494.67	1,456.87	-	0.18%
2004年2月22日	1,470.38	1,488.28	1,489.40	1,452.49	-	-0.79%
2004年2月15日	1,482.10	1,498.70	1,524.09	1,470.92	-	-0.16%
2004年2月8日	1,484.47	1,502.32	1,516.21	1,478.54	-	-0.97%
2004年2月1日	1,498.95	1,497.78	1,507.59	1,461.01	-	0.39%
2004年1月25日	1,493.08	1,526.57	1,553.66	1,474.13	-	-2.49%
2004年1月18日	1,531.21	1,558.89	1,559.47	1,519.74	-	-1.44%
2004年1月11日	1,553.62	1,524.54	1,553.64	1,513.21	-	2.18%
2004年1月4日	1,520.46	1,474.55	1,541.84	1,474.19	-	3.89%
2003年12月28日	1,463.57	1,447.62	1,479.59	1,447.62	-	1.37%
2003年12月21日	1,443.86	1,422.79	1,451.21	1,419.82	-	1.24%
2003年12月14日	1,426.17	1,442.05	1,442.65	1,384.52	-	0.63%
2003年12月7日	1,417.27	1,406.02	1,425.01	1,372.87	-	0.74%
2003年11月30日	1,406.91	1,434.10	1,452.03	1,405.55	-	-1.22%
2003年11月23日	1,424.25	1,385.20	1,426.76	1,385.20	-	3.71%
2003年11月16日	1,373.32	1,399.38	1,405.94	1,357.25	-	-2.43%
2003年11月9日	1,407.51	1,435.87	1,448.06	1,401.45	-	-2.03%
2003年11月2日	1,436.73	1,423.13	1,453.46	1,414.37	-	1.44%
2003年10月26日	1,416.39	1,378.95	1,437.76	1,369.38	-	3.34%
2003年10月19日	1,370.61	1,395.41	1,424.80	1,346.01	-	-1.68%
2003年10月12日	1,394.02	1,412.37	1,439.97	1,392.08	-	-0.77%
2003年10月5日	1,404.87	1,378.20	1,418.09	1,368.13	-	2.15%
2003年9月28日	1,375.32	1,318.33	1,385.79	1,302.26	-	5.04%
2003年9月21日	1,309.31	1,371.18	1,388.67	1,309.20	-	-5.96%
2003年9月14日	1,392.26	1,359.97	1,406.61	1,345.94	-	2.55%
2003年9月7日	1,357.63	1,366.55	1,387.45	1,327.92	-	-0.31%
2003年8月31日	1,361.90	1,347.64	1,380.24	1,333.29	-	1.54%
2003年8月24日	1,341.20	1,302.50	1,344.74	1,280.59	-	2.81%
2003年8月17日	1,304.54	1,258.18	1,342.64	1,256.90	-	4.06%
2003年8月10日	1,253.63	1,209.35	1,257.46	1,208.33	-	3.84%
2003年8月3日	1,207.28	1,263.62	1,277.07	1,204.29	-	-4.51%
2003年7月27日	1,264.34	1,281.50	1,298.81	1,257.13	-	-1.09%
2003年7月20日	1,278.31	1,256.12	1,287.45	1,232.16	-	1.46%
2003年7月13日	1,259.91	1,301.19	1,316.42	1,244.11	-	-1.61%
2003年7月6日	1,280.57	1,250.03	1,307.03	1,250.03	-	4.00%
2003年6月29日	1,231.34	1,212.51	1,250.62	1,180.11	-	2.16%
2003年6月22日	1,205.25	1,220.19	1,229.11	1,186.53	-	-1.46%
2003年6月15日	1,223.13	1,211.58	1,255.39	1,206.13	-	1.60%
2003年6月8日	1,203.91	1,206.95	1,235.88	1,188.04	-	-0.76%
2003年6月1日	1,213.11	1,210.77	1,265.69	1,180.01	-	1.27%
2003年5月25日	1,197.89	1,123.66	1,201.25	1,123.25	-	6.00%
2003年5月18日	1,130.05	1,146.74	1,152.59	1,103.20	-	-2.12%
2003年5月11日	1,154.48	1,141.08	1,165.53	1,133.89	-	0.96%
2003年5月4日	1,143.55	1,139.60	1,161.00	1,116.67	-	0.62%
2003年4月27日	1,136.51	1,086.58	1,137.45	1,084.77	-	4.92%
2003年4月20日	1,083.19	1,083.75	1,115.67	1,070.86	-	-0.03%
2003年4月13日	1,083.56	1,028.00	1,084.81	1,025.80	-	5.59%
2003年4月6日	1,026.15	1,089.93	1,091.74	1,018.17	-	-2.34%
2003年3月30日	1,050.71	1,028.43	1,078.76	1,014.96	-	0.38%
2003年3月23日	1,046.72	1,064.65	1,075.43	1,044.38	-	-4.24%
2003年3月16日	1,093.12	1,021.97	1,099.61	1,018.76	-	6.08%
2003年3月9日	1,030.45	977.95	1,042.56	946.79	-	4.42%
2003年3月2日	986.82	1,015.87	1,023.47	964.25	-	-2.27%
2003年2月23日	1,009.74	1,009.14	1,013.34	969.56	-	-0.61%
2003年2月16日	1,015.92	990.21	1,019.25	986.73	-	3.44%
2003年2月9日	982.09	961.69	989.32	938.52	-	2.62%
2003年2月2日	957.05	987.37	999.16	951.67	-	-2.64%
2003年1月26日	983.05	985.08	1,022.98	968.34	-	-1.32%
2003年1月19日	996.18	1,022.94	1,039.16	992.85	-	-2.10%
2003年1月12日	1,017.58	1,101.24	1,104.32	1,017.53	-	-6.42%
2003年1月5日	1,087.36	1,034.02	1,096.45	1,034.02	-	5.40%
2002年12月29日	1,031.63	999.39	1,033.37	977.59	-	3.39%
2002年12月22日	997.85	1,012.46	1,041.49	996.10	-	-1.55%
2002年12月15日	1,013.51	1,011.89	1,052.59	999.80	-	0.76%
2002年12月8日	1,005.85	1,054.87	1,055.36	1,005.85	-	-5.64%
2002年12月1日	1,065.97	1,144.21	1,155.68	1,035.55	-	-4.49%
2002年11月24日	1,116.10	1,118.01	1,134.60	1,083.86	-	0.01%
2002年11月17日	1,116.01	1,073.89	1,122.51	1,019.07	-	5.16%
2002年11月10日	1,061.28	1,004.41	1,062.86	972.34	-	5.24%
2002年11月3日	1,008.44	1,049.49	1,070.51	1,004.04	-	-1.04%
2002年10月27日	1,019.06	1,007.72	1,020.59	941.17	-	2.36%
2002年10月20日	995.55	945.86	998.54	937.55	-	4.12%
2002年10月13日	956.13	878.75	957.16	876.21	-	7.36%
2002年10月6日	890.61	813.06	899.46	795.25	-	9.22%
2002年9月29日	815.40	848.72	882.77	809.94	-	-5.22%
2002年9月22日	860.35	860.99	897.45	830.21	-	-1.29%
2002年9月15日	871.60	919.10	932.91	864.13	-	-5.65%
2002年9月8日	923.83	913.68	978.46	901.13	-	0.17%
2002年9月1日	922.22	928.50	932.96	882.85	-	-2.14%
2002年8月25日	942.38	1,017.62	1,021.66	926.61	-	-6.74%
2002年8月18日	1,010.49	997.39	1,052.49	993.46	-	1.45%
2002年8月11日	996.06	925.68	1,004.22	904.47	-	6.27%
2002年8月4日	937.33	889.49	953.38	856.35	-	5.02%
2002年7月28日	892.51	935.05	992.34	878.48	-	-2.02%
2002年7月21日	910.91	958.34	980.64	869.17	-	-5.65%
2002年7月14日	965.45	990.98	1,060.77	955.29	-	-3.53%
2002年7月7日	1,000.82	1,051.27	1,066.28	945.85	-	-5.66%
2002年6月30日	1,060.89	1,044.48	1,061.05	950.33	-	0.90%
2002年6月23日	1,051.41	1,023.06	1,075.63	979.87	-	1.52%
2002年6月16日	1,035.63	1,126.54	1,163.46	1,031.95	-	-6.67%
2002年6月9日	1,109.60	1,142.51	1,155.76	1,055.57	-	-2.69%
2002年6月2日	1,140.24	1,205.20	1,213.18	1,106.61	-	-5.64%
2002年5月26日	1,208.34	1,264.13	1,264.86	1,202.24	-	-3.57%
2002年5月19日	1,253.03	1,309.83	1,313.26	1,233.78	-	-5.49%
2002年5月12日	1,325.80	1,200.69	1,350.54	1,192.90	-	11.53%
2002年5月5日	1,188.78	1,191.53	1,282.44	1,142.25	-	-0.16%
2002年4月28日	1,190.74	1,256.58	1,292.19	1,185.79	-	-4.81%
2002年4月21日	1,250.89	1,365.34	1,365.34	1,250.82	-	-9.68%
2002年4月14日	1,385.01	1,358.76	1,426.01	1,336.42	-	2.45%
2002年4月7日	1,351.85	1,346.77	1,405.10	1,322.25	-	-1.81%
2002年3月31日	1,376.72	1,440.38	1,481.74	1,375.63	-	-5.24%
2002年3月24日	1,452.81	1,473.62	1,481.97	1,423.03	-	-1.18%
2002年3月17日	1,470.10	1,511.83	1,523.27	1,443.17	-	-1.69%
2002年3月10日	1,495.41	1,542.09	1,573.42	1,470.49	-	-3.84%
2002年3月3日	1,555.11	1,434.69	1,562.97	1,422.22	-	8.34%
2002年2月24日	1,435.41	1,366.44	1,435.81	1,356.04	-	5.84%
2002年2月17日	1,356.16	1,421.07	1,424.04	1,329.93	-	-5.61%
2002年2月10日	1,436.70	1,451.13	1,508.25	1,432.96	-	-1.07%
2002年2月3日	1,452.17	1,526.32	1,528.30	1,405.79	-	-4.97%
2002年1月27日	1,528.15	1,573.39	1,582.65	1,481.46	-	-1.93%
2002年1月20日	1,558.26	1,567.59	1,586.34	1,500.89	-	0.65%
2002年1月13日	1,548.22	1,624.91	1,633.12	1,537.99	-	-5.26%
2002年1月6日	1,634.17	1,691.36	1,710.23	1,627.42	-	-2.44%
2001年12月30日	1,675.03	1,617.35	1,698.46	1,565.08	-	3.32%
2001年12月23日	1,621.13	1,581.16	1,637.57	1,575.01	-	2.72%
2001年12月16日	1,578.27	1,607.08	1,665.39	1,557.18	-	-1.71%
2001年12月9日	1,605.67	1,658.47	1,695.15	1,590.71	-	-4.08%
2001年12月2日	1,673.90	1,576.26	1,734.58	1,562.73	-	4.88%
2001年11月25日	1,596.05	1,590.05	1,644.38	1,557.03	-	1.18%
2001年11月18日	1,577.47	1,597.80	1,618.19	1,526.08	-	-0.30%
2001年11月11日	1,582.14	1,511.77	1,614.77	1,463.12	-	4.43%
2001年11月4日	1,514.96	1,453.94	1,580.59	1,453.75	-	6.25%
2001年10月28日	1,425.78	1,445.64	1,450.68	1,320.48	-	-2.00%
2001年10月21日	1,454.90	1,340.96	1,487.40	1,333.62	-	7.96%
2001年10月14日	1,347.59	1,370.20	1,440.63	1,302.53	-	-3.32%
2001年10月7日	1,393.84	1,249.32	1,396.29	1,235.42	-	9.60%
2001年9月30日	1,271.73	1,161.74	1,313.64	1,131.32	-	8.85%
2001年9月23日	1,168.37	1,166.72	1,255.94	1,101.39	-	3.68%
2001年9月16日	1,126.95	1,277.12	1,310.23	1,088.96	-	-17.46%
2001年9月9日	1,365.39	1,342.08	1,375.60	1,339.41	-	0.82%
2001年9月2日	1,354.27	1,466.32	1,502.67	1,339.89	-	-7.85%
2001年8月26日	1,469.70	1,576.16	1,601.97	1,438.91	-	-6.96%
2001年8月19日	1,579.62	1,518.19	1,579.68	1,467.58	-	4.16%
2001年8月12日	1,516.58	1,627.34	1,672.07	1,514.00	-	-6.24%
2001年8月5日	1,617.45	1,705.88	1,718.59	1,576.07	-	-6.28%
2001年7月29日	1,725.90	1,689.21	1,766.58	1,662.67	-	2.54%
2001年7月22日	1,683.18	1,695.20	1,699.44	1,580.57	-	0.40%
2001年7月15日	1,676.46	1,743.09	1,758.93	1,652.00	-	-4.26%
2001年7月8日	1,751.11	1,680.88	1,782.52	1,600.19	-	4.95%
2001年7月1日	1,668.59	1,831.42	1,864.20	1,666.62	-	-8.83%
2001年6月24日	1,830.19	1,752.71	1,865.36	1,705.93	-	5.95%
2001年6月17日	1,727.47	1,712.04	1,774.25	1,655.26	-	1.52%
2001年6月10日	1,701.53	1,885.17	1,885.17	1,657.65	-	-10.27%
2001年6月3日	1,896.22	1,861.12	1,963.83	1,819.08	-	3.01%
2001年5月27日	1,840.83	1,946.57	1,946.57	1,768.98	-	-6.12%
2001年5月20日	1,960.74	1,931.29	2,070.61	1,927.04	-	1.71%
2001年5月13日	1,927.69	1,819.39	1,955.77	1,768.62	-	5.85%
2001年5月6日	1,821.20	1,924.68	1,948.02	1,810.89	-	-5.33%
2001年4月29日	1,923.81	1,855.90	1,980.13	1,810.86	-	6.26%
2001年4月22日	1,810.47	1,881.52	1,881.54	1,743.45	-	-6.37%
2001年4月15日	1,933.57	1,682.17	1,981.90	1,603.99	-	12.79%
2001年4月8日	1,714.29	1,472.81	1,714.69	1,437.85	-	18.38%
2001年4月1日	1,448.16	1,569.66	1,594.36	1,348.52	-	-7.95%
2001年3月25日	1,573.25	1,735.53	1,751.14	1,530.14	-	-7.73%
2001年3月18日	1,705.02	1,659.70	1,754.65	1,582.48	-	3.49%
2001年3月11日	1,647.51	1,758.06	1,813.68	1,627.80	-	-9.13%
2001年3月4日	1,813.02	1,908.62	2,029.01	1,802.91	-	-3.63%
2001年2月25日	1,881.34	2,088.03	2,103.63	1,837.85	-	-8.50%
2001年2月18日	2,056.06	2,229.91	2,235.74	1,935.21	-	-7.07%
2001年2月11日	2,212.51	2,247.20	2,423.65	2,173.42	-	-2.18%
2001年2月4日	2,261.77	2,447.72	2,531.05	2,247.52	-	-8.51%
2001年1月28日	2,472.18	2,601.67	2,718.51	2,471.51	-	-6.06%
2001年1月21日	2,631.78	2,639.61	2,771.63	2,526.55	-	-0.90%
2001年1月14日	2,655.68	2,502.66	2,740.76	2,432.87	-	5.97%
2001年1月7日	2,506.05	2,245.44	2,591.55	2,151.16	-	10.50%
2000年12月31日	2,267.85	2,341.28	2,547.04	2,087.32	-	-3.15%
2000年12月24日	2,341.70	2,435.51	2,505.65	2,328.86	-	-3.88%
2000年12月17日	2,436.26	2,604.08	2,639.00	2,174.76	-	-4.44%
2000年12月10日	2,549.48	2,900.28	2,990.83	2,511.35	-	-11.95%
2000年12月3日	2,895.39	2,572.88	2,914.97	2,475.63	-	13.56%
2000年11月26日	2,549.74	2,910.57	2,913.76	2,426.41	-	-9.91%
2000年11月19日	2,830.09	2,838.29	2,885.31	2,667.11	-	-3.57%
2000年11月12日	2,934.81	2,798.95	3,128.37	2,742.47	-	1.54%
2000年11月5日	2,890.26	3,346.15	3,369.47	2,890.02	-	-12.99%
2000年10月29日	3,321.91	3,128.94	3,359.99	3,038.41	-	4.62%
2000年10月22日	3,175.25	3,451.40	3,498.04	2,956.20	-	-8.14%
2000年10月15日	3,456.61	3,265.96	3,514.96	2,982.04	-	5.46%
2000年10月8日	3,277.77	3,306.75	3,359.93	2,990.99	-	-1.03%
2000年10月1日	3,311.94	3,613.74	3,613.86	3,262.80	-	-7.24%
2000年9月24日	3,570.61	3,753.31	3,774.78	3,533.67	-	-3.53%
2000年9月17日	3,701.18	3,676.33	3,810.30	3,505.18	-	0.68%
2000年9月10日	3,676.33	3,813.44	3,852.45	3,610.65	-	-3.60%
2000年9月3日	3,813.44	4,085.89	4,085.89	3,811.60	-	-6.97%
2000年8月27日	4,099.30	3,933.33	4,147.19	3,921.49	-	4.27%
2000年8月20日	3,931.25	3,809.86	3,986.73	3,760.12	-	3.25%
2000年8月13日	3,807.51	3,644.63	3,868.74	3,616.71	-	4.47%
2000年8月6日	3,644.61	3,618.63	3,780.43	3,521.53	-	0.72%
2000年7月30日	3,618.63	3,477.53	3,715.57	3,341.83	-	4.06%
2000年7月23日	3,477.31	3,908.75	3,966.83	3,452.95	-	-11.04%
2000年7月16日	3,908.75	4,041.15	4,089.04	3,835.12	-	-3.28%
2000年7月9日	4,041.15	3,841.51	4,051.90	3,720.02	-	5.20%
2000年7月2日	3,841.27	3,763.79	3,884.84	3,610.27	-	2.06%
2000年6月25日	3,763.79	3,685.30	3,840.54	3,634.03	-	2.13%
2000年6月18日	3,685.30	3,787.36	3,990.21	3,669.40	-	-2.69%
2000年6月11日	3,787.36	3,761.15	3,817.85	3,582.52	-	0.72%
2000年6月4日	3,760.26	3,742.28	3,817.25	3,599.53	-	0.12%
2000年5月28日	3,755.67	3,101.43	3,759.81	3,101.43	-	21.09%
2000年5月21日	3,101.44	3,261.47	3,298.46	2,897.27	-	-4.88%
2000年5月14日	3,260.64	3,404.56	3,653.76	3,259.18	-	-4.27%
2000年5月7日	3,406.25	3,688.36	3,688.36	3,234.96	-	-7.65%
2000年4月30日	3,688.36	3,789.20	3,871.93	3,435.30	-	-2.25%
2000年4月23日	3,773.18	3,448.23	3,790.78	3,200.90	-	7.64%
2000年4月16日	3,505.29	3,194.50	3,753.45	3,107.42	-	9.35%
2000年4月9日	3,205.70	4,293.63	4,308.62	3,138.42	-	-25.30%
2000年4月2日	4,291.53	4,355.70	4,355.70	3,525.44	-	-2.42%
2000年3月26日	4,397.84	4,687.60	4,781.19	4,151.12	-	-6.26%
2000年3月19日	4,691.61	4,443.35	4,816.35	4,155.34	-	5.66%
2000年3月12日	4,440.45	4,585.16	4,585.16	4,049.98	-	-3.20%
2000年3月5日	4,587.16	4,448.48	4,659.72	4,266.87	-	3.25%
2000年2月27日	4,442.87	4,178.58	4,442.87	4,024.08	-	6.32%
2000年2月20日	4,178.58	3,970.53	4,297.46	3,856.02	-	5.37%
2000年2月13日	3,965.75	3,969.95	4,135.60	3,848.37	-	-0.08%
2000年2月6日	3,968.89	3,873.43	4,090.07	3,858.89	-	2.44%
2000年1月30日	3,874.37	3,438.09	3,929.81	3,349.06	-	12.43%
2000年1月23日	3,446.13	3,888.33	3,905.10	3,409.59	-	-10.49%
2000年1月16日	3,849.96	3,704.74	3,891.81	3,665.87	-	3.92%
2000年1月9日	3,704.74	3,558.21	3,756.17	3,447.90	-	4.96%
2000年1月2日	3,529.60	3,755.74	3,836.86	3,314.75	-	-4.81%
1999年12月26日	3,707.83	3,588.43	3,750.41	3,521.85	-	3.27%
1999年12月19日	3,590.28	3,361.97	3,625.58	3,351.53	-	6.86%
1999年12月12日	3,359.86	3,198.35	3,434.22	3,121.32	-	4.89%
1999年12月5日	3,203.28	3,172.31	3,223.63	3,093.98	-	0.97%
1999年11月28日	3,172.37	3,114.88	3,209.93	2,956.79	-	1.79%
1999年11月21日	3,116.62	3,028.51	3,151.77	2,975.71	-	2.90%
1999年11月14日	3,028.84	2,891.58	3,034.78	2,869.45	-	4.84%
1999年11月7日	2,888.91	2,732.53	2,889.70	2,725.20	-	4.83%
1999年10月31日	2,755.70	2,637.04	2,765.56	2,612.39	-	4.48%
1999年10月24日	2,637.44	2,488.16	2,651.12	2,423.29	-	6.10%
1999年10月17日	2,485.90	2,401.20	2,523.61	2,299.95	-	3.41%
1999年10月10日	2,403.81	2,556.86	2,586.33	2,382.24	-	-5.93%
1999年10月3日	2,555.36	2,406.45	2,558.10	2,406.45	-	6.28%
1999年9月26日	2,404.45	2,401.27	2,453.94	2,358.22	-	0.20%
1999年9月19日	2,399.58	2,541.16	2,551.66	2,345.22	-	-5.41%
1999年9月12日	2,536.91	2,533.36	2,539.26	2,413.02	-	0.09%
1999年9月5日	2,534.61	2,506.69	2,548.55	2,453.44	-	1.11%
1999年8月29日	2,506.69	2,402.57	2,506.75	2,326.99	-	4.33%
1999年8月22日	2,402.57	2,315.07	2,467.46	2,315.07	-	3.78%
1999年8月15日	2,315.07	2,307.06	2,351.00	2,270.96	-	0.35%
1999年8月8日	2,307.06	2,212.15	2,307.13	2,120.26	-	4.29%
1999年8月1日	2,212.15	2,270.93	2,307.55	2,148.23	-	-2.59%
1999年7月25日	2,270.93	2,302.02	2,338.01	2,233.15	-	-1.35%
1999年7月18日	2,302.02	2,459.50	2,468.42	2,270.00	-	-6.40%
1999年7月11日	2,459.48	2,393.02	2,466.80	2,352.52	-	2.78%
1999年7月4日	2,393.02	2,347.88	2,393.36	2,317.38	-	1.92%
1999年6月27日	2,347.88	2,185.76	2,348.22	2,185.76	-	7.42%
1999年6月20日	2,185.76	2,205.46	2,280.31	2,174.11	-	-0.89%
1999年6月13日	2,205.46	2,062.29	2,206.20	2,020.38	-	6.94%
1999年6月6日	2,062.29	2,109.41	2,158.80	2,057.19	-	-2.23%
1999年5月30日	2,109.41	2,089.70	2,109.47	1,987.40	-	0.94%
1999年5月23日	2,089.70	2,114.40	2,123.47	1,960.55	-	-1.17%
1999年5月16日	2,114.40	2,125.15	2,193.45	2,099.73	-	-0.51%
1999年5月9日	2,125.15	2,117.73	2,239.86	2,109.90	-	0.35%
1999年5月2日	2,117.73	2,136.39	2,170.52	2,047.77	-	-0.87%
1999年4月25日	2,136.39	2,210.45	2,283.55	2,081.67	-	-3.35%
1999年4月18日	2,210.44	2,086.46	2,224.40	1,952.36	-	5.94%
1999年4月11日	2,086.46	2,232.47	2,240.30	2,053.72	-	-6.54%
1999年4月4日	2,232.47	2,146.13	2,251.29	2,146.13	-	4.02%
1999年3月28日	2,146.13	2,067.30	2,168.69	2,067.30	-	3.81%
1999年3月21日	2,067.30	2,053.69	2,096.22	1,943.92	-	0.66%
1999年3月14日	2,053.69	2,009.36	2,121.56	1,999.23	-	2.23%
1999年3月7日	2,008.96	1,969.87	2,070.24	1,969.87	-	1.98%
1999年2月28日	1,969.87	1,925.97	1,985.54	1,870.37	-	2.32%
1999年2月21日	1,925.28	1,931.65	2,055.82	1,914.70	-	-0.33%
1999年2月14日	1,931.59	1,958.60	2,004.64	1,864.90	-	-1.38%
1999年2月7日	1,958.60	1,988.55	2,045.08	1,924.53	-	-1.51%
1999年1月31日	1,988.69	2,127.19	2,150.83	1,963.80	-	-6.51%
1999年1月24日	2,127.19	1,964.21	2,128.19	1,951.29	-	8.30%
1999年1月17日	1,964.21	1,981.62	2,096.27	1,926.70	-	-0.88%
1999年1月10日	1,981.62	1,973.66	2,007.10	1,838.65	-	0.40%
1999年1月3日	1,973.66	1,836.01	2,008.26	1,833.43	-	7.50%
1998年12月27日	1,836.01	1,806.04	1,848.36	1,802.86	-	1.66%
1998年12月20日	1,806.04	1,735.60	1,818.96	1,735.60	-	4.09%
1998年12月13日	1,735.00	1,674.68	1,735.62	1,607.53	-	3.58%
1998年12月6日	1,675.01	1,630.01	1,699.04	1,630.01	-	2.76%
1998年11月29日	1,630.01	1,628.38	1,641.28	1,535.18	-	0.10%
1998年11月22日	1,628.35	1,544.22	1,628.86	1,544.22	-	5.45%
1998年11月15日	1,544.22	1,465.22	1,554.96	1,457.47	-	5.39%
1998年11月8日	1,465.22	1,458.34	1,504.51	1,446.99	-	0.47%
1998年11月1日	1,458.34	1,400.52	1,460.12	1,395.43	-	4.13%
1998年10月25日	1,400.52	1,340.60	1,414.60	1,339.39	-	4.47%
1998年10月18日	1,340.60	1,293.91	1,360.81	1,282.83	-	3.61%
1998年10月11日	1,293.91	1,198.42	1,318.33	1,172.08	-	8.02%
1998年10月4日	1,197.87	1,267.49	1,267.49	1,063.27	-	-6.16%
1998年9月27日	1,276.44	1,390.09	1,413.16	1,228.70	-	-8.18%
1998年9月20日	1,390.09	1,300.70	1,402.75	1,259.30	-	6.87%
1998年9月13日	1,300.70	1,290.20	1,336.52	1,283.08	-	0.81%
1998年9月6日	1,290.20	1,205.41	1,299.50	1,205.41	-	7.03%
1998年8月30日	1,205.41	1,265.04	1,278.82	1,118.12	-	-4.71%
1998年8月23日	1,265.04	1,374.77	1,398.77	1,249.49	-	-7.98%
1998年8月16日	1,374.77	1,330.04	1,421.40	1,322.19	-	3.36%
1998年8月9日	1,330.04	1,364.08	1,375.41	1,316.08	-	-2.49%
1998年8月2日	1,364.07	1,377.26	1,388.56	1,289.91	-	-0.96%
1998年7月26日	1,377.26	1,408.60	1,433.71	1,370.97	-	-2.22%
1998年7月19日	1,408.60	1,463.97	1,485.97	1,385.86	-	-3.78%
1998年7月12日	1,463.97	1,391.11	1,466.13	1,391.11	-	5.24%
1998年7月5日	1,391.11	1,332.53	1,397.26	1,326.07	-	4.40%
1998年6月28日	1,332.53	1,320.94	1,356.16	1,320.94	-	0.88%
1998年6月21日	1,320.94	1,239.71	1,347.44	1,234.18	-	6.55%
1998年6月14日	1,239.71	1,186.99	1,242.54	1,169.14	-	4.44%
1998年6月7日	1,186.99	1,206.70	1,224.40	1,157.88	-	-1.63%
1998年5月31日	1,206.70	1,192.07	1,207.73	1,160.13	-	1.23%
1998年5月24日	1,192.07	1,214.13	1,226.79	1,180.23	-	-1.82%
1998年5月17日	1,214.13	1,249.49	1,259.57	1,210.51	-	-2.83%
1998年5月10日	1,249.49	1,254.03	1,280.28	1,230.58	-	-0.36%
1998年5月3日	1,254.03	1,251.53	1,268.03	1,217.03	-	0.20%
1998年4月26日	1,251.53	1,250.14	1,256.14	1,205.27	-	0.11%
1998年4月19日	1,250.14	1,231.25	1,310.10	1,230.90	-	1.53%